timestamp,value,sensor_id,location_id
2026-07-15 14:36:42.361+00,26.8,0ba3023f7d72ae64498cd359,
2026-07-15 14:30:55.401+00,26.9,0ba3023f7d72ae64498cd359,
2026-07-15 14:28:30.32+00,26.9,0ba3023f7d72ae64498cd359,
2026-07-15 14:26:05.324+00,26.9,0ba3023f7d72ae64498cd359,
2026-07-15 14:23:40.371+00,27,0ba3023f7d72ae64498cd359,
2026-07-15 14:21:15.331+00,27.1,0ba3023f7d72ae64498cd359,
2026-07-15 14:18:50.293+00,27.2,0ba3023f7d72ae64498cd359,
2026-07-15 14:16:25.428+00,27.3,0ba3023f7d72ae64498cd359,
2026-07-15 14:14:00.337+00,27.4,0ba3023f7d72ae64498cd359,
2026-07-15 14:11:35.388+00,27.4,0ba3023f7d72ae64498cd359,
2026-07-15 14:09:10.402+00,27.5,0ba3023f7d72ae64498cd359,
2026-07-15 14:06:45.737+00,27.5,0ba3023f7d72ae64498cd359,
2026-07-15 14:04:20.298+00,27.5,0ba3023f7d72ae64498cd359,
2026-07-15 14:01:55.351+00,27.4,0ba3023f7d72ae64498cd359,
2026-07-15 13:59:30.401+00,27.4,0ba3023f7d72ae64498cd359,
2026-07-15 13:57:05.413+00,27.2,0ba3023f7d72ae64498cd359,
2026-07-15 13:54:40.427+00,27.1,0ba3023f7d72ae64498cd359,
2026-07-15 13:52:15.513+00,27,0ba3023f7d72ae64498cd359,
2026-07-15 13:49:50.371+00,26.9,0ba3023f7d72ae64498cd359,
2026-07-15 13:47:25.424+00,27,0ba3023f7d72ae64498cd359,
2026-07-15 13:45:00.385+00,27,0ba3023f7d72ae64498cd359,
2026-07-15 13:42:35.522+00,27,0ba3023f7d72ae64498cd359,
2026-07-15 13:40:10.479+00,27.1,0ba3023f7d72ae64498cd359,
2026-07-15 13:35:29.804+00,27.1,0ba3023f7d72ae64498cd359,
2026-07-15 13:32:55.411+00,27,0ba3023f7d72ae64498cd359,
2026-07-15 13:30:30.445+00,27.1,0ba3023f7d72ae64498cd359,
2026-07-15 13:28:05.408+00,27.1,0ba3023f7d72ae64498cd359,
2026-07-15 13:25:40.307+00,27.2,0ba3023f7d72ae64498cd359,
2026-07-15 13:23:15.523+00,27.3,0ba3023f7d72ae64498cd359,
2026-07-15 13:20:50.4+00,27.4,0ba3023f7d72ae64498cd359,
2026-07-15 13:18:25.413+00,27.4,0ba3023f7d72ae64498cd359,
2026-07-15 13:16:00.524+00,27.3,0ba3023f7d72ae64498cd359,
2026-07-15 13:13:35.317+00,27.2,0ba3023f7d72ae64498cd359,
2026-07-15 13:11:10.509+00,27.1,0ba3023f7d72ae64498cd359,
2026-07-15 13:08:45.356+00,27,0ba3023f7d72ae64498cd359,
2026-07-15 13:06:20.405+00,27,0ba3023f7d72ae64498cd359,
2026-07-15 13:03:55.517+00,26.9,0ba3023f7d72ae64498cd359,
2026-07-15 13:01:30.447+00,26.9,0ba3023f7d72ae64498cd359,
2026-07-15 12:59:05.292+00,26.8,0ba3023f7d72ae64498cd359,
2026-07-15 12:56:40.304+00,26.8,0ba3023f7d72ae64498cd359,
2026-07-15 12:54:15.334+00,26.9,0ba3023f7d72ae64498cd359,
2026-07-15 12:51:50.413+00,26.9,0ba3023f7d72ae64498cd359,
2026-07-15 12:49:25.296+00,27,0ba3023f7d72ae64498cd359,
2026-07-15 12:47:00.439+00,27.1,0ba3023f7d72ae64498cd359,
2026-07-15 12:44:35.326+00,27.3,0ba3023f7d72ae64498cd359,
2026-07-15 12:42:10.296+00,27.4,0ba3023f7d72ae64498cd359,
2026-07-15 12:39:45.331+00,27.5,0ba3023f7d72ae64498cd359,
2026-07-15 12:37:20.288+00,27.7,0ba3023f7d72ae64498cd359,
2026-07-15 12:34:55.328+00,27.8,0ba3023f7d72ae64498cd359,
2026-07-15 12:32:30.445+00,27.9,0ba3023f7d72ae64498cd359,
2026-07-15 12:30:05.326+00,27.9,0ba3023f7d72ae64498cd359,
2026-07-15 12:27:40.315+00,28,0ba3023f7d72ae64498cd359,
2026-07-15 12:25:15.439+00,28.1,0ba3023f7d72ae64498cd359,
2026-07-15 12:22:50.287+00,28.1,0ba3023f7d72ae64498cd359,
2026-07-15 12:20:25.275+00,28.1,0ba3023f7d72ae64498cd359,
2026-07-15 12:18:00.34+00,28,0ba3023f7d72ae64498cd359,
2026-07-15 12:15:35.703+00,27.8,0ba3023f7d72ae64498cd359,
2026-07-15 12:13:10.28+00,27.6,0ba3023f7d72ae64498cd359,
2026-07-15 12:10:45.346+00,27.6,0ba3023f7d72ae64498cd359,
2026-07-15 12:06:03.252+00,27.8,0ba3023f7d72ae64498cd359,
2026-07-15 12:03:30.321+00,28.1,0ba3023f7d72ae64498cd359,
2026-07-15 12:01:05.508+00,28.4,0ba3023f7d72ae64498cd359,
2026-07-15 11:58:40.728+00,28.5,0ba3023f7d72ae64498cd359,
2026-07-15 11:56:15.302+00,28.7,0ba3023f7d72ae64498cd359,
2026-07-15 11:53:50.356+00,28.9,0ba3023f7d72ae64498cd359,
2026-07-15 11:51:25.325+00,29,0ba3023f7d72ae64498cd359,
2026-07-15 11:49:00.308+00,29.1,0ba3023f7d72ae64498cd359,
2026-07-15 11:46:35.379+00,29.2,0ba3023f7d72ae64498cd359,
2026-07-15 11:44:10.253+00,28.9,0ba3023f7d72ae64498cd359,
2026-07-15 11:41:45.279+00,28.4,0ba3023f7d72ae64498cd359,
2026-07-15 11:39:20.782+00,28.2,0ba3023f7d72ae64498cd359,
2026-07-15 11:36:55.32+00,28.3,0ba3023f7d72ae64498cd359,
2026-07-15 11:34:30.311+00,28.5,0ba3023f7d72ae64498cd359,
2026-07-15 11:32:06.707+00,28.5,0ba3023f7d72ae64498cd359,
2026-07-15 11:27:15.242+00,28.9,0ba3023f7d72ae64498cd359,
2026-07-15 11:24:50.364+00,29.1,0ba3023f7d72ae64498cd359,
2026-07-15 11:22:25.237+00,29.3,0ba3023f7d72ae64498cd359,
2026-07-15 11:20:00.359+00,29.6,0ba3023f7d72ae64498cd359,
2026-07-15 11:17:35.283+00,29.8,0ba3023f7d72ae64498cd359,
2026-07-15 11:15:10.244+00,30,0ba3023f7d72ae64498cd359,
2026-07-15 11:12:45.352+00,30,0ba3023f7d72ae64498cd359,
2026-07-15 11:10:20.346+00,30,0ba3023f7d72ae64498cd359,
2026-07-15 11:07:55.337+00,30,0ba3023f7d72ae64498cd359,
2026-07-15 11:05:30.32+00,29.8,0ba3023f7d72ae64498cd359,
2026-07-15 11:03:05.373+00,29.8,0ba3023f7d72ae64498cd359,
2026-07-15 11:00:40.331+00,30,0ba3023f7d72ae64498cd359,
2026-07-15 10:58:15.439+00,30.2,0ba3023f7d72ae64498cd359,
2026-07-15 10:55:50.363+00,41,0ba3023f7d72ae64498cd359,
2026-07-15 10:53:25.323+00,30.8,0ba3023f7d72ae64498cd359,
2026-07-15 10:51:00.358+00,30.8,0ba3023f7d72ae64498cd359,
2026-07-15 10:48:35.382+00,30.8,0ba3023f7d72ae64498cd359,
2026-07-15 10:46:10.364+00,30.6,0ba3023f7d72ae64498cd359,
2026-07-15 10:43:45.379+00,30.5,0ba3023f7d72ae64498cd359,
2026-07-15 10:41:20.37+00,30.8,0ba3023f7d72ae64498cd359,
2026-07-15 10:38:55.353+00,30.9,0ba3023f7d72ae64498cd359,
2026-07-15 10:36:30.363+00,31.1,0ba3023f7d72ae64498cd359,
2026-07-15 10:34:05.384+00,31.3,0ba3023f7d72ae64498cd359,
2026-07-15 10:31:40.353+00,31.3,0ba3023f7d72ae64498cd359,
2026-07-15 10:29:15.342+00,30.8,0ba3023f7d72ae64498cd359,
2026-07-15 10:26:50.401+00,30.4,0ba3023f7d72ae64498cd359,
2026-07-15 10:24:25.258+00,30.2,0ba3023f7d72ae64498cd359,
2026-07-15 10:22:00.272+00,30.1,0ba3023f7d72ae64498cd359,
2026-07-15 10:19:35.411+00,30.2,0ba3023f7d72ae64498cd359,
2026-07-15 10:17:10.357+00,30.3,0ba3023f7d72ae64498cd359,
2026-07-15 10:14:45.234+00,30,0ba3023f7d72ae64498cd359,
2026-07-15 10:12:20.276+00,30,0ba3023f7d72ae64498cd359,
2026-07-15 10:09:55.263+00,29.7,0ba3023f7d72ae64498cd359,
2026-07-15 10:07:30.259+00,29.7,0ba3023f7d72ae64498cd359,
2026-07-15 10:05:08.149+00,29.9,0ba3023f7d72ae64498cd359,
2026-07-15 10:02:40.244+00,30.2,0ba3023f7d72ae64498cd359,
2026-07-15 10:00:15.21+00,30.4,0ba3023f7d72ae64498cd359,
2026-07-15 09:57:50.298+00,30.5,0ba3023f7d72ae64498cd359,
2026-07-15 09:55:25.229+00,30.6,0ba3023f7d72ae64498cd359,
2026-07-15 09:53:00.383+00,30.6,0ba3023f7d72ae64498cd359,
2026-07-15 09:50:35.288+00,30.4,0ba3023f7d72ae64498cd359,
2026-07-15 09:48:11.377+00,30.4,0ba3023f7d72ae64498cd359,
2026-07-15 09:45:45.27+00,29.5,0ba3023f7d72ae64498cd359,
2026-07-15 09:43:20.272+00,29,0ba3023f7d72ae64498cd359,
2026-07-15 09:40:55.241+00,29.1,0ba3023f7d72ae64498cd359,
2026-07-15 09:38:30.246+00,29.4,0ba3023f7d72ae64498cd359,
2026-07-15 09:36:05.31+00,29.8,0ba3023f7d72ae64498cd359,
2026-07-15 09:33:40.262+00,30.1,0ba3023f7d72ae64498cd359,
2026-07-15 09:31:15.262+00,30.4,0ba3023f7d72ae64498cd359,
2026-07-15 09:28:50.28+00,30.3,0ba3023f7d72ae64498cd359,
2026-07-15 09:26:25.245+00,30.3,0ba3023f7d72ae64498cd359,
2026-07-15 09:24:00.26+00,30.4,0ba3023f7d72ae64498cd359,
2026-07-15 09:21:35.29+00,30.5,0ba3023f7d72ae64498cd359,
2026-07-15 09:19:10.255+00,30.8,0ba3023f7d72ae64498cd359,
2026-07-15 09:16:45.255+00,31,0ba3023f7d72ae64498cd359,
2026-07-15 09:14:20.268+00,31.3,0ba3023f7d72ae64498cd359,
2026-07-15 09:11:55.247+00,31.7,0ba3023f7d72ae64498cd359,
2026-07-15 09:09:30.266+00,32,0ba3023f7d72ae64498cd359,
2026-07-15 09:07:05.253+00,32.3,0ba3023f7d72ae64498cd359,
2026-07-15 09:04:40.201+00,32.4,0ba3023f7d72ae64498cd359,
2026-07-15 08:59:58.37+00,32.3,0ba3023f7d72ae64498cd359,
2026-07-15 08:57:25.197+00,32.4,0ba3023f7d72ae64498cd359,
2026-07-15 08:55:00.203+00,32.4,0ba3023f7d72ae64498cd359,
2026-07-15 08:52:35.237+00,32.9,0ba3023f7d72ae64498cd359,
2026-07-15 08:50:10.191+00,33.3,0ba3023f7d72ae64498cd359,
2026-07-15 08:47:45.214+00,33.6,0ba3023f7d72ae64498cd359,
2026-07-15 08:45:20.213+00,33.6,0ba3023f7d72ae64498cd359,
2026-07-15 08:42:55.189+00,33.4,0ba3023f7d72ae64498cd359,
2026-07-15 08:40:30.185+00,33.2,0ba3023f7d72ae64498cd359,
2026-07-15 08:38:05.227+00,33,0ba3023f7d72ae64498cd359,
2026-07-15 08:35:40.194+00,33.3,0ba3023f7d72ae64498cd359,
2026-07-15 08:33:15.183+00,33.8,0ba3023f7d72ae64498cd359,
2026-07-15 08:30:50.309+00,34,0ba3023f7d72ae64498cd359,
2026-07-15 08:28:25.291+00,34.3,0ba3023f7d72ae64498cd359,
2026-07-15 08:26:00.276+00,34.3,0ba3023f7d72ae64498cd359,
2026-07-15 08:23:35.308+00,33.8,0ba3023f7d72ae64498cd359,
2026-07-15 08:21:10.273+00,33.5,0ba3023f7d72ae64498cd359,
2026-07-15 08:18:45.263+00,33.3,0ba3023f7d72ae64498cd359,
2026-07-15 08:16:20.333+00,33.3,0ba3023f7d72ae64498cd359,
2026-07-15 08:13:55.279+00,32.9,0ba3023f7d72ae64498cd359,
2026-07-15 08:11:30.277+00,32.2,0ba3023f7d72ae64498cd359,
2026-07-15 08:09:05.304+00,31.7,0ba3023f7d72ae64498cd359,
2026-07-15 08:06:40.3+00,31.4,0ba3023f7d72ae64498cd359,
2026-07-15 08:04:15.29+00,30.7,0ba3023f7d72ae64498cd359,
2026-07-15 08:01:50.41+00,29.9,0ba3023f7d72ae64498cd359,
2026-07-15 07:59:25.299+00,29.1,0ba3023f7d72ae64498cd359,
2026-07-15 07:57:00.363+00,28.3,0ba3023f7d72ae64498cd359,
2026-07-15 07:54:35.32+00,27.6,0ba3023f7d72ae64498cd359,
2026-07-15 07:49:58.672+00,26.7,0ba3023f7d72ae64498cd359,
2026-07-15 07:47:20.294+00,25.8,0ba3023f7d72ae64498cd359,
2026-07-15 07:44:55.32+00,24.7,0ba3023f7d72ae64498cd359,
2026-07-15 07:42:30.181+00,23.6,0ba3023f7d72ae64498cd359,
2026-07-15 07:40:05.273+00,22.8,0ba3023f7d72ae64498cd359,
2026-07-15 07:37:40.292+00,21.9,0ba3023f7d72ae64498cd359,
2026-07-15 07:35:15.189+00,21.4,0ba3023f7d72ae64498cd359,
2026-07-15 07:32:50.247+00,21.2,0ba3023f7d72ae64498cd359,
2026-07-15 07:30:25.192+00,21.1,0ba3023f7d72ae64498cd359,
2026-07-15 07:28:00.169+00,20.9,0ba3023f7d72ae64498cd359,
2026-07-15 07:25:35.214+00,20.9,0ba3023f7d72ae64498cd359,
2026-07-15 07:23:10.173+00,20.9,0ba3023f7d72ae64498cd359,
2026-07-15 07:20:45.167+00,20.9,0ba3023f7d72ae64498cd359,
2026-07-15 07:18:20.322+00,20.8,0ba3023f7d72ae64498cd359,
2026-07-15 07:15:55.166+00,66.9,0ba3023f7d72ae64498cd359,
2026-07-15 07:13:30.169+00,20.7,0ba3023f7d72ae64498cd359,
2026-07-15 07:11:05.231+00,20.7,0ba3023f7d72ae64498cd359,
2026-07-15 07:08:40.192+00,20.7,0ba3023f7d72ae64498cd359,
2026-07-15 07:06:15.164+00,20.7,0ba3023f7d72ae64498cd359,
2026-07-15 07:03:50.221+00,20.6,0ba3023f7d72ae64498cd359,
2026-07-15 07:01:25.172+00,20.6,0ba3023f7d72ae64498cd359,
2026-07-15 06:59:00.196+00,20.5,0ba3023f7d72ae64498cd359,
2026-07-15 06:56:35.181+00,68.4,0ba3023f7d72ae64498cd359,
2026-07-15 06:54:10.189+00,20.4,0ba3023f7d72ae64498cd359,
2026-07-15 06:51:45.147+00,20.4,0ba3023f7d72ae64498cd359,
2026-07-15 06:49:20.228+00,20.4,0ba3023f7d72ae64498cd359,
2026-07-15 06:46:55.148+00,20.4,0ba3023f7d72ae64498cd359,
2026-07-15 06:44:30.204+00,20.4,0ba3023f7d72ae64498cd359,
2026-07-15 06:42:05.187+00,20.3,0ba3023f7d72ae64498cd359,
2026-07-15 06:39:40.189+00,20.3,0ba3023f7d72ae64498cd359,
2026-07-15 06:37:15.134+00,20.3,0ba3023f7d72ae64498cd359,
2026-07-15 06:34:51.726+00,20.3,0ba3023f7d72ae64498cd359,
2026-07-15 06:32:25.147+00,20.2,0ba3023f7d72ae64498cd359,
2026-07-15 06:30:00.191+00,20.1,0ba3023f7d72ae64498cd359,
2026-07-15 06:27:35.186+00,20,0ba3023f7d72ae64498cd359,
2026-07-15 06:25:10.175+00,19.9,0ba3023f7d72ae64498cd359,
2026-07-15 06:22:45.143+00,19.8,0ba3023f7d72ae64498cd359,
2026-07-15 06:20:20.153+00,19.8,0ba3023f7d72ae64498cd359,
2026-07-15 06:17:55.156+00,19.7,0ba3023f7d72ae64498cd359,
2026-07-15 06:15:30.13+00,19.6,0ba3023f7d72ae64498cd359,
2026-07-15 06:13:05.164+00,19.6,0ba3023f7d72ae64498cd359,
2026-07-15 06:10:40.132+00,19.5,0ba3023f7d72ae64498cd359,
2026-07-15 06:08:15.132+00,19.4,0ba3023f7d72ae64498cd359,
2026-07-15 06:05:50.157+00,19.4,0ba3023f7d72ae64498cd359,
2026-07-15 06:03:25.13+00,19.2,0ba3023f7d72ae64498cd359,
2026-07-15 06:01:00.134+00,19.1,0ba3023f7d72ae64498cd359,
2026-07-15 05:58:35.158+00,19,0ba3023f7d72ae64498cd359,
2026-07-15 05:56:10.127+00,18.9,0ba3023f7d72ae64498cd359,
2026-07-15 05:53:45.123+00,18.8,0ba3023f7d72ae64498cd359,
2026-07-15 05:51:20.224+00,18.7,0ba3023f7d72ae64498cd359,
2026-07-15 05:48:55.129+00,18.6,0ba3023f7d72ae64498cd359,
2026-07-15 05:46:30.206+00,18.5,0ba3023f7d72ae64498cd359,
2026-07-15 05:44:05.161+00,18.4,0ba3023f7d72ae64498cd359,
2026-07-15 05:41:40.214+00,18.2,0ba3023f7d72ae64498cd359,
2026-07-15 05:39:15.131+00,18.1,0ba3023f7d72ae64498cd359,
2026-07-15 05:36:50.257+00,18.1,0ba3023f7d72ae64498cd359,
2026-07-15 05:34:25.117+00,18,0ba3023f7d72ae64498cd359,
2026-07-15 05:32:00.189+00,18,0ba3023f7d72ae64498cd359,
2026-07-15 05:29:35.152+00,17.9,0ba3023f7d72ae64498cd359,
2026-07-15 05:27:10.214+00,17.9,0ba3023f7d72ae64498cd359,
2026-07-15 05:24:45.132+00,17.9,0ba3023f7d72ae64498cd359,
2026-07-15 05:22:20.229+00,17.9,0ba3023f7d72ae64498cd359,
2026-07-15 05:19:58.739+00,17.9,0ba3023f7d72ae64498cd359,
2026-07-15 05:17:30.213+00,17.8,0ba3023f7d72ae64498cd359,
2026-07-15 05:15:05.134+00,17.8,0ba3023f7d72ae64498cd359,
2026-07-15 05:12:40.21+00,17.9,0ba3023f7d72ae64498cd359,
2026-07-15 05:10:15.116+00,17.9,0ba3023f7d72ae64498cd359,
2026-07-15 05:07:50.251+00,17.9,0ba3023f7d72ae64498cd359,
2026-07-15 05:05:25.102+00,17.9,0ba3023f7d72ae64498cd359,
2026-07-15 05:03:00.126+00,17.9,0ba3023f7d72ae64498cd359,
2026-07-15 05:00:35.168+00,17.9,0ba3023f7d72ae64498cd359,
2026-07-15 04:58:10.118+00,18,0ba3023f7d72ae64498cd359,
2026-07-15 04:55:45.11+00,18,0ba3023f7d72ae64498cd359,
2026-07-15 04:53:20.147+00,18,0ba3023f7d72ae64498cd359,
2026-07-15 04:50:55.109+00,18,0ba3023f7d72ae64498cd359,
2026-07-15 04:48:30.111+00,18,0ba3023f7d72ae64498cd359,
2026-07-15 04:46:05.162+00,18.1,0ba3023f7d72ae64498cd359,
2026-07-15 04:43:40.15+00,18.1,0ba3023f7d72ae64498cd359,
2026-07-15 04:41:15.09+00,18.2,0ba3023f7d72ae64498cd359,
2026-07-15 04:38:50.151+00,18.2,0ba3023f7d72ae64498cd359,
2026-07-15 04:36:25.105+00,18.2,0ba3023f7d72ae64498cd359,
2026-07-15 04:34:00.121+00,18.2,0ba3023f7d72ae64498cd359,
2026-07-15 04:31:35.133+00,18.2,0ba3023f7d72ae64498cd359,
2026-07-15 04:29:10.114+00,18.2,0ba3023f7d72ae64498cd359,
2026-07-15 04:26:45.124+00,18.2,0ba3023f7d72ae64498cd359,
2026-07-15 04:24:20.151+00,18.3,0ba3023f7d72ae64498cd359,
2026-07-15 04:21:55.132+00,18.2,0ba3023f7d72ae64498cd359,
2026-07-15 04:19:31.149+00,18.2,0ba3023f7d72ae64498cd359,
2026-07-15 04:17:05.149+00,18.2,0ba3023f7d72ae64498cd359,
2026-07-15 04:14:40.126+00,18.2,0ba3023f7d72ae64498cd359,
2026-07-15 04:12:15.119+00,18.2,0ba3023f7d72ae64498cd359,
2026-07-15 04:09:53.309+00,18.2,0ba3023f7d72ae64498cd359,
2026-07-15 04:07:25.14+00,18.2,0ba3023f7d72ae64498cd359,
2026-07-15 04:05:00.145+00,18.2,0ba3023f7d72ae64498cd359,
2026-07-15 04:02:35.107+00,18.2,0ba3023f7d72ae64498cd359,
2026-07-15 04:00:10.13+00,18.2,0ba3023f7d72ae64498cd359,
2026-07-15 03:57:45.118+00,18.2,0ba3023f7d72ae64498cd359,
2026-07-15 03:55:20.58+00,18.2,0ba3023f7d72ae64498cd359,
2026-07-15 03:52:55.232+00,18.1,0ba3023f7d72ae64498cd359,
2026-07-15 03:50:30.14+00,18.1,0ba3023f7d72ae64498cd359,
2026-07-15 03:48:05.192+00,18.1,0ba3023f7d72ae64498cd359,
2026-07-15 03:45:40.148+00,18.1,0ba3023f7d72ae64498cd359,
2026-07-15 03:43:15.163+00,18.1,0ba3023f7d72ae64498cd359,
2026-07-15 03:40:50.109+00,18.1,0ba3023f7d72ae64498cd359,
2026-07-15 03:38:25.071+00,18.1,0ba3023f7d72ae64498cd359,
2026-07-15 03:36:00.14+00,18.1,0ba3023f7d72ae64498cd359,
2026-07-15 03:33:35.122+00,18.1,0ba3023f7d72ae64498cd359,
2026-07-15 03:31:10.069+00,18.1,0ba3023f7d72ae64498cd359,
2026-07-15 03:28:45.073+00,18,0ba3023f7d72ae64498cd359,
2026-07-15 03:26:20.099+00,18,0ba3023f7d72ae64498cd359,
2026-07-15 03:23:55.054+00,18,0ba3023f7d72ae64498cd359,
2026-07-15 03:21:30.061+00,18,0ba3023f7d72ae64498cd359,
2026-07-15 03:19:05.085+00,18,0ba3023f7d72ae64498cd359,
2026-07-15 03:16:40.07+00,17.9,0ba3023f7d72ae64498cd359,
2026-07-15 03:14:15.066+00,17.9,0ba3023f7d72ae64498cd359,
2026-07-15 03:11:50.098+00,17.9,0ba3023f7d72ae64498cd359,
2026-07-15 03:09:25.146+00,17.9,0ba3023f7d72ae64498cd359,
2026-07-15 03:07:00.156+00,17.9,0ba3023f7d72ae64498cd359,
2026-07-15 03:04:35.16+00,17.8,0ba3023f7d72ae64498cd359,
2026-07-15 03:02:10.152+00,17.8,0ba3023f7d72ae64498cd359,
2026-07-15 02:59:50.789+00,17.8,0ba3023f7d72ae64498cd359,
2026-07-15 02:57:20.166+00,17.8,0ba3023f7d72ae64498cd359,
2026-07-15 02:54:55.54+00,17.8,0ba3023f7d72ae64498cd359,
2026-07-15 02:52:30.159+00,17.8,0ba3023f7d72ae64498cd359,
2026-07-15 02:50:05.175+00,17.8,0ba3023f7d72ae64498cd359,
2026-07-15 02:47:40.163+00,17.8,0ba3023f7d72ae64498cd359,
2026-07-15 02:45:15.139+00,17.8,0ba3023f7d72ae64498cd359,
2026-07-15 02:42:50.18+00,17.7,0ba3023f7d72ae64498cd359,
2026-07-15 02:40:25.068+00,17.7,0ba3023f7d72ae64498cd359,
2026-07-15 02:38:00.03+00,17.7,0ba3023f7d72ae64498cd359,
2026-07-15 02:35:35.086+00,17.7,0ba3023f7d72ae64498cd359,
2026-07-15 02:33:10.252+00,17.7,0ba3023f7d72ae64498cd359,
2026-07-15 02:30:45.268+00,17.7,0ba3023f7d72ae64498cd359,
2026-07-15 02:28:20.072+00,17.7,0ba3023f7d72ae64498cd359,
2026-07-15 02:25:55.073+00,17.7,0ba3023f7d72ae64498cd359,
2026-07-15 02:23:30.05+00,17.7,0ba3023f7d72ae64498cd359,
2026-07-15 02:21:05.192+00,17.8,0ba3023f7d72ae64498cd359,
2026-07-15 02:18:40.062+00,17.8,0ba3023f7d72ae64498cd359,
2026-07-15 02:16:15.051+00,17.8,0ba3023f7d72ae64498cd359,
2026-07-15 02:13:50.088+00,17.8,0ba3023f7d72ae64498cd359,
2026-07-15 02:11:25.048+00,17.8,0ba3023f7d72ae64498cd359,
2026-07-15 02:09:00.066+00,17.8,0ba3023f7d72ae64498cd359,
2026-07-15 02:06:35.099+00,17.7,0ba3023f7d72ae64498cd359,
2026-07-15 02:04:10.161+00,17.7,0ba3023f7d72ae64498cd359,
2026-07-15 02:01:45.062+00,17.8,0ba3023f7d72ae64498cd359,
2026-07-15 01:59:20.093+00,17.8,0ba3023f7d72ae64498cd359,
2026-07-15 01:56:55.073+00,17.9,0ba3023f7d72ae64498cd359,
2026-07-15 01:54:30.066+00,17.9,0ba3023f7d72ae64498cd359,
2026-07-15 01:52:05.055+00,17.9,0ba3023f7d72ae64498cd359,
2026-07-15 01:49:40.093+00,17.9,0ba3023f7d72ae64498cd359,
2026-07-15 01:47:15.04+00,18,0ba3023f7d72ae64498cd359,
2026-07-15 01:44:50.103+00,18,0ba3023f7d72ae64498cd359,
2026-07-15 01:42:25.077+00,18,0ba3023f7d72ae64498cd359,
2026-07-15 01:40:02.928+00,18.1,0ba3023f7d72ae64498cd359,
2026-07-15 01:37:35.092+00,18.1,0ba3023f7d72ae64498cd359,
2026-07-15 01:35:10.073+00,18.2,0ba3023f7d72ae64498cd359,
2026-07-15 01:32:45.063+00,18.2,0ba3023f7d72ae64498cd359,
2026-07-15 01:30:20.106+00,18.3,0ba3023f7d72ae64498cd359,
2026-07-15 01:27:55.064+00,18.4,0ba3023f7d72ae64498cd359,
2026-07-15 01:25:30.071+00,18.4,0ba3023f7d72ae64498cd359,
2026-07-15 01:23:05.115+00,18.5,0ba3023f7d72ae64498cd359,
2026-07-15 01:20:40.054+00,18.7,0ba3023f7d72ae64498cd359,
2026-07-15 01:18:15.001+00,18.8,0ba3023f7d72ae64498cd359,
2026-07-15 01:15:50.088+00,18.8,0ba3023f7d72ae64498cd359,
2026-07-15 01:13:25.074+00,18.9,0ba3023f7d72ae64498cd359,
2026-07-15 01:11:00.076+00,19,0ba3023f7d72ae64498cd359,
2026-07-15 01:08:35.101+00,19.1,0ba3023f7d72ae64498cd359,
2026-07-15 01:06:10.067+00,19.2,0ba3023f7d72ae64498cd359,
2026-07-15 01:03:45.082+00,19.3,0ba3023f7d72ae64498cd359,
2026-07-15 01:01:20.052+00,19.3,0ba3023f7d72ae64498cd359,
2026-07-15 00:58:55.027+00,19.4,0ba3023f7d72ae64498cd359,
2026-07-15 00:56:30.007+00,19.5,0ba3023f7d72ae64498cd359,
2026-07-15 00:54:05.036+00,19.5,0ba3023f7d72ae64498cd359,
2026-07-15 00:51:40.026+00,19.6,0ba3023f7d72ae64498cd359,
2026-07-15 00:49:15.001+00,19.6,0ba3023f7d72ae64498cd359,
2026-07-15 00:46:50.077+00,19.6,0ba3023f7d72ae64498cd359,
2026-07-15 00:44:25+00,19.6,0ba3023f7d72ae64498cd359,
2026-07-15 00:42:01.36+00,19.6,0ba3023f7d72ae64498cd359,
2026-07-15 00:39:35.069+00,19.7,0ba3023f7d72ae64498cd359,
2026-07-15 00:37:10.471+00,19.7,0ba3023f7d72ae64498cd359,
2026-07-15 00:34:45.019+00,19.7,0ba3023f7d72ae64498cd359,
2026-07-15 00:32:20.04+00,19.6,0ba3023f7d72ae64498cd359,
2026-07-15 00:29:55.016+00,19.6,0ba3023f7d72ae64498cd359,
2026-07-15 00:27:30.016+00,19.6,0ba3023f7d72ae64498cd359,
2026-07-15 00:25:05.04+00,19.6,0ba3023f7d72ae64498cd359,
2026-07-15 00:22:40.039+00,19.6,0ba3023f7d72ae64498cd359,
2026-07-15 00:20:15.077+00,19.6,0ba3023f7d72ae64498cd359,
2026-07-15 00:17:50.036+00,19.6,0ba3023f7d72ae64498cd359,
2026-07-15 00:15:25+00,19.6,0ba3023f7d72ae64498cd359,
2026-07-15 00:12:59.993+00,68.2,0ba3023f7d72ae64498cd359,
2026-07-15 00:10:35.027+00,19.6,0ba3023f7d72ae64498cd359,
2026-07-15 00:08:10.008+00,19.7,0ba3023f7d72ae64498cd359,
2026-07-15 00:05:45.023+00,19.7,0ba3023f7d72ae64498cd359,
2026-07-15 00:03:20.01+00,19.7,0ba3023f7d72ae64498cd359,
2026-07-15 00:00:55.083+00,19.7,0ba3023f7d72ae64498cd359,
2026-07-14 23:58:30.1+00,19.7,0ba3023f7d72ae64498cd359,
2026-07-14 23:56:05.127+00,19.7,0ba3023f7d72ae64498cd359,
2026-07-14 23:53:40.095+00,19.7,0ba3023f7d72ae64498cd359,
2026-07-14 23:51:15.086+00,19.7,0ba3023f7d72ae64498cd359,
2026-07-14 23:48:50.119+00,19.8,0ba3023f7d72ae64498cd359,
2026-07-14 23:46:25.09+00,19.8,0ba3023f7d72ae64498cd359,
2026-07-14 23:43:59.985+00,19.8,0ba3023f7d72ae64498cd359,
2026-07-14 23:41:35.024+00,19.8,0ba3023f7d72ae64498cd359,
2026-07-14 23:39:09.981+00,19.8,0ba3023f7d72ae64498cd359,
2026-07-14 23:36:45.123+00,19.7,0ba3023f7d72ae64498cd359,
2026-07-14 23:34:20.015+00,19.7,0ba3023f7d72ae64498cd359,
2026-07-14 23:31:54.997+00,19.7,0ba3023f7d72ae64498cd359,
2026-07-14 23:29:29.982+00,19.7,0ba3023f7d72ae64498cd359,
2026-07-14 23:27:08.425+00,19.7,0ba3023f7d72ae64498cd359,
2026-07-14 23:22:15.009+00,19.7,0ba3023f7d72ae64498cd359,
2026-07-14 23:19:50.018+00,19.8,0ba3023f7d72ae64498cd359,
2026-07-14 23:17:25.03+00,19.8,0ba3023f7d72ae64498cd359,
2026-07-14 23:15:00.012+00,19.8,0ba3023f7d72ae64498cd359,
2026-07-14 23:12:34.965+00,19.8,0ba3023f7d72ae64498cd359,
2026-07-14 23:10:10.053+00,19.9,0ba3023f7d72ae64498cd359,
2026-07-14 23:07:44.976+00,19.9,0ba3023f7d72ae64498cd359,
2026-07-14 23:05:20+00,20,0ba3023f7d72ae64498cd359,
2026-07-14 23:02:55.032+00,20.1,0ba3023f7d72ae64498cd359,
2026-07-14 23:00:30.01+00,20.1,0ba3023f7d72ae64498cd359,
2026-07-14 22:58:05.013+00,20.2,0ba3023f7d72ae64498cd359,
2026-07-14 22:55:40.05+00,20.2,0ba3023f7d72ae64498cd359,
2026-07-14 22:53:15.015+00,20.2,0ba3023f7d72ae64498cd359,
2026-07-14 22:50:49.958+00,20.2,0ba3023f7d72ae64498cd359,
2026-07-14 22:48:25.03+00,20.3,0ba3023f7d72ae64498cd359,
2026-07-14 22:45:59.974+00,20.3,0ba3023f7d72ae64498cd359,
2026-07-14 22:43:35.005+00,20.4,0ba3023f7d72ae64498cd359,
2026-07-14 22:41:09.982+00,20.4,0ba3023f7d72ae64498cd359,
2026-07-14 22:38:45.012+00,20.4,0ba3023f7d72ae64498cd359,
2026-07-14 22:36:19.963+00,20.4,0ba3023f7d72ae64498cd359,
2026-07-14 22:33:54.986+00,20.4,0ba3023f7d72ae64498cd359,
2026-07-14 22:31:29.949+00,20.4,0ba3023f7d72ae64498cd359,
2026-07-14 22:29:04.933+00,20.4,0ba3023f7d72ae64498cd359,
2026-07-14 22:26:39.969+00,20.4,0ba3023f7d72ae64498cd359,
2026-07-14 22:24:14.944+00,20.5,0ba3023f7d72ae64498cd359,
2026-07-14 22:21:49.936+00,20.5,0ba3023f7d72ae64498cd359,
2026-07-14 22:19:24.969+00,20.6,0ba3023f7d72ae64498cd359,
2026-07-14 22:16:59.94+00,20.6,0ba3023f7d72ae64498cd359,
2026-07-14 22:14:34.947+00,20.6,0ba3023f7d72ae64498cd359,
2026-07-14 22:12:09.97+00,20.6,0ba3023f7d72ae64498cd359,
2026-07-14 22:09:45.02+00,20.7,0ba3023f7d72ae64498cd359,
2026-07-14 22:07:21.37+00,20.7,0ba3023f7d72ae64498cd359,
2026-07-14 22:04:55.051+00,20.7,0ba3023f7d72ae64498cd359,
2026-07-14 22:02:30.751+00,20.7,0ba3023f7d72ae64498cd359,
2026-07-14 22:00:05.016+00,20.8,0ba3023f7d72ae64498cd359,
2026-07-14 21:57:39.981+00,20.8,0ba3023f7d72ae64498cd359,
2026-07-14 21:55:15.035+00,20.8,0ba3023f7d72ae64498cd359,
2026-07-14 21:52:49.938+00,20.8,0ba3023f7d72ae64498cd359,
2026-07-14 21:50:25.053+00,20.9,0ba3023f7d72ae64498cd359,
2026-07-14 21:48:00.025+00,20.9,0ba3023f7d72ae64498cd359,
2026-07-14 21:45:35.033+00,20.9,0ba3023f7d72ae64498cd359,
2026-07-14 21:43:10.057+00,20.9,0ba3023f7d72ae64498cd359,
2026-07-14 21:40:45.038+00,20.9,0ba3023f7d72ae64498cd359,
2026-07-14 21:38:20.018+00,20.9,0ba3023f7d72ae64498cd359,
2026-07-14 21:35:55.057+00,20.9,0ba3023f7d72ae64498cd359,
2026-07-14 21:33:30.029+00,20.9,0ba3023f7d72ae64498cd359,
2026-07-14 21:31:05.124+00,20.9,0ba3023f7d72ae64498cd359,
2026-07-14 21:28:40.067+00,20.9,0ba3023f7d72ae64498cd359,
2026-07-14 21:26:15.023+00,20.9,0ba3023f7d72ae64498cd359,
2026-07-14 21:23:50.028+00,20.9,0ba3023f7d72ae64498cd359,
2026-07-14 21:21:25.067+00,20.8,0ba3023f7d72ae64498cd359,
2026-07-14 21:19:00.036+00,20.8,0ba3023f7d72ae64498cd359,
2026-07-14 21:16:35.022+00,20.9,0ba3023f7d72ae64498cd359,
2026-07-14 21:14:10.045+00,20.9,0ba3023f7d72ae64498cd359,
2026-07-14 21:11:45.039+00,20.9,0ba3023f7d72ae64498cd359,
2026-07-14 21:09:20.025+00,20.9,0ba3023f7d72ae64498cd359,
2026-07-14 21:06:55.054+00,20.9,0ba3023f7d72ae64498cd359,
2026-07-14 21:04:30.013+00,21,0ba3023f7d72ae64498cd359,
2026-07-14 21:02:04.928+00,21,0ba3023f7d72ae64498cd359,
2026-07-14 20:59:39.966+00,21,0ba3023f7d72ae64498cd359,
2026-07-14 20:57:15.316+00,21,0ba3023f7d72ae64498cd359,
2026-07-14 20:54:51.364+00,20.9,0ba3023f7d72ae64498cd359,
2026-07-14 20:52:25.003+00,21,0ba3023f7d72ae64498cd359,
2026-07-14 20:49:59.949+00,21,0ba3023f7d72ae64498cd359,
2026-07-14 20:47:34.937+00,21,0ba3023f7d72ae64498cd359,
2026-07-14 20:45:09.955+00,21,0ba3023f7d72ae64498cd359,
2026-07-14 20:42:44.931+00,20.9,0ba3023f7d72ae64498cd359,
2026-07-14 20:40:19.956+00,20.9,0ba3023f7d72ae64498cd359,
2026-07-14 20:37:54.984+00,20.9,0ba3023f7d72ae64498cd359,
2026-07-14 20:35:29.939+00,20.9,0ba3023f7d72ae64498cd359,
2026-07-14 20:33:04.907+00,20.9,0ba3023f7d72ae64498cd359,
2026-07-14 20:30:39.983+00,20.9,0ba3023f7d72ae64498cd359,
2026-07-14 20:28:14.913+00,20.9,0ba3023f7d72ae64498cd359,
2026-07-14 20:25:49.945+00,20.9,0ba3023f7d72ae64498cd359,
2026-07-14 20:23:24.989+00,20.9,0ba3023f7d72ae64498cd359,
2026-07-14 20:20:59.935+00,20.9,0ba3023f7d72ae64498cd359,
2026-07-14 20:18:35.336+00,21,0ba3023f7d72ae64498cd359,
2026-07-14 20:16:09.986+00,21,0ba3023f7d72ae64498cd359,
2026-07-14 20:13:44.955+00,21,0ba3023f7d72ae64498cd359,
2026-07-14 20:11:19.944+00,21,0ba3023f7d72ae64498cd359,
2026-07-14 20:08:54.974+00,21.1,0ba3023f7d72ae64498cd359,
2026-07-14 20:06:29.943+00,21.1,0ba3023f7d72ae64498cd359,
2026-07-14 20:04:05.055+00,21.1,0ba3023f7d72ae64498cd359,
2026-07-14 20:01:40.339+00,21.1,0ba3023f7d72ae64498cd359,
2026-07-14 19:59:14.897+00,21.1,0ba3023f7d72ae64498cd359,
2026-07-14 19:56:49.897+00,21.1,0ba3023f7d72ae64498cd359,
2026-07-14 19:54:24.942+00,21.1,0ba3023f7d72ae64498cd359,
2026-07-14 19:51:59.903+00,21.1,0ba3023f7d72ae64498cd359,
2026-07-14 19:49:34.887+00,21.1,0ba3023f7d72ae64498cd359,
2026-07-14 19:47:09.93+00,21.1,0ba3023f7d72ae64498cd359,
2026-07-14 19:44:44.901+00,21.2,0ba3023f7d72ae64498cd359,
2026-07-14 19:42:19.939+00,21.2,0ba3023f7d72ae64498cd359,
2026-07-14 19:39:54.935+00,21.3,0ba3023f7d72ae64498cd359,
2026-07-14 19:37:29.908+00,21.3,0ba3023f7d72ae64498cd359,
2026-07-14 19:35:06.132+00,21.3,0ba3023f7d72ae64498cd359,
2026-07-14 19:32:39.915+00,21.4,0ba3023f7d72ae64498cd359,
2026-07-14 19:30:14.895+00,21.4,0ba3023f7d72ae64498cd359,
2026-07-14 19:27:49.891+00,21.4,0ba3023f7d72ae64498cd359,
2026-07-14 19:25:24.982+00,21.5,0ba3023f7d72ae64498cd359,
2026-07-14 19:23:00.071+00,21.5,0ba3023f7d72ae64498cd359,
2026-07-14 19:20:34.96+00,21.5,0ba3023f7d72ae64498cd359,
2026-07-14 19:18:09.987+00,21.6,0ba3023f7d72ae64498cd359,
2026-07-14 19:15:44.963+00,21.6,0ba3023f7d72ae64498cd359,
2026-07-14 19:13:19.871+00,21.6,0ba3023f7d72ae64498cd359,
2026-07-14 19:10:54.991+00,21.6,0ba3023f7d72ae64498cd359,
2026-07-14 19:08:29.963+00,21.6,0ba3023f7d72ae64498cd359,
2026-07-14 19:06:04.97+00,21.7,0ba3023f7d72ae64498cd359,
2026-07-14 19:03:40.1+00,21.7,0ba3023f7d72ae64498cd359,
2026-07-14 19:01:14.985+00,21.8,0ba3023f7d72ae64498cd359,
2026-07-14 18:58:49.978+00,21.8,0ba3023f7d72ae64498cd359,
2026-07-14 18:56:24.987+00,21.9,0ba3023f7d72ae64498cd359,
2026-07-14 18:53:59.974+00,21.9,0ba3023f7d72ae64498cd359,
2026-07-14 18:51:34.972+00,21.9,0ba3023f7d72ae64498cd359,
2026-07-14 18:49:10.05+00,21.9,0ba3023f7d72ae64498cd359,
2026-07-14 18:46:44.972+00,22,0ba3023f7d72ae64498cd359,
2026-07-14 18:44:19.971+00,22.1,0ba3023f7d72ae64498cd359,
2026-07-14 18:41:54.882+00,22.1,0ba3023f7d72ae64498cd359,
2026-07-14 18:39:29.91+00,22.2,0ba3023f7d72ae64498cd359,
2026-07-14 18:37:05.28+00,22.2,0ba3023f7d72ae64498cd359,
2026-07-14 18:34:39.896+00,22.3,0ba3023f7d72ae64498cd359,
2026-07-14 18:32:14.959+00,22.4,0ba3023f7d72ae64498cd359,
2026-07-14 18:29:49.859+00,22.4,0ba3023f7d72ae64498cd359,
2026-07-14 18:27:24.895+00,22.4,0ba3023f7d72ae64498cd359,
2026-07-14 18:24:59.983+00,22.6,0ba3023f7d72ae64498cd359,
2026-07-14 18:22:34.88+00,22.7,0ba3023f7d72ae64498cd359,
2026-07-14 18:20:09.91+00,22.8,0ba3023f7d72ae64498cd359,
2026-07-14 18:17:44.885+00,22.9,0ba3023f7d72ae64498cd359,
2026-07-14 18:15:19.872+00,23,0ba3023f7d72ae64498cd359,
2026-07-14 18:12:56.308+00,23,0ba3023f7d72ae64498cd359,
2026-07-14 18:08:04.863+00,23.2,0ba3023f7d72ae64498cd359,
2026-07-14 18:05:39.916+00,23.3,0ba3023f7d72ae64498cd359,
2026-07-14 18:03:14.882+00,23.4,0ba3023f7d72ae64498cd359,
2026-07-14 18:00:49.875+00,23.5,0ba3023f7d72ae64498cd359,
2026-07-14 17:58:24.933+00,23.6,0ba3023f7d72ae64498cd359,
2026-07-14 17:55:59.854+00,23.6,0ba3023f7d72ae64498cd359,
2026-07-14 17:53:34.865+00,23.7,0ba3023f7d72ae64498cd359,
2026-07-14 17:51:09.9+00,23.7,0ba3023f7d72ae64498cd359,
2026-07-14 17:48:44.858+00,23.8,0ba3023f7d72ae64498cd359,
2026-07-14 17:46:19.881+00,23.8,0ba3023f7d72ae64498cd359,
2026-07-14 17:43:54.872+00,23.8,0ba3023f7d72ae64498cd359,
2026-07-14 17:41:29.897+00,23.8,0ba3023f7d72ae64498cd359,
2026-07-14 17:39:04.9+00,23.9,0ba3023f7d72ae64498cd359,
2026-07-14 17:36:39.916+00,23.8,0ba3023f7d72ae64498cd359,
2026-07-14 17:34:14.903+00,23.8,0ba3023f7d72ae64498cd359,
2026-07-14 17:31:49.899+00,23.9,0ba3023f7d72ae64498cd359,
2026-07-14 17:29:24.871+00,23.9,0ba3023f7d72ae64498cd359,
2026-07-14 17:26:59.831+00,23.9,0ba3023f7d72ae64498cd359,
2026-07-14 17:24:34.828+00,23.9,0ba3023f7d72ae64498cd359,
2026-07-14 17:22:09.867+00,23.9,0ba3023f7d72ae64498cd359,
2026-07-14 17:19:44.839+00,23.9,0ba3023f7d72ae64498cd359,
2026-07-14 17:17:21.515+00,23.9,0ba3023f7d72ae64498cd359,
2026-07-14 17:14:54.866+00,23.8,0ba3023f7d72ae64498cd359,
2026-07-14 17:12:29.829+00,23.8,0ba3023f7d72ae64498cd359,
2026-07-14 17:10:04.839+00,23.7,0ba3023f7d72ae64498cd359,
2026-07-14 17:07:39.87+00,23.6,0ba3023f7d72ae64498cd359,
2026-07-14 17:05:14.858+00,23.5,0ba3023f7d72ae64498cd359,
2026-07-14 17:02:49.826+00,23.4,0ba3023f7d72ae64498cd359,
2026-07-14 17:00:24.939+00,23.4,0ba3023f7d72ae64498cd359,
2026-07-14 16:57:59.896+00,23.4,0ba3023f7d72ae64498cd359,
2026-07-14 16:55:34.888+00,23.4,0ba3023f7d72ae64498cd359,
2026-07-14 16:53:09.959+00,23.4,0ba3023f7d72ae64498cd359,
2026-07-14 16:50:44.983+00,23.4,0ba3023f7d72ae64498cd359,
2026-07-14 16:48:19.915+00,23.4,0ba3023f7d72ae64498cd359,
2026-07-14 16:45:54.936+00,23.4,0ba3023f7d72ae64498cd359,
2026-07-14 16:43:29.813+00,23.3,0ba3023f7d72ae64498cd359,
2026-07-14 16:41:04.911+00,23.3,0ba3023f7d72ae64498cd359,
2026-07-14 16:38:39.881+00,23.2,0ba3023f7d72ae64498cd359,
2026-07-14 16:36:14.895+00,23.2,0ba3023f7d72ae64498cd359,
2026-07-14 16:33:49.918+00,23.2,0ba3023f7d72ae64498cd359,
2026-07-14 16:31:24.953+00,23.3,0ba3023f7d72ae64498cd359,
2026-07-14 16:28:59.826+00,23.4,0ba3023f7d72ae64498cd359,
2026-07-14 16:26:34.911+00,23.4,0ba3023f7d72ae64498cd359,
2026-07-14 16:24:09.969+00,23.4,0ba3023f7d72ae64498cd359,
2026-07-14 16:21:44.91+00,23.4,0ba3023f7d72ae64498cd359,
2026-07-14 16:19:19.905+00,23.4,0ba3023f7d72ae64498cd359,
2026-07-14 16:16:54.943+00,23.5,0ba3023f7d72ae64498cd359,
2026-07-14 16:14:29.822+00,23.5,0ba3023f7d72ae64498cd359,
2026-07-14 16:09:51.842+00,23.5,0ba3023f7d72ae64498cd359,
2026-07-14 16:07:14.908+00,23.6,0ba3023f7d72ae64498cd359,
2026-07-14 16:04:49.91+00,23.6,0ba3023f7d72ae64498cd359,
2026-07-14 16:02:24.93+00,23.7,0ba3023f7d72ae64498cd359,
2026-07-14 15:59:59.915+00,23.8,0ba3023f7d72ae64498cd359,
2026-07-14 15:57:34.934+00,23.9,0ba3023f7d72ae64498cd359,
2026-07-14 15:55:09.951+00,24,0ba3023f7d72ae64498cd359,
2026-07-14 15:52:44.927+00,24.1,0ba3023f7d72ae64498cd359,
2026-07-14 15:50:19.906+00,24.1,0ba3023f7d72ae64498cd359,
2026-07-14 15:47:54.85+00,24.2,0ba3023f7d72ae64498cd359,
2026-07-14 15:45:29.818+00,24.3,0ba3023f7d72ae64498cd359,
2026-07-14 15:43:04.807+00,24.4,0ba3023f7d72ae64498cd359,
2026-07-14 15:40:39.868+00,24.5,0ba3023f7d72ae64498cd359,
2026-07-14 15:38:14.831+00,24.6,0ba3023f7d72ae64498cd359,
2026-07-14 15:35:49.81+00,24.7,0ba3023f7d72ae64498cd359,
2026-07-14 15:33:24.955+00,24.9,0ba3023f7d72ae64498cd359,
2026-07-14 15:30:59.841+00,25.1,0ba3023f7d72ae64498cd359,
2026-07-14 15:28:34.797+00,25.2,0ba3023f7d72ae64498cd359,
2026-07-14 15:26:09.86+00,25.2,0ba3023f7d72ae64498cd359,
2026-07-14 15:23:44.835+00,25.3,0ba3023f7d72ae64498cd359,
2026-07-14 15:21:19.826+00,25.4,0ba3023f7d72ae64498cd359,
2026-07-14 15:18:54.833+00,25.6,0ba3023f7d72ae64498cd359,
2026-07-14 15:16:29.824+00,25.7,0ba3023f7d72ae64498cd359,
2026-07-14 15:14:04.789+00,25.8,0ba3023f7d72ae64498cd359,
2026-07-14 15:11:39.853+00,25.9,0ba3023f7d72ae64498cd359,
2026-07-14 15:09:14.83+00,26,0ba3023f7d72ae64498cd359,
2026-07-14 15:06:49.82+00,26.1,0ba3023f7d72ae64498cd359,
2026-07-14 15:04:24.873+00,26.2,0ba3023f7d72ae64498cd359,
2026-07-14 15:01:59.82+00,26.2,0ba3023f7d72ae64498cd359,
2026-07-14 14:59:34.817+00,26.2,0ba3023f7d72ae64498cd359,
2026-07-14 14:57:09.849+00,26.2,0ba3023f7d72ae64498cd359,
2026-07-14 14:54:44.836+00,26.2,0ba3023f7d72ae64498cd359,
2026-07-14 14:52:19.815+00,26.2,0ba3023f7d72ae64498cd359,
2026-07-14 14:49:58.534+00,26.2,0ba3023f7d72ae64498cd359,
2026-07-14 14:47:29.763+00,26.2,0ba3023f7d72ae64498cd359,
2026-07-14 14:45:04.798+00,26.2,0ba3023f7d72ae64498cd359,
2026-07-14 14:42:39.825+00,26.4,0ba3023f7d72ae64498cd359,
2026-07-14 14:40:14.791+00,26.5,0ba3023f7d72ae64498cd359,
2026-07-14 14:37:49.804+00,26.6,0ba3023f7d72ae64498cd359,
2026-07-14 14:35:24.825+00,26.7,0ba3023f7d72ae64498cd359,
2026-07-14 14:32:59.778+00,26.7,0ba3023f7d72ae64498cd359,
2026-07-14 14:30:34.784+00,26.8,0ba3023f7d72ae64498cd359,
2026-07-14 14:28:09.871+00,26.9,0ba3023f7d72ae64498cd359,
2026-07-14 14:25:44.785+00,27,0ba3023f7d72ae64498cd359,
2026-07-14 14:23:19.773+00,27.2,0ba3023f7d72ae64498cd359,
2026-07-14 14:20:54.812+00,27.3,0ba3023f7d72ae64498cd359,
2026-07-14 14:18:29.839+00,27.5,0ba3023f7d72ae64498cd359,
2026-07-14 14:16:04.799+00,27.7,0ba3023f7d72ae64498cd359,
2026-07-14 14:13:39.864+00,27.9,0ba3023f7d72ae64498cd359,
2026-07-14 14:11:14.772+00,28.1,0ba3023f7d72ae64498cd359,
2026-07-14 14:08:49.817+00,28.3,0ba3023f7d72ae64498cd359,
2026-07-14 14:06:24.891+00,28.4,0ba3023f7d72ae64498cd359,
2026-07-14 14:03:59.83+00,28.6,0ba3023f7d72ae64498cd359,
2026-07-14 14:01:34.843+00,28.8,0ba3023f7d72ae64498cd359,
2026-07-14 13:59:09.878+00,29,0ba3023f7d72ae64498cd359,
2026-07-14 13:56:44.838+00,29.1,0ba3023f7d72ae64498cd359,
2026-07-14 13:54:19.84+00,29.2,0ba3023f7d72ae64498cd359,
2026-07-14 13:51:54.883+00,29.3,0ba3023f7d72ae64498cd359,
2026-07-14 13:49:29.915+00,29.4,0ba3023f7d72ae64498cd359,
2026-07-14 13:47:04.833+00,29.5,0ba3023f7d72ae64498cd359,
2026-07-14 13:44:39.867+00,29.7,0ba3023f7d72ae64498cd359,
2026-07-14 13:42:14.845+00,29.8,0ba3023f7d72ae64498cd359,
2026-07-14 13:39:49.776+00,29.8,0ba3023f7d72ae64498cd359,
2026-07-14 13:37:24.872+00,29.9,0ba3023f7d72ae64498cd359,
2026-07-14 13:34:59.853+00,30,0ba3023f7d72ae64498cd359,
2026-07-14 13:32:34.851+00,30.1,0ba3023f7d72ae64498cd359,
2026-07-14 13:30:09.879+00,30.2,0ba3023f7d72ae64498cd359,
2026-07-14 13:27:44.951+00,30.4,0ba3023f7d72ae64498cd359,
2026-07-14 13:25:19.849+00,30.5,0ba3023f7d72ae64498cd359,
2026-07-14 13:22:54.877+00,30.7,0ba3023f7d72ae64498cd359,
2026-07-14 13:20:29.845+00,30.7,0ba3023f7d72ae64498cd359,
2026-07-14 13:18:05.303+00,30.9,0ba3023f7d72ae64498cd359,
2026-07-14 13:15:39.872+00,31,0ba3023f7d72ae64498cd359,
2026-07-14 13:13:14.852+00,31.1,0ba3023f7d72ae64498cd359,
2026-07-14 13:10:49.862+00,31,0ba3023f7d72ae64498cd359,
2026-07-14 13:08:24.92+00,30.9,0ba3023f7d72ae64498cd359,
2026-07-14 13:05:59.87+00,30.7,0ba3023f7d72ae64498cd359,
2026-07-14 13:03:34.741+00,30.7,0ba3023f7d72ae64498cd359,
2026-07-14 13:01:09.781+00,30.8,0ba3023f7d72ae64498cd359,
2026-07-14 12:58:44.775+00,30.8,0ba3023f7d72ae64498cd359,
2026-07-14 12:56:19.787+00,30.9,0ba3023f7d72ae64498cd359,
2026-07-14 12:53:54.788+00,30.9,0ba3023f7d72ae64498cd359,
2026-07-14 12:51:29.847+00,30.9,0ba3023f7d72ae64498cd359,
2026-07-14 12:49:04.727+00,30.8,0ba3023f7d72ae64498cd359,
2026-07-14 12:46:39.782+00,30.8,0ba3023f7d72ae64498cd359,
2026-07-14 12:44:14.753+00,30.6,0ba3023f7d72ae64498cd359,
2026-07-14 12:41:49.752+00,30.6,0ba3023f7d72ae64498cd359,
2026-07-14 12:39:24.792+00,30.6,0ba3023f7d72ae64498cd359,
2026-07-14 12:36:59.795+00,30.6,0ba3023f7d72ae64498cd359,
2026-07-14 12:34:34.781+00,30.6,0ba3023f7d72ae64498cd359,
2026-07-14 12:32:09.782+00,30.6,0ba3023f7d72ae64498cd359,
2026-07-14 12:29:44.76+00,30.5,0ba3023f7d72ae64498cd359,
2026-07-14 12:27:20.176+00,30.5,0ba3023f7d72ae64498cd359,
2026-07-14 12:24:54.767+00,30.6,0ba3023f7d72ae64498cd359,
2026-07-14 12:22:29.73+00,30.6,0ba3023f7d72ae64498cd359,
2026-07-14 12:20:06.787+00,30.6,0ba3023f7d72ae64498cd359,
2026-07-14 12:17:39.791+00,30.6,0ba3023f7d72ae64498cd359,
2026-07-14 12:15:14.756+00,30.6,0ba3023f7d72ae64498cd359,
2026-07-14 12:12:49.717+00,41.4,0ba3023f7d72ae64498cd359,
2026-07-14 12:10:26.611+00,30.5,0ba3023f7d72ae64498cd359,
2026-07-14 12:07:59.724+00,30.4,0ba3023f7d72ae64498cd359,
2026-07-14 12:05:34.711+00,30.5,0ba3023f7d72ae64498cd359,
2026-07-14 12:03:09.764+00,30.5,0ba3023f7d72ae64498cd359,
2026-07-14 12:00:44.777+00,30.5,0ba3023f7d72ae64498cd359,
2026-07-14 11:58:19.726+00,30.4,0ba3023f7d72ae64498cd359,
2026-07-14 11:55:54.76+00,30.4,0ba3023f7d72ae64498cd359,
2026-07-14 11:53:29.716+00,30.5,0ba3023f7d72ae64498cd359,
2026-07-14 11:51:04.767+00,30.6,0ba3023f7d72ae64498cd359,
2026-07-14 11:48:39.775+00,30.8,0ba3023f7d72ae64498cd359,
2026-07-14 11:46:17.404+00,31,0ba3023f7d72ae64498cd359,
2026-07-14 11:43:49.716+00,31.2,0ba3023f7d72ae64498cd359,
2026-07-14 11:41:24.78+00,31.5,0ba3023f7d72ae64498cd359,
2026-07-14 11:38:59.73+00,31.7,0ba3023f7d72ae64498cd359,
2026-07-14 11:36:34.799+00,31.9,0ba3023f7d72ae64498cd359,
2026-07-14 11:34:09.763+00,32.2,0ba3023f7d72ae64498cd359,
2026-07-14 11:31:44.779+00,32.5,0ba3023f7d72ae64498cd359,
2026-07-14 11:29:19.779+00,32.8,0ba3023f7d72ae64498cd359,
2026-07-14 11:26:54.826+00,33,0ba3023f7d72ae64498cd359,
2026-07-14 11:24:29.789+00,33.2,0ba3023f7d72ae64498cd359,
2026-07-14 11:22:04.778+00,33.5,0ba3023f7d72ae64498cd359,
2026-07-14 11:19:39.832+00,33.7,0ba3023f7d72ae64498cd359,
2026-07-14 11:17:14.794+00,33.9,0ba3023f7d72ae64498cd359,
2026-07-14 11:14:49.775+00,34,0ba3023f7d72ae64498cd359,
2026-07-14 11:12:24.823+00,34,0ba3023f7d72ae64498cd359,
2026-07-14 11:10:01.533+00,34,0ba3023f7d72ae64498cd359,
2026-07-14 11:07:34.77+00,33.9,0ba3023f7d72ae64498cd359,
2026-07-14 11:05:09.819+00,33.5,0ba3023f7d72ae64498cd359,
2026-07-14 11:02:44.786+00,33.1,0ba3023f7d72ae64498cd359,
2026-07-14 11:00:19.792+00,33.1,0ba3023f7d72ae64498cd359,
2026-07-14 10:57:54.845+00,33.4,0ba3023f7d72ae64498cd359,
2026-07-14 10:55:29.719+00,33.7,0ba3023f7d72ae64498cd359,
2026-07-14 10:53:04.84+00,34,0ba3023f7d72ae64498cd359,
2026-07-14 10:50:39.743+00,34.2,0ba3023f7d72ae64498cd359,
2026-07-14 10:48:14.691+00,34.2,0ba3023f7d72ae64498cd359,
2026-07-14 10:45:49.915+00,34,0ba3023f7d72ae64498cd359,
2026-07-14 10:43:24.824+00,33.9,0ba3023f7d72ae64498cd359,
2026-07-14 10:40:59.901+00,34,0ba3023f7d72ae64498cd359,
2026-07-14 10:38:34.799+00,34.2,0ba3023f7d72ae64498cd359,
2026-07-14 10:36:09.859+00,34.5,0ba3023f7d72ae64498cd359,
2026-07-14 10:33:44.809+00,34.5,0ba3023f7d72ae64498cd359,
2026-07-14 10:31:19.796+00,34.4,0ba3023f7d72ae64498cd359,
2026-07-14 10:28:54.821+00,34.3,0ba3023f7d72ae64498cd359,
2026-07-14 10:26:29.801+00,34.3,0ba3023f7d72ae64498cd359,
2026-07-14 10:24:04.805+00,34.1,0ba3023f7d72ae64498cd359,
2026-07-14 10:21:39.863+00,33.7,0ba3023f7d72ae64498cd359,
2026-07-14 10:19:14.914+00,33.2,0ba3023f7d72ae64498cd359,
2026-07-14 10:16:49.686+00,32.6,0ba3023f7d72ae64498cd359,
2026-07-14 10:14:24.73+00,32.1,0ba3023f7d72ae64498cd359,
2026-07-14 10:12:01.485+00,31.7,0ba3023f7d72ae64498cd359,
2026-07-14 10:09:34.706+00,31.4,0ba3023f7d72ae64498cd359,
2026-07-14 10:07:09.725+00,31.5,0ba3023f7d72ae64498cd359,
2026-07-14 10:04:44.718+00,31.7,0ba3023f7d72ae64498cd359,
2026-07-14 10:02:19.772+00,32,0ba3023f7d72ae64498cd359,
2026-07-14 09:59:54.781+00,32.3,0ba3023f7d72ae64498cd359,
2026-07-14 09:57:29.727+00,32.3,0ba3023f7d72ae64498cd359,
2026-07-14 09:55:05.338+00,32.7,0ba3023f7d72ae64498cd359,
2026-07-14 09:52:39.793+00,33.1,0ba3023f7d72ae64498cd359,
2026-07-14 09:50:14.711+00,33.6,0ba3023f7d72ae64498cd359,
2026-07-14 09:47:49.735+00,34.2,0ba3023f7d72ae64498cd359,
2026-07-14 09:45:24.737+00,34.8,0ba3023f7d72ae64498cd359,
2026-07-14 09:42:59.723+00,35.1,0ba3023f7d72ae64498cd359,
2026-07-14 09:40:34.7+00,35.4,0ba3023f7d72ae64498cd359,
2026-07-14 09:38:09.75+00,35.6,0ba3023f7d72ae64498cd359,
2026-07-14 09:35:44.725+00,35.8,0ba3023f7d72ae64498cd359,
2026-07-14 09:33:19.806+00,36,0ba3023f7d72ae64498cd359,
2026-07-14 09:30:54.76+00,36.1,0ba3023f7d72ae64498cd359,
2026-07-14 09:28:29.666+00,36,0ba3023f7d72ae64498cd359,
2026-07-14 09:26:04.733+00,35.8,0ba3023f7d72ae64498cd359,
2026-07-14 09:23:39.695+00,35.5,0ba3023f7d72ae64498cd359,
2026-07-14 09:21:14.68+00,35.1,0ba3023f7d72ae64498cd359,
2026-07-14 09:18:49.662+00,34.7,0ba3023f7d72ae64498cd359,
2026-07-14 09:16:24.747+00,34.2,0ba3023f7d72ae64498cd359,
2026-07-14 09:13:59.72+00,34,0ba3023f7d72ae64498cd359,
2026-07-14 09:11:34.708+00,33.8,0ba3023f7d72ae64498cd359,
2026-07-14 09:09:09.693+00,33.7,0ba3023f7d72ae64498cd359,
2026-07-14 09:06:44.66+00,33.6,0ba3023f7d72ae64498cd359,
2026-07-14 09:04:19.664+00,33.4,0ba3023f7d72ae64498cd359,
2026-07-14 09:01:55.764+00,33.4,0ba3023f7d72ae64498cd359,
2026-07-14 08:59:29.654+00,33.2,0ba3023f7d72ae64498cd359,
2026-07-14 08:57:04.725+00,32.7,0ba3023f7d72ae64498cd359,
2026-07-14 08:54:39.735+00,32.4,0ba3023f7d72ae64498cd359,
2026-07-14 08:52:14.667+00,32.1,0ba3023f7d72ae64498cd359,
2026-07-14 08:49:49.719+00,32.1,0ba3023f7d72ae64498cd359,
2026-07-14 08:47:26.32+00,32.1,0ba3023f7d72ae64498cd359,
2026-07-14 08:44:59.713+00,31.9,0ba3023f7d72ae64498cd359,
2026-07-14 08:42:34.731+00,31.6,0ba3023f7d72ae64498cd359,
2026-07-14 08:40:09.824+00,31,0ba3023f7d72ae64498cd359,
2026-07-14 08:37:44.71+00,30.6,0ba3023f7d72ae64498cd359,
2026-07-14 08:35:19.737+00,30.4,0ba3023f7d72ae64498cd359,
2026-07-14 08:32:54.769+00,30.1,0ba3023f7d72ae64498cd359,
2026-07-14 08:30:29.712+00,29.7,0ba3023f7d72ae64498cd359,
2026-07-14 08:28:04.724+00,29.2,0ba3023f7d72ae64498cd359,
2026-07-14 08:25:39.753+00,28.8,0ba3023f7d72ae64498cd359,
2026-07-14 08:23:14.717+00,28.7,0ba3023f7d72ae64498cd359,
2026-07-14 08:20:49.735+00,28.7,0ba3023f7d72ae64498cd359,
2026-07-14 08:18:26.131+00,28.7,0ba3023f7d72ae64498cd359,
2026-07-14 08:16:02.032+00,28.7,0ba3023f7d72ae64498cd359,
2026-07-14 08:13:37.4+00,28.8,0ba3023f7d72ae64498cd359,
2026-07-14 08:11:09.761+00,29.1,0ba3023f7d72ae64498cd359,
2026-07-14 08:08:44.714+00,29.4,0ba3023f7d72ae64498cd359,
2026-07-14 08:06:19.738+00,29.6,0ba3023f7d72ae64498cd359,
2026-07-14 08:03:54.784+00,29.8,0ba3023f7d72ae64498cd359,
2026-07-14 08:01:29.632+00,30,0ba3023f7d72ae64498cd359,
2026-07-14 07:59:04.704+00,30.2,0ba3023f7d72ae64498cd359,
2026-07-14 07:56:39.657+00,30.4,0ba3023f7d72ae64498cd359,
2026-07-14 07:54:14.737+00,30.6,0ba3023f7d72ae64498cd359,
2026-07-14 07:51:49.726+00,30.8,0ba3023f7d72ae64498cd359,
2026-07-14 07:49:24.784+00,31,0ba3023f7d72ae64498cd359,
2026-07-14 07:46:59.73+00,30.9,0ba3023f7d72ae64498cd359,
2026-07-14 07:44:34.729+00,30.6,0ba3023f7d72ae64498cd359,
2026-07-14 07:42:09.926+00,30.6,0ba3023f7d72ae64498cd359,
2026-07-14 07:39:46.765+00,29.8,0ba3023f7d72ae64498cd359,
2026-07-14 07:37:19.733+00,29,0ba3023f7d72ae64498cd359,
2026-07-14 07:34:54.66+00,28.5,0ba3023f7d72ae64498cd359,
2026-07-14 07:32:29.632+00,28.3,0ba3023f7d72ae64498cd359,
2026-07-14 07:30:04.62+00,27.4,0ba3023f7d72ae64498cd359,
2026-07-14 07:27:39.672+00,27,0ba3023f7d72ae64498cd359,
2026-07-14 07:25:14.648+00,26.7,0ba3023f7d72ae64498cd359,
2026-07-14 07:22:49.636+00,26.3,0ba3023f7d72ae64498cd359,
2026-07-14 07:20:24.77+00,25.4,0ba3023f7d72ae64498cd359,
2026-07-14 07:17:59.643+00,24.6,0ba3023f7d72ae64498cd359,
2026-07-14 07:15:34.64+00,24.2,0ba3023f7d72ae64498cd359,
2026-07-14 07:13:09.699+00,24.1,0ba3023f7d72ae64498cd359,
2026-07-14 07:10:44.647+00,24.1,0ba3023f7d72ae64498cd359,
2026-07-14 07:08:19.668+00,24.1,0ba3023f7d72ae64498cd359,
2026-07-14 07:05:54.683+00,24,0ba3023f7d72ae64498cd359,
2026-07-14 07:03:29.643+00,24,0ba3023f7d72ae64498cd359,
2026-07-14 07:01:04.639+00,24,0ba3023f7d72ae64498cd359,
2026-07-14 06:58:39.675+00,23.9,0ba3023f7d72ae64498cd359,
2026-07-14 06:56:14.637+00,23.9,0ba3023f7d72ae64498cd359,
2026-07-14 06:53:49.627+00,23.9,0ba3023f7d72ae64498cd359,
2026-07-14 06:51:24.677+00,23.8,0ba3023f7d72ae64498cd359,
2026-07-14 06:48:59.633+00,23.7,0ba3023f7d72ae64498cd359,
2026-07-14 06:46:34.648+00,23.6,0ba3023f7d72ae64498cd359,
2026-07-14 06:44:09.698+00,23.5,0ba3023f7d72ae64498cd359,
2026-07-14 06:41:44.649+00,23.4,0ba3023f7d72ae64498cd359,
2026-07-14 06:39:19.664+00,23.3,0ba3023f7d72ae64498cd359,
2026-07-14 06:36:54.654+00,23.1,0ba3023f7d72ae64498cd359,
2026-07-14 06:34:29.64+00,22.9,0ba3023f7d72ae64498cd359,
2026-07-14 06:32:04.607+00,22.8,0ba3023f7d72ae64498cd359,
2026-07-14 06:29:39.615+00,22.6,0ba3023f7d72ae64498cd359,
2026-07-14 06:24:57.418+00,22.4,0ba3023f7d72ae64498cd359,
2026-07-14 06:22:24.644+00,22.4,0ba3023f7d72ae64498cd359,
2026-07-14 06:19:59.636+00,22.3,0ba3023f7d72ae64498cd359,
2026-07-14 06:17:34.591+00,22.2,0ba3023f7d72ae64498cd359,
2026-07-14 06:15:09.605+00,22.2,0ba3023f7d72ae64498cd359,
2026-07-14 06:12:44.629+00,22.1,0ba3023f7d72ae64498cd359,
2026-07-14 06:10:19.594+00,22.1,0ba3023f7d72ae64498cd359,
2026-07-14 06:07:54.691+00,22.1,0ba3023f7d72ae64498cd359,
2026-07-14 06:05:29.693+00,22,0ba3023f7d72ae64498cd359,
2026-07-14 06:03:04.577+00,21.9,0ba3023f7d72ae64498cd359,
2026-07-14 06:00:39.633+00,21.8,0ba3023f7d72ae64498cd359,
2026-07-14 05:58:14.691+00,21.7,0ba3023f7d72ae64498cd359,
2026-07-14 05:55:49.638+00,21.6,0ba3023f7d72ae64498cd359,
2026-07-14 05:53:24.644+00,21.5,0ba3023f7d72ae64498cd359,
2026-07-14 05:50:59.696+00,21.4,0ba3023f7d72ae64498cd359,
2026-07-14 05:48:34.656+00,21.4,0ba3023f7d72ae64498cd359,
2026-07-14 05:46:09.659+00,21.4,0ba3023f7d72ae64498cd359,
2026-07-14 05:43:44.691+00,21.4,0ba3023f7d72ae64498cd359,
2026-07-14 05:41:19.768+00,21.3,0ba3023f7d72ae64498cd359,
2026-07-14 05:38:54.979+00,21.3,0ba3023f7d72ae64498cd359,
2026-07-14 05:36:29.713+00,21.3,0ba3023f7d72ae64498cd359,
2026-07-14 05:34:04.676+00,21.2,0ba3023f7d72ae64498cd359,
2026-07-14 05:31:39.664+00,21.1,0ba3023f7d72ae64498cd359,
2026-07-14 05:29:14.699+00,21,0ba3023f7d72ae64498cd359,
2026-07-14 05:26:49.68+00,20.9,0ba3023f7d72ae64498cd359,
2026-07-14 05:24:24.679+00,20.9,0ba3023f7d72ae64498cd359,
2026-07-14 05:21:59.709+00,20.9,0ba3023f7d72ae64498cd359,
2026-07-14 05:19:34.714+00,20.8,0ba3023f7d72ae64498cd359,
2026-07-14 05:17:10.052+00,20.8,0ba3023f7d72ae64498cd359,
2026-07-14 05:14:44.652+00,20.8,0ba3023f7d72ae64498cd359,
2026-07-14 05:12:19.575+00,20.8,0ba3023f7d72ae64498cd359,
2026-07-14 05:09:56.603+00,20.8,0ba3023f7d72ae64498cd359,
2026-07-14 05:07:29.611+00,20.6,0ba3023f7d72ae64498cd359,
2026-07-14 05:05:04.676+00,20.6,0ba3023f7d72ae64498cd359,
2026-07-14 05:02:39.66+00,20.6,0ba3023f7d72ae64498cd359,
2026-07-14 05:00:14.702+00,20.6,0ba3023f7d72ae64498cd359,
2026-07-14 04:57:49.653+00,20.6,0ba3023f7d72ae64498cd359,
2026-07-14 04:55:24.669+00,20.5,0ba3023f7d72ae64498cd359,
2026-07-14 04:52:59.689+00,20.5,0ba3023f7d72ae64498cd359,
2026-07-14 04:50:34.704+00,20.5,0ba3023f7d72ae64498cd359,
2026-07-14 04:48:09.66+00,20.4,0ba3023f7d72ae64498cd359,
2026-07-14 04:45:44.725+00,20.4,0ba3023f7d72ae64498cd359,
2026-07-14 04:43:19.666+00,20.4,0ba3023f7d72ae64498cd359,
2026-07-14 04:40:54.663+00,20.3,0ba3023f7d72ae64498cd359,
2026-07-14 04:38:29.717+00,20.3,0ba3023f7d72ae64498cd359,
2026-07-14 04:36:04.574+00,63.6,0ba3023f7d72ae64498cd359,
2026-07-14 04:33:39.6+00,20.3,0ba3023f7d72ae64498cd359,
2026-07-14 04:31:14.634+00,20.2,0ba3023f7d72ae64498cd359,
2026-07-14 04:28:49.577+00,20.2,0ba3023f7d72ae64498cd359,
2026-07-14 04:26:24.579+00,20.2,0ba3023f7d72ae64498cd359,
2026-07-14 04:23:59.605+00,20.2,0ba3023f7d72ae64498cd359,
2026-07-14 04:21:34.709+00,20.1,0ba3023f7d72ae64498cd359,
2026-07-14 04:19:09.569+00,20.1,0ba3023f7d72ae64498cd359,
2026-07-14 04:16:44.648+00,20,0ba3023f7d72ae64498cd359,
2026-07-14 04:14:19.559+00,20,0ba3023f7d72ae64498cd359,
2026-07-14 04:11:54.665+00,20,0ba3023f7d72ae64498cd359,
2026-07-14 04:09:29.678+00,20,0ba3023f7d72ae64498cd359,
2026-07-14 04:07:04.592+00,20,0ba3023f7d72ae64498cd359,
2026-07-14 04:04:39.578+00,20,0ba3023f7d72ae64498cd359,
2026-07-14 04:02:16.545+00,20,0ba3023f7d72ae64498cd359,
2026-07-14 03:59:49.583+00,19.9,0ba3023f7d72ae64498cd359,
2026-07-14 03:57:24.568+00,19.9,0ba3023f7d72ae64498cd359,
2026-07-14 03:54:59.595+00,19.9,0ba3023f7d72ae64498cd359,
2026-07-14 03:52:34.555+00,19.8,0ba3023f7d72ae64498cd359,
2026-07-14 03:50:09.564+00,19.7,0ba3023f7d72ae64498cd359,
2026-07-14 03:47:44.597+00,19.7,0ba3023f7d72ae64498cd359,
2026-07-14 03:45:19.549+00,19.6,0ba3023f7d72ae64498cd359,
2026-07-14 03:42:54.556+00,19.6,0ba3023f7d72ae64498cd359,
2026-07-14 03:40:29.662+00,19.6,0ba3023f7d72ae64498cd359,
2026-07-14 03:38:04.567+00,19.6,0ba3023f7d72ae64498cd359,
2026-07-14 03:35:39.542+00,19.5,0ba3023f7d72ae64498cd359,
2026-07-14 03:33:14.597+00,19.5,0ba3023f7d72ae64498cd359,
2026-07-14 03:30:49.549+00,19.5,0ba3023f7d72ae64498cd359,
2026-07-14 03:28:24.542+00,19.5,0ba3023f7d72ae64498cd359,
2026-07-14 03:25:59.561+00,19.5,0ba3023f7d72ae64498cd359,
2026-07-14 03:23:34.592+00,19.5,0ba3023f7d72ae64498cd359,
2026-07-14 03:21:09.568+00,19.5,0ba3023f7d72ae64498cd359,
2026-07-14 03:18:44.614+00,19.6,0ba3023f7d72ae64498cd359,
2026-07-14 03:16:19.545+00,19.6,0ba3023f7d72ae64498cd359,
2026-07-14 03:13:54.602+00,19.6,0ba3023f7d72ae64498cd359,
2026-07-14 03:11:29.574+00,19.6,0ba3023f7d72ae64498cd359,
2026-07-14 03:09:04.528+00,19.6,0ba3023f7d72ae64498cd359,
2026-07-14 03:06:39.543+00,19.5,0ba3023f7d72ae64498cd359,
2026-07-14 03:04:14.561+00,19.6,0ba3023f7d72ae64498cd359,
2026-07-14 03:01:49.525+00,19.6,0ba3023f7d72ae64498cd359,
2026-07-14 02:59:24.536+00,19.6,0ba3023f7d72ae64498cd359,
2026-07-14 02:57:00.854+00,19.6,0ba3023f7d72ae64498cd359,
2026-07-14 02:54:34.594+00,19.6,0ba3023f7d72ae64498cd359,
2026-07-14 02:52:10.376+00,19.6,0ba3023f7d72ae64498cd359,
2026-07-14 02:49:44.709+00,19.6,0ba3023f7d72ae64498cd359,
2026-07-14 02:47:19.536+00,19.6,0ba3023f7d72ae64498cd359,
2026-07-14 02:44:54.532+00,19.6,0ba3023f7d72ae64498cd359,
2026-07-14 02:42:29.561+00,19.6,0ba3023f7d72ae64498cd359,
2026-07-14 02:40:04.714+00,19.6,0ba3023f7d72ae64498cd359,
2026-07-14 02:37:39.519+00,19.6,0ba3023f7d72ae64498cd359,
2026-07-14 02:35:14.632+00,19.6,0ba3023f7d72ae64498cd359,
2026-07-14 02:32:49.536+00,19.6,0ba3023f7d72ae64498cd359,
2026-07-14 02:30:24.599+00,19.6,0ba3023f7d72ae64498cd359,
2026-07-14 02:27:59.562+00,19.6,0ba3023f7d72ae64498cd359,
2026-07-14 02:25:34.612+00,19.6,0ba3023f7d72ae64498cd359,
2026-07-14 02:23:09.509+00,19.6,0ba3023f7d72ae64498cd359,
2026-07-14 02:20:44.657+00,19.6,0ba3023f7d72ae64498cd359,
2026-07-14 02:18:19.505+00,19.7,0ba3023f7d72ae64498cd359,
2026-07-14 02:15:54.605+00,19.7,0ba3023f7d72ae64498cd359,
2026-07-14 02:13:29.533+00,19.7,0ba3023f7d72ae64498cd359,
2026-07-14 02:11:04.607+00,19.7,0ba3023f7d72ae64498cd359,
2026-07-14 02:08:39.515+00,19.7,0ba3023f7d72ae64498cd359,
2026-07-14 02:06:14.652+00,19.7,0ba3023f7d72ae64498cd359,
2026-07-14 02:03:49.514+00,19.7,0ba3023f7d72ae64498cd359,
2026-07-14 02:01:24.609+00,19.8,0ba3023f7d72ae64498cd359,
2026-07-14 01:58:59.53+00,19.8,0ba3023f7d72ae64498cd359,
2026-07-14 01:56:34.63+00,19.8,0ba3023f7d72ae64498cd359,
2026-07-14 01:54:09.519+00,19.8,0ba3023f7d72ae64498cd359,
2026-07-14 01:51:44.643+00,19.8,0ba3023f7d72ae64498cd359,
2026-07-14 01:49:19.523+00,19.8,0ba3023f7d72ae64498cd359,
2026-07-14 01:46:54.51+00,19.8,0ba3023f7d72ae64498cd359,
2026-07-14 01:44:29.56+00,19.8,0ba3023f7d72ae64498cd359,
2026-07-14 01:42:04.51+00,19.9,0ba3023f7d72ae64498cd359,
2026-07-14 01:39:39.624+00,19.9,0ba3023f7d72ae64498cd359,
2026-07-14 01:37:14.538+00,19.9,0ba3023f7d72ae64498cd359,
2026-07-14 01:34:50.002+00,19.9,0ba3023f7d72ae64498cd359,
2026-07-14 01:32:24.546+00,20,0ba3023f7d72ae64498cd359,
2026-07-14 01:29:59.548+00,19.9,0ba3023f7d72ae64498cd359,
2026-07-14 01:27:34.549+00,20,0ba3023f7d72ae64498cd359,
2026-07-14 01:25:09.509+00,20,0ba3023f7d72ae64498cd359,
2026-07-14 01:22:44.535+00,20,0ba3023f7d72ae64498cd359,
2026-07-14 01:20:19.497+00,19.9,0ba3023f7d72ae64498cd359,
2026-07-14 01:17:54.511+00,19.9,0ba3023f7d72ae64498cd359,
2026-07-14 01:15:29.523+00,19.9,0ba3023f7d72ae64498cd359,
2026-07-14 01:13:04.496+00,19.9,0ba3023f7d72ae64498cd359,
2026-07-14 01:10:39.492+00,19.9,0ba3023f7d72ae64498cd359,
2026-07-14 01:08:14.514+00,19.9,0ba3023f7d72ae64498cd359,
2026-07-14 01:05:49.522+00,19.9,0ba3023f7d72ae64498cd359,
2026-07-14 01:03:24.493+00,19.9,0ba3023f7d72ae64498cd359,
2026-07-14 01:00:59.554+00,19.9,0ba3023f7d72ae64498cd359,
2026-07-14 00:58:34.511+00,19.9,0ba3023f7d72ae64498cd359,
2026-07-14 00:56:09.541+00,19.9,0ba3023f7d72ae64498cd359,
2026-07-14 00:53:44.558+00,20,0ba3023f7d72ae64498cd359,
2026-07-14 00:51:19.535+00,19.9,0ba3023f7d72ae64498cd359,
2026-07-14 00:48:54.52+00,20,0ba3023f7d72ae64498cd359,
2026-07-14 00:46:29.571+00,20,0ba3023f7d72ae64498cd359,
2026-07-14 00:44:04.528+00,20,0ba3023f7d72ae64498cd359,
2026-07-14 00:41:39.552+00,20,0ba3023f7d72ae64498cd359,
2026-07-14 00:39:14.566+00,19.9,0ba3023f7d72ae64498cd359,
2026-07-14 00:36:49.528+00,19.9,0ba3023f7d72ae64498cd359,
2026-07-14 00:34:24.53+00,19.9,0ba3023f7d72ae64498cd359,
2026-07-14 00:31:59.578+00,20,0ba3023f7d72ae64498cd359,
2026-07-14 00:29:34.537+00,20,0ba3023f7d72ae64498cd359,
2026-07-14 00:24:53.15+00,20,0ba3023f7d72ae64498cd359,
2026-07-14 00:22:19.538+00,20.1,0ba3023f7d72ae64498cd359,
2026-07-14 00:19:54.531+00,20.1,0ba3023f7d72ae64498cd359,
2026-07-14 00:17:29.578+00,20.2,0ba3023f7d72ae64498cd359,
2026-07-14 00:15:04.553+00,20.2,0ba3023f7d72ae64498cd359,
2026-07-14 00:12:39.547+00,20.3,0ba3023f7d72ae64498cd359,
2026-07-14 00:10:14.587+00,20.3,0ba3023f7d72ae64498cd359,
2026-07-14 00:07:49.545+00,20.4,0ba3023f7d72ae64498cd359,
2026-07-14 00:05:24.546+00,20.6,0ba3023f7d72ae64498cd359,
2026-07-14 00:02:59.56+00,20.6,0ba3023f7d72ae64498cd359,
2026-07-14 00:00:34.551+00,20.7,0ba3023f7d72ae64498cd359,
2026-07-13 23:58:09.529+00,20.8,0ba3023f7d72ae64498cd359,
2026-07-13 23:55:44.574+00,20.8,0ba3023f7d72ae64498cd359,
2026-07-13 23:53:19.549+00,20.8,0ba3023f7d72ae64498cd359,
2026-07-13 23:50:54.553+00,20.8,0ba3023f7d72ae64498cd359,
2026-07-13 23:48:29.591+00,20.9,0ba3023f7d72ae64498cd359,
2026-07-13 23:46:04.543+00,20.9,0ba3023f7d72ae64498cd359,
2026-07-13 23:43:39.569+00,20.9,0ba3023f7d72ae64498cd359,
2026-07-13 23:41:14.494+00,21,0ba3023f7d72ae64498cd359,
2026-07-13 23:38:49.456+00,21,0ba3023f7d72ae64498cd359,
2026-07-13 23:36:24.551+00,21,0ba3023f7d72ae64498cd359,
2026-07-13 23:33:59.581+00,21.1,0ba3023f7d72ae64498cd359,
2026-07-13 23:31:34.573+00,21.1,0ba3023f7d72ae64498cd359,
2026-07-13 23:29:09.577+00,21.2,0ba3023f7d72ae64498cd359,
2026-07-13 23:26:44.587+00,21.2,0ba3023f7d72ae64498cd359,
2026-07-13 23:24:19.55+00,21.3,0ba3023f7d72ae64498cd359,
2026-07-13 23:21:54.556+00,21.3,0ba3023f7d72ae64498cd359,
2026-07-13 23:19:29.587+00,21.4,0ba3023f7d72ae64498cd359,
2026-07-13 23:17:04.557+00,21.4,0ba3023f7d72ae64498cd359,
2026-07-13 23:14:39.568+00,21.5,0ba3023f7d72ae64498cd359,
2026-07-13 23:12:14.59+00,21.5,0ba3023f7d72ae64498cd359,
2026-07-13 23:09:50.887+00,21.5,0ba3023f7d72ae64498cd359,
2026-07-13 23:07:24.757+00,21.6,0ba3023f7d72ae64498cd359,
2026-07-13 23:04:59.577+00,21.6,0ba3023f7d72ae64498cd359,
2026-07-13 23:02:34.566+00,21.6,0ba3023f7d72ae64498cd359,
2026-07-13 23:00:09.567+00,21.7,0ba3023f7d72ae64498cd359,
2026-07-13 22:57:44.492+00,21.8,0ba3023f7d72ae64498cd359,
2026-07-13 22:55:19.463+00,21.8,0ba3023f7d72ae64498cd359,
2026-07-13 22:52:54.455+00,21.8,0ba3023f7d72ae64498cd359,
2026-07-13 22:50:29.509+00,21.8,0ba3023f7d72ae64498cd359,
2026-07-13 22:48:04.431+00,21.9,0ba3023f7d72ae64498cd359,
2026-07-13 22:45:39.443+00,21.9,0ba3023f7d72ae64498cd359,
2026-07-13 22:43:14.47+00,21.9,0ba3023f7d72ae64498cd359,
2026-07-13 22:40:49.449+00,21.9,0ba3023f7d72ae64498cd359,
2026-07-13 22:38:24.453+00,21.9,0ba3023f7d72ae64498cd359,
2026-07-13 22:35:59.805+00,21.9,0ba3023f7d72ae64498cd359,
2026-07-13 22:33:34.456+00,21.9,0ba3023f7d72ae64498cd359,
2026-07-13 22:31:09.458+00,22,0ba3023f7d72ae64498cd359,
2026-07-13 22:28:44.466+00,22.1,0ba3023f7d72ae64498cd359,
2026-07-13 22:26:19.431+00,22.1,0ba3023f7d72ae64498cd359,
2026-07-13 22:23:54.464+00,22.2,0ba3023f7d72ae64498cd359,
2026-07-13 22:21:29.501+00,22.2,0ba3023f7d72ae64498cd359,
2026-07-13 22:19:04.432+00,22.3,0ba3023f7d72ae64498cd359,
2026-07-13 22:16:39.43+00,22.3,0ba3023f7d72ae64498cd359,
2026-07-13 22:14:14.45+00,22.4,0ba3023f7d72ae64498cd359,
2026-07-13 22:11:49.464+00,22.4,0ba3023f7d72ae64498cd359,
2026-07-13 22:09:24.472+00,22.5,0ba3023f7d72ae64498cd359,
2026-07-13 22:06:59.483+00,22.5,0ba3023f7d72ae64498cd359,
2026-07-13 22:04:34.451+00,22.5,0ba3023f7d72ae64498cd359,
2026-07-13 22:02:09.469+00,22.5,0ba3023f7d72ae64498cd359,
2026-07-13 21:59:44.494+00,22.6,0ba3023f7d72ae64498cd359,
2026-07-13 21:57:19.477+00,22.6,0ba3023f7d72ae64498cd359,
2026-07-13 21:52:38.617+00,22.6,0ba3023f7d72ae64498cd359,
2026-07-13 21:50:04.557+00,22.6,0ba3023f7d72ae64498cd359,
2026-07-13 21:47:39.477+00,22.6,0ba3023f7d72ae64498cd359,
2026-07-13 21:45:14.506+00,22.7,0ba3023f7d72ae64498cd359,
2026-07-13 21:42:49.577+00,22.7,0ba3023f7d72ae64498cd359,
2026-07-13 21:40:24.481+00,22.7,0ba3023f7d72ae64498cd359,
2026-07-13 21:37:59.504+00,22.8,0ba3023f7d72ae64498cd359,
2026-07-13 21:35:34.474+00,22.8,0ba3023f7d72ae64498cd359,
2026-07-13 21:33:09.481+00,22.8,0ba3023f7d72ae64498cd359,
2026-07-13 21:30:44.517+00,22.8,0ba3023f7d72ae64498cd359,
2026-07-13 21:28:19.412+00,22.9,0ba3023f7d72ae64498cd359,
2026-07-13 21:25:54.418+00,22.9,0ba3023f7d72ae64498cd359,
2026-07-13 21:23:29.515+00,23,0ba3023f7d72ae64498cd359,
2026-07-13 21:21:04.499+00,23,0ba3023f7d72ae64498cd359,
2026-07-13 21:18:39.477+00,23,0ba3023f7d72ae64498cd359,
2026-07-13 21:16:14.511+00,23.1,0ba3023f7d72ae64498cd359,
2026-07-13 21:13:49.483+00,23.1,0ba3023f7d72ae64498cd359,
2026-07-13 21:11:24.495+00,23.1,0ba3023f7d72ae64498cd359,
2026-07-13 21:08:59.529+00,23.2,0ba3023f7d72ae64498cd359,
2026-07-13 21:06:34.486+00,23.2,0ba3023f7d72ae64498cd359,
2026-07-13 21:04:09.479+00,23.2,0ba3023f7d72ae64498cd359,
2026-07-13 21:01:44.529+00,23.2,0ba3023f7d72ae64498cd359,
2026-07-13 20:59:19.401+00,23.3,0ba3023f7d72ae64498cd359,
2026-07-13 20:56:54.498+00,23.3,0ba3023f7d72ae64498cd359,
2026-07-13 20:54:29.529+00,23.4,0ba3023f7d72ae64498cd359,
2026-07-13 20:52:04.5+00,23.4,0ba3023f7d72ae64498cd359,
2026-07-13 20:49:39.507+00,23.4,0ba3023f7d72ae64498cd359,
2026-07-13 20:47:15.816+00,23.4,0ba3023f7d72ae64498cd359,
2026-07-13 20:42:24.502+00,23.5,0ba3023f7d72ae64498cd359,
2026-07-13 20:39:59.514+00,23.6,0ba3023f7d72ae64498cd359,
2026-07-13 20:37:34.53+00,23.6,0ba3023f7d72ae64498cd359,
2026-07-13 20:35:09.608+00,23.7,0ba3023f7d72ae64498cd359,
2026-07-13 20:32:44.493+00,23.7,0ba3023f7d72ae64498cd359,
2026-07-13 20:30:19.546+00,23.8,0ba3023f7d72ae64498cd359,
2026-07-13 20:27:54.516+00,23.8,0ba3023f7d72ae64498cd359,
2026-07-13 20:25:29.497+00,23.9,0ba3023f7d72ae64498cd359,
2026-07-13 20:23:05.462+00,23.9,0ba3023f7d72ae64498cd359,
2026-07-13 20:20:39.397+00,24,0ba3023f7d72ae64498cd359,
2026-07-13 20:18:14.406+00,24,0ba3023f7d72ae64498cd359,
2026-07-13 20:15:49.432+00,24.1,0ba3023f7d72ae64498cd359,
2026-07-13 20:13:24.394+00,24.1,0ba3023f7d72ae64498cd359,
2026-07-13 20:10:59.383+00,24.2,0ba3023f7d72ae64498cd359,
2026-07-13 20:08:34.408+00,24.3,0ba3023f7d72ae64498cd359,
2026-07-13 20:06:09.472+00,24.3,0ba3023f7d72ae64498cd359,
2026-07-13 20:03:44.387+00,24.4,0ba3023f7d72ae64498cd359,
2026-07-13 20:01:19.426+00,24.5,0ba3023f7d72ae64498cd359,
2026-07-13 19:58:54.384+00,24.6,0ba3023f7d72ae64498cd359,
2026-07-13 19:56:29.372+00,24.7,0ba3023f7d72ae64498cd359,
2026-07-13 19:54:04.418+00,24.7,0ba3023f7d72ae64498cd359,
2026-07-13 19:51:39.502+00,24.8,0ba3023f7d72ae64498cd359,
2026-07-13 19:49:14.397+00,24.9,0ba3023f7d72ae64498cd359,
2026-07-13 19:46:49.424+00,25,0ba3023f7d72ae64498cd359,
2026-07-13 19:44:24.361+00,25.1,0ba3023f7d72ae64498cd359,
2026-07-13 19:41:59.381+00,25.2,0ba3023f7d72ae64498cd359,
2026-07-13 19:39:34.445+00,25.3,0ba3023f7d72ae64498cd359,
2026-07-13 19:37:09.414+00,25.4,0ba3023f7d72ae64498cd359,
2026-07-13 19:34:44.375+00,25.5,0ba3023f7d72ae64498cd359,
2026-07-13 19:32:19.452+00,25.6,0ba3023f7d72ae64498cd359,
2026-07-13 19:29:54.444+00,25.7,0ba3023f7d72ae64498cd359,
2026-07-13 19:27:29.413+00,25.8,0ba3023f7d72ae64498cd359,
2026-07-13 19:25:04.467+00,25.9,0ba3023f7d72ae64498cd359,
2026-07-13 19:22:39.413+00,26,0ba3023f7d72ae64498cd359,
2026-07-13 19:20:14.414+00,26.1,0ba3023f7d72ae64498cd359,
2026-07-13 19:17:49.403+00,26.2,0ba3023f7d72ae64498cd359,
2026-07-13 19:15:24.356+00,26.3,0ba3023f7d72ae64498cd359,
2026-07-13 19:12:59.368+00,26.4,0ba3023f7d72ae64498cd359,
2026-07-13 19:10:34.452+00,26.4,0ba3023f7d72ae64498cd359,
2026-07-13 19:08:09.407+00,26.5,0ba3023f7d72ae64498cd359,
2026-07-13 19:05:44.441+00,26.5,0ba3023f7d72ae64498cd359,
2026-07-13 19:03:19.731+00,26.6,0ba3023f7d72ae64498cd359,
2026-07-13 19:00:54.406+00,26.7,0ba3023f7d72ae64498cd359,
2026-07-13 18:58:29.441+00,26.8,0ba3023f7d72ae64498cd359,
2026-07-13 18:56:04.442+00,26.9,0ba3023f7d72ae64498cd359,
2026-07-13 18:53:39.425+00,26.9,0ba3023f7d72ae64498cd359,
2026-07-13 18:51:14.409+00,27,0ba3023f7d72ae64498cd359,
2026-07-13 18:48:49.446+00,27.1,0ba3023f7d72ae64498cd359,
2026-07-13 18:46:24.515+00,27.1,0ba3023f7d72ae64498cd359,
2026-07-13 18:43:59.436+00,27.2,0ba3023f7d72ae64498cd359,
2026-07-13 18:41:34.477+00,27.2,0ba3023f7d72ae64498cd359,
2026-07-13 18:39:09.425+00,27.3,0ba3023f7d72ae64498cd359,
2026-07-13 18:36:44.429+00,27.4,0ba3023f7d72ae64498cd359,
2026-07-13 18:34:19.439+00,27.4,0ba3023f7d72ae64498cd359,
2026-07-13 18:31:54.468+00,27.5,0ba3023f7d72ae64498cd359,
2026-07-13 18:29:29.438+00,27.5,0ba3023f7d72ae64498cd359,
2026-07-13 18:27:04.455+00,27.6,0ba3023f7d72ae64498cd359,
2026-07-13 18:24:39.427+00,27.6,0ba3023f7d72ae64498cd359,
2026-07-13 18:22:14.341+00,27.6,0ba3023f7d72ae64498cd359,
2026-07-13 18:19:50.667+00,27.6,0ba3023f7d72ae64498cd359,
2026-07-13 18:14:59.338+00,27.7,0ba3023f7d72ae64498cd359,
2026-07-13 18:12:34.438+00,27.8,0ba3023f7d72ae64498cd359,
2026-07-13 18:10:09.42+00,27.9,0ba3023f7d72ae64498cd359,
2026-07-13 18:07:44.443+00,27.9,0ba3023f7d72ae64498cd359,
2026-07-13 18:05:19.463+00,28,0ba3023f7d72ae64498cd359,
2026-07-13 18:02:54.434+00,28,0ba3023f7d72ae64498cd359,
2026-07-13 17:58:16.914+00,28.1,0ba3023f7d72ae64498cd359,
2026-07-13 17:55:39.329+00,28.2,0ba3023f7d72ae64498cd359,
2026-07-13 17:53:14.366+00,28.3,0ba3023f7d72ae64498cd359,
2026-07-13 17:50:49.349+00,28.4,0ba3023f7d72ae64498cd359,
2026-07-13 17:48:24.329+00,28.4,0ba3023f7d72ae64498cd359,
2026-07-13 17:45:59.497+00,28.5,0ba3023f7d72ae64498cd359,
2026-07-13 17:43:34.355+00,28.6,0ba3023f7d72ae64498cd359,
2026-07-13 17:41:09.349+00,28.6,0ba3023f7d72ae64498cd359,
2026-07-13 17:38:49.388+00,28.7,0ba3023f7d72ae64498cd359,
2026-07-13 17:36:19.309+00,28.8,0ba3023f7d72ae64498cd359,
2026-07-13 17:33:54.311+00,28.8,0ba3023f7d72ae64498cd359,
2026-07-13 17:31:29.358+00,28.8,0ba3023f7d72ae64498cd359,
2026-07-13 17:29:04.341+00,28.8,0ba3023f7d72ae64498cd359,
2026-07-13 17:26:39.623+00,28.9,0ba3023f7d72ae64498cd359,
2026-07-13 17:24:14.34+00,28.9,0ba3023f7d72ae64498cd359,
2026-07-13 17:19:38.066+00,29,0ba3023f7d72ae64498cd359,
2026-07-13 17:16:59.344+00,29.1,0ba3023f7d72ae64498cd359,
2026-07-13 17:14:34.327+00,29.2,0ba3023f7d72ae64498cd359,
2026-07-13 17:12:09.316+00,29.2,0ba3023f7d72ae64498cd359,
2026-07-13 17:09:44.336+00,29.2,0ba3023f7d72ae64498cd359,
2026-07-13 17:07:19.307+00,29.3,0ba3023f7d72ae64498cd359,
2026-07-13 17:04:54.55+00,29.3,0ba3023f7d72ae64498cd359,
2026-07-13 17:02:29.352+00,29.3,0ba3023f7d72ae64498cd359,
2026-07-13 17:00:09.834+00,29.4,0ba3023f7d72ae64498cd359,
2026-07-13 16:57:39.348+00,29.4,0ba3023f7d72ae64498cd359,
2026-07-13 16:55:14.366+00,29.4,0ba3023f7d72ae64498cd359,
2026-07-13 16:52:49.354+00,29.5,0ba3023f7d72ae64498cd359,
2026-07-13 16:50:24.286+00,29.6,0ba3023f7d72ae64498cd359,
2026-07-13 16:47:59.373+00,29.6,0ba3023f7d72ae64498cd359,
2026-07-13 16:45:35.66+00,29.6,0ba3023f7d72ae64498cd359,
2026-07-13 16:40:44.371+00,29.6,0ba3023f7d72ae64498cd359,
2026-07-13 16:38:19.353+00,29.7,0ba3023f7d72ae64498cd359,
2026-07-13 16:35:54.358+00,29.7,0ba3023f7d72ae64498cd359,
2026-07-13 16:33:29.385+00,29.7,0ba3023f7d72ae64498cd359,
2026-07-13 16:31:04.362+00,29.7,0ba3023f7d72ae64498cd359,
2026-07-13 16:28:39.391+00,29.8,0ba3023f7d72ae64498cd359,
2026-07-13 16:26:14.398+00,29.9,0ba3023f7d72ae64498cd359,
2026-07-13 16:23:49.361+00,30.1,0ba3023f7d72ae64498cd359,
2026-07-13 16:21:24.372+00,30.1,0ba3023f7d72ae64498cd359,
2026-07-13 16:19:03.13+00,30.1,0ba3023f7d72ae64498cd359,
2026-07-13 16:16:34.368+00,30.2,0ba3023f7d72ae64498cd359,
2026-07-13 16:14:09.348+00,30.2,0ba3023f7d72ae64498cd359,
2026-07-13 16:11:44.397+00,30.2,0ba3023f7d72ae64498cd359,
2026-07-13 16:09:19.371+00,30.2,0ba3023f7d72ae64498cd359,
2026-07-13 16:06:54.367+00,30.3,0ba3023f7d72ae64498cd359,
2026-07-13 16:04:30.707+00,30.3,0ba3023f7d72ae64498cd359,
2026-07-13 15:59:39.405+00,30.2,0ba3023f7d72ae64498cd359,
2026-07-13 15:57:14.348+00,30.2,0ba3023f7d72ae64498cd359,
2026-07-13 15:54:49.399+00,30.3,0ba3023f7d72ae64498cd359,
2026-07-13 15:52:24.381+00,30.3,0ba3023f7d72ae64498cd359,
2026-07-13 15:49:59.487+00,30.4,0ba3023f7d72ae64498cd359,
2026-07-13 15:47:34.403+00,30.5,0ba3023f7d72ae64498cd359,
2026-07-13 15:42:54.312+00,30.6,0ba3023f7d72ae64498cd359,
2026-07-13 15:40:19.403+00,30.7,0ba3023f7d72ae64498cd359,
2026-07-13 15:37:54.368+00,30.6,0ba3023f7d72ae64498cd359,
2026-07-13 15:35:29.37+00,30.6,0ba3023f7d72ae64498cd359,
2026-07-13 15:33:04.411+00,30.5,0ba3023f7d72ae64498cd359,
2026-07-13 15:30:39.272+00,30.5,0ba3023f7d72ae64498cd359,
2026-07-13 15:28:14.3+00,30.5,0ba3023f7d72ae64498cd359,
2026-07-13 15:25:49.415+00,30.5,0ba3023f7d72ae64498cd359,
2026-07-13 15:23:26.469+00,30.6,0ba3023f7d72ae64498cd359,
2026-07-13 15:20:59.263+00,30.5,0ba3023f7d72ae64498cd359,
2026-07-13 15:18:34.335+00,30.5,0ba3023f7d72ae64498cd359,
2026-07-13 15:16:09.28+00,30.5,0ba3023f7d72ae64498cd359,
2026-07-13 15:13:44.277+00,30.6,0ba3023f7d72ae64498cd359,
2026-07-13 15:11:19.319+00,30.6,0ba3023f7d72ae64498cd359,
2026-07-13 15:08:54.352+00,30.6,0ba3023f7d72ae64498cd359,
2026-07-13 15:06:29.274+00,30.5,0ba3023f7d72ae64498cd359,
2026-07-13 15:04:04.314+00,30.5,0ba3023f7d72ae64498cd359,
2026-07-13 15:01:39.296+00,30.4,0ba3023f7d72ae64498cd359,
2026-07-13 14:59:14.272+00,30.4,0ba3023f7d72ae64498cd359,
2026-07-13 14:56:49.308+00,30.4,0ba3023f7d72ae64498cd359,
2026-07-13 14:54:24.246+00,30.4,0ba3023f7d72ae64498cd359,
2026-07-13 14:51:59.466+00,30.3,0ba3023f7d72ae64498cd359,
2026-07-13 14:49:34.305+00,30.2,0ba3023f7d72ae64498cd359,
2026-07-13 14:47:09.241+00,30.2,0ba3023f7d72ae64498cd359,
2026-07-13 14:44:44.265+00,30.2,0ba3023f7d72ae64498cd359,
2026-07-13 14:42:19.27+00,30.2,0ba3023f7d72ae64498cd359,
2026-07-13 14:39:54.242+00,30.2,0ba3023f7d72ae64498cd359,
2026-07-13 14:37:31.309+00,30.2,0ba3023f7d72ae64498cd359,
2026-07-13 14:35:04.251+00,30.2,0ba3023f7d72ae64498cd359,
2026-07-13 14:32:39.247+00,30.2,0ba3023f7d72ae64498cd359,
2026-07-13 14:30:14.231+00,30.3,0ba3023f7d72ae64498cd359,
2026-07-13 14:27:49.263+00,30.3,0ba3023f7d72ae64498cd359,
2026-07-13 14:25:24.301+00,30.4,0ba3023f7d72ae64498cd359,
2026-07-13 14:22:59.314+00,30.5,0ba3023f7d72ae64498cd359,
2026-07-13 14:20:34.331+00,30.6,0ba3023f7d72ae64498cd359,
2026-07-13 14:18:09.338+00,30.7,0ba3023f7d72ae64498cd359,
2026-07-13 14:15:44.298+00,30.9,0ba3023f7d72ae64498cd359,
2026-07-13 14:13:19.337+00,31,0ba3023f7d72ae64498cd359,
2026-07-13 14:10:54.231+00,31,0ba3023f7d72ae64498cd359,
2026-07-13 14:08:29.291+00,30.9,0ba3023f7d72ae64498cd359,
2026-07-13 14:06:04.263+00,30.9,0ba3023f7d72ae64498cd359,
2026-07-13 14:03:39.298+00,30.8,0ba3023f7d72ae64498cd359,
2026-07-13 14:01:14.304+00,30.8,0ba3023f7d72ae64498cd359,
2026-07-13 13:58:49.328+00,30.9,0ba3023f7d72ae64498cd359,
2026-07-13 13:56:24.291+00,31,0ba3023f7d72ae64498cd359,
2026-07-13 13:53:59.294+00,31.1,0ba3023f7d72ae64498cd359,
2026-07-13 13:51:34.35+00,31.3,0ba3023f7d72ae64498cd359,
2026-07-13 13:49:09.311+00,31.4,0ba3023f7d72ae64498cd359,
2026-07-13 13:46:44.449+00,31.7,0ba3023f7d72ae64498cd359,
2026-07-13 13:44:19.355+00,31.9,0ba3023f7d72ae64498cd359,
2026-07-13 13:41:54.415+00,32,0ba3023f7d72ae64498cd359,
2026-07-13 13:39:29.295+00,32,0ba3023f7d72ae64498cd359,
2026-07-13 13:37:04.339+00,31.9,0ba3023f7d72ae64498cd359,
2026-07-13 13:34:39.295+00,31.8,0ba3023f7d72ae64498cd359,
2026-07-13 13:32:14.309+00,31.8,0ba3023f7d72ae64498cd359,
2026-07-13 13:29:49.336+00,31.7,0ba3023f7d72ae64498cd359,
2026-07-13 13:27:24.323+00,31.7,0ba3023f7d72ae64498cd359,
2026-07-13 13:25:04.576+00,31.7,0ba3023f7d72ae64498cd359,
2026-07-13 13:22:34.339+00,31.5,0ba3023f7d72ae64498cd359,
2026-07-13 13:20:09.196+00,31.5,0ba3023f7d72ae64498cd359,
2026-07-13 13:17:44.199+00,31.4,0ba3023f7d72ae64498cd359,
2026-07-13 13:15:19.237+00,31.3,0ba3023f7d72ae64498cd359,
2026-07-13 13:12:54.201+00,31.2,0ba3023f7d72ae64498cd359,
2026-07-13 13:10:29.409+00,31.2,0ba3023f7d72ae64498cd359,
2026-07-13 13:08:04.344+00,31.3,0ba3023f7d72ae64498cd359,
2026-07-13 13:05:39.31+00,31.4,0ba3023f7d72ae64498cd359,
2026-07-13 13:03:14.3+00,31.4,0ba3023f7d72ae64498cd359,
2026-07-13 13:00:49.233+00,31.5,0ba3023f7d72ae64498cd359,
2026-07-13 12:58:24.308+00,31.6,0ba3023f7d72ae64498cd359,
2026-07-13 12:55:59.223+00,31.6,0ba3023f7d72ae64498cd359,
2026-07-13 12:53:34.231+00,31.8,0ba3023f7d72ae64498cd359,
2026-07-13 12:51:09.227+00,32.1,0ba3023f7d72ae64498cd359,
2026-07-13 12:48:44.217+00,32.3,0ba3023f7d72ae64498cd359,
2026-07-13 12:46:19.255+00,32.3,0ba3023f7d72ae64498cd359,
2026-07-13 12:43:54.232+00,32.2,0ba3023f7d72ae64498cd359,
2026-07-13 12:41:29.231+00,32.3,0ba3023f7d72ae64498cd359,
2026-07-13 12:39:04.235+00,32.4,0ba3023f7d72ae64498cd359,
2026-07-13 12:36:39.22+00,32.6,0ba3023f7d72ae64498cd359,
2026-07-13 12:34:14.194+00,32.9,0ba3023f7d72ae64498cd359,
2026-07-13 12:31:49.226+00,33.1,0ba3023f7d72ae64498cd359,
2026-07-13 12:29:24.198+00,33.3,0ba3023f7d72ae64498cd359,
2026-07-13 12:26:59.195+00,33.5,0ba3023f7d72ae64498cd359,
2026-07-13 12:24:34.206+00,33.5,0ba3023f7d72ae64498cd359,
2026-07-13 12:22:09.198+00,33.6,0ba3023f7d72ae64498cd359,
2026-07-13 12:19:44.463+00,33.7,0ba3023f7d72ae64498cd359,
2026-07-13 12:17:19.204+00,33.8,0ba3023f7d72ae64498cd359,
2026-07-13 12:14:54.198+00,34.1,0ba3023f7d72ae64498cd359,
2026-07-13 12:12:29.232+00,34.4,0ba3023f7d72ae64498cd359,
2026-07-13 12:10:04.221+00,34.4,0ba3023f7d72ae64498cd359,
2026-07-13 12:07:40.359+00,34.8,0ba3023f7d72ae64498cd359,
2026-07-13 12:05:14.183+00,35.1,0ba3023f7d72ae64498cd359,
2026-07-13 12:02:49.338+00,35.4,0ba3023f7d72ae64498cd359,
2026-07-13 12:00:24.248+00,35.6,0ba3023f7d72ae64498cd359,
2026-07-13 11:57:59.23+00,35.7,0ba3023f7d72ae64498cd359,
2026-07-13 11:55:34.298+00,35.8,0ba3023f7d72ae64498cd359,
2026-07-13 11:53:09.185+00,36,0ba3023f7d72ae64498cd359,
2026-07-13 11:50:44.175+00,36.2,0ba3023f7d72ae64498cd359,
2026-07-13 11:48:19.212+00,36.8,0ba3023f7d72ae64498cd359,
2026-07-13 11:45:54.167+00,37.3,0ba3023f7d72ae64498cd359,
2026-07-13 11:43:29.18+00,37.6,0ba3023f7d72ae64498cd359,
2026-07-13 11:41:04.239+00,37.7,0ba3023f7d72ae64498cd359,
2026-07-13 11:38:39.251+00,37.8,0ba3023f7d72ae64498cd359,
2026-07-13 11:36:14.222+00,37.9,0ba3023f7d72ae64498cd359,
2026-07-13 11:33:49.262+00,38,0ba3023f7d72ae64498cd359,
2026-07-13 11:31:24.176+00,38.1,0ba3023f7d72ae64498cd359,
2026-07-13 11:28:59.177+00,38.5,0ba3023f7d72ae64498cd359,
2026-07-13 11:26:34.208+00,38.6,0ba3023f7d72ae64498cd359,
2026-07-13 11:24:09.188+00,38.8,0ba3023f7d72ae64498cd359,
2026-07-13 11:21:44.162+00,38.7,0ba3023f7d72ae64498cd359,
2026-07-13 11:19:19.184+00,38.7,0ba3023f7d72ae64498cd359,
2026-07-13 11:16:54.148+00,38.8,0ba3023f7d72ae64498cd359,
2026-07-13 11:14:29.153+00,38.8,0ba3023f7d72ae64498cd359,
2026-07-13 11:12:04.181+00,38.7,0ba3023f7d72ae64498cd359,
2026-07-13 11:09:39.165+00,38.6,0ba3023f7d72ae64498cd359,
2026-07-13 11:04:58.764+00,38.3,0ba3023f7d72ae64498cd359,
2026-07-13 11:02:24.161+00,38.1,0ba3023f7d72ae64498cd359,
2026-07-13 10:59:59.151+00,38.1,0ba3023f7d72ae64498cd359,
2026-07-13 10:57:34.206+00,38.1,0ba3023f7d72ae64498cd359,
2026-07-13 10:55:09.148+00,38,0ba3023f7d72ae64498cd359,
2026-07-13 10:52:44.228+00,37.8,0ba3023f7d72ae64498cd359,
2026-07-13 10:50:19.284+00,37.5,0ba3023f7d72ae64498cd359,
2026-07-13 10:47:54.239+00,37.4,0ba3023f7d72ae64498cd359,
2026-07-13 10:45:29.253+00,37.2,0ba3023f7d72ae64498cd359,
2026-07-13 10:43:04.248+00,37,0ba3023f7d72ae64498cd359,
2026-07-13 10:40:39.274+00,36.9,0ba3023f7d72ae64498cd359,
2026-07-13 10:38:14.235+00,37.3,0ba3023f7d72ae64498cd359,
2026-07-13 10:35:49.274+00,37.9,0ba3023f7d72ae64498cd359,
2026-07-13 10:33:24.262+00,38.3,0ba3023f7d72ae64498cd359,
2026-07-13 10:31:01.201+00,38.4,0ba3023f7d72ae64498cd359,
2026-07-13 10:28:35.85+00,38,0ba3023f7d72ae64498cd359,
2026-07-13 10:26:09.277+00,37.8,0ba3023f7d72ae64498cd359,
2026-07-13 10:23:44.137+00,37.5,0ba3023f7d72ae64498cd359,
2026-07-13 10:21:19.208+00,37.1,0ba3023f7d72ae64498cd359,
2026-07-13 10:18:54.146+00,36.7,0ba3023f7d72ae64498cd359,
2026-07-13 10:16:29.147+00,36.4,0ba3023f7d72ae64498cd359,
2026-07-13 10:14:05.86+00,36,0ba3023f7d72ae64498cd359,
2026-07-13 10:11:40.304+00,35.7,0ba3023f7d72ae64498cd359,
2026-07-13 10:09:14.162+00,35.6,0ba3023f7d72ae64498cd359,
2026-07-13 10:06:49.502+00,35.6,0ba3023f7d72ae64498cd359,
2026-07-13 10:04:24.193+00,35.8,0ba3023f7d72ae64498cd359,
2026-07-13 10:01:59.152+00,36.4,0ba3023f7d72ae64498cd359,
2026-07-13 09:59:34.206+00,36.9,0ba3023f7d72ae64498cd359,
2026-07-13 09:57:09.174+00,37.4,0ba3023f7d72ae64498cd359,
2026-07-13 09:54:44.181+00,37.6,0ba3023f7d72ae64498cd359,
2026-07-13 09:52:19.176+00,37.6,0ba3023f7d72ae64498cd359,
2026-07-13 09:49:54.747+00,37.4,0ba3023f7d72ae64498cd359,
2026-07-13 09:47:29.103+00,37.2,0ba3023f7d72ae64498cd359,
2026-07-13 09:45:04.173+00,37,0ba3023f7d72ae64498cd359,
2026-07-13 09:42:39.161+00,37,0ba3023f7d72ae64498cd359,
2026-07-13 09:40:14.154+00,37,0ba3023f7d72ae64498cd359,
2026-07-13 09:37:49.129+00,37.4,0ba3023f7d72ae64498cd359,
2026-07-13 09:35:24.083+00,37.7,0ba3023f7d72ae64498cd359,
2026-07-13 09:32:59.104+00,37.7,0ba3023f7d72ae64498cd359,
2026-07-13 09:30:34.157+00,37.7,0ba3023f7d72ae64498cd359,
2026-07-13 09:28:09.21+00,37.5,0ba3023f7d72ae64498cd359,
2026-07-13 09:25:44.309+00,37.5,0ba3023f7d72ae64498cd359,
2026-07-13 09:23:19.626+00,37.6,0ba3023f7d72ae64498cd359,
2026-07-13 09:20:54.357+00,37.7,0ba3023f7d72ae64498cd359,
2026-07-13 09:18:29.174+00,38,0ba3023f7d72ae64498cd359,
2026-07-13 09:16:04.317+00,38.2,0ba3023f7d72ae64498cd359,
2026-07-13 09:13:39.176+00,38.3,0ba3023f7d72ae64498cd359,
2026-07-13 09:11:14.152+00,38.6,0ba3023f7d72ae64498cd359,
2026-07-13 09:08:49.118+00,38.7,0ba3023f7d72ae64498cd359,
2026-07-13 09:06:24.162+00,38.7,0ba3023f7d72ae64498cd359,
2026-07-13 09:03:59.158+00,38.7,0ba3023f7d72ae64498cd359,
2026-07-13 09:01:34.183+00,38.9,0ba3023f7d72ae64498cd359,
2026-07-13 08:59:09.173+00,39,0ba3023f7d72ae64498cd359,
2026-07-13 08:56:44.203+00,39.1,0ba3023f7d72ae64498cd359,
2026-07-13 08:54:19.183+00,39.1,0ba3023f7d72ae64498cd359,
2026-07-13 08:51:54.158+00,39.1,0ba3023f7d72ae64498cd359,
2026-07-13 08:49:29.207+00,39.1,0ba3023f7d72ae64498cd359,
2026-07-13 08:47:04.209+00,39.3,0ba3023f7d72ae64498cd359,
2026-07-13 08:44:39.157+00,39.4,0ba3023f7d72ae64498cd359,
2026-07-13 08:42:14.165+00,39.3,0ba3023f7d72ae64498cd359,
2026-07-13 08:39:52.047+00,39.3,0ba3023f7d72ae64498cd359,
2026-07-13 08:37:25.178+00,39.2,0ba3023f7d72ae64498cd359,
2026-07-13 08:34:59.2+00,39.2,0ba3023f7d72ae64498cd359,
2026-07-13 08:32:34.107+00,39,0ba3023f7d72ae64498cd359,
2026-07-13 08:30:09.168+00,38.9,0ba3023f7d72ae64498cd359,
2026-07-13 08:27:44.064+00,38.8,0ba3023f7d72ae64498cd359,
2026-07-13 08:25:20.235+00,38.8,0ba3023f7d72ae64498cd359,
2026-07-13 08:22:54.08+00,38.5,0ba3023f7d72ae64498cd359,
2026-07-13 08:20:29.476+00,38.3,0ba3023f7d72ae64498cd359,
2026-07-13 08:18:04.096+00,38.1,0ba3023f7d72ae64498cd359,
2026-07-13 08:15:39.174+00,37.9,0ba3023f7d72ae64498cd359,
2026-07-13 08:13:14.073+00,37.8,0ba3023f7d72ae64498cd359,
2026-07-13 08:10:49.113+00,37.6,0ba3023f7d72ae64498cd359,
2026-07-13 08:08:24.085+00,37.3,0ba3023f7d72ae64498cd359,
2026-07-13 08:05:59.213+00,37,0ba3023f7d72ae64498cd359,
2026-07-13 08:03:34.131+00,36.8,0ba3023f7d72ae64498cd359,
2026-07-13 08:01:09.08+00,36.5,0ba3023f7d72ae64498cd359,
2026-07-13 07:58:44.078+00,36.1,0ba3023f7d72ae64498cd359,
2026-07-13 07:56:19.075+00,35.7,0ba3023f7d72ae64498cd359,
2026-07-13 07:53:54.091+00,35.2,0ba3023f7d72ae64498cd359,
2026-07-13 07:51:29.101+00,34.7,0ba3023f7d72ae64498cd359,
2026-07-13 07:49:04.128+00,34.2,0ba3023f7d72ae64498cd359,
2026-07-13 07:46:39.094+00,33.6,0ba3023f7d72ae64498cd359,
2026-07-13 07:44:14.094+00,33.1,0ba3023f7d72ae64498cd359,
2026-07-13 07:41:49.178+00,32.5,0ba3023f7d72ae64498cd359,
2026-07-13 07:39:24.075+00,31.8,0ba3023f7d72ae64498cd359,
2026-07-13 07:36:59.091+00,30.8,0ba3023f7d72ae64498cd359,
2026-07-13 07:34:34.119+00,29.8,0ba3023f7d72ae64498cd359,
2026-07-13 07:29:51.242+00,28.7,0ba3023f7d72ae64498cd359,
2026-07-13 07:27:19.039+00,27.7,0ba3023f7d72ae64498cd359,
2026-07-13 07:24:54.234+00,26.7,0ba3023f7d72ae64498cd359,
2026-07-13 07:22:29.552+00,25.5,0ba3023f7d72ae64498cd359,
2026-07-13 07:20:04.097+00,24.4,0ba3023f7d72ae64498cd359,
2026-07-13 07:17:39.216+00,23.5,0ba3023f7d72ae64498cd359,
2026-07-13 07:15:14.094+00,22.9,0ba3023f7d72ae64498cd359,
2026-07-13 07:12:49.087+00,22.8,0ba3023f7d72ae64498cd359,
2026-07-13 07:10:24.118+00,22.7,0ba3023f7d72ae64498cd359,
2026-07-13 07:07:59.097+00,22.7,0ba3023f7d72ae64498cd359,
2026-07-13 07:05:34.095+00,22.6,0ba3023f7d72ae64498cd359,
2026-07-13 07:03:09.084+00,22.5,0ba3023f7d72ae64498cd359,
2026-07-13 07:00:44.144+00,22.4,0ba3023f7d72ae64498cd359,
2026-07-13 06:58:19.022+00,22.4,0ba3023f7d72ae64498cd359,
2026-07-13 06:55:54.05+00,22.3,0ba3023f7d72ae64498cd359,
2026-07-13 06:53:29.022+00,22.2,0ba3023f7d72ae64498cd359,
2026-07-13 06:51:04.053+00,22.1,0ba3023f7d72ae64498cd359,
2026-07-13 06:48:39.059+00,22,0ba3023f7d72ae64498cd359,
2026-07-13 06:46:14.025+00,21.9,0ba3023f7d72ae64498cd359,
2026-07-13 06:43:49.018+00,21.8,0ba3023f7d72ae64498cd359,
2026-07-13 06:41:24.058+00,21.7,0ba3023f7d72ae64498cd359,
2026-07-13 06:38:59.033+00,21.6,0ba3023f7d72ae64498cd359,
2026-07-13 06:36:34.014+00,21.6,0ba3023f7d72ae64498cd359,
2026-07-13 06:34:09.052+00,21.5,0ba3023f7d72ae64498cd359,
2026-07-13 06:31:44.011+00,21.4,0ba3023f7d72ae64498cd359,
2026-07-13 06:29:19.02+00,21.3,0ba3023f7d72ae64498cd359,
2026-07-13 06:26:54.054+00,21.2,0ba3023f7d72ae64498cd359,
2026-07-13 06:24:29.052+00,21.1,0ba3023f7d72ae64498cd359,
2026-07-13 06:22:04.009+00,21,0ba3023f7d72ae64498cd359,
2026-07-13 06:19:39.129+00,20.9,0ba3023f7d72ae64498cd359,
2026-07-13 06:17:14.11+00,20.9,0ba3023f7d72ae64498cd359,
2026-07-13 06:14:49.105+00,20.8,0ba3023f7d72ae64498cd359,
2026-07-13 06:12:24.113+00,20.7,0ba3023f7d72ae64498cd359,
2026-07-13 06:09:59.109+00,20.7,0ba3023f7d72ae64498cd359,
2026-07-13 06:07:34.123+00,20.7,0ba3023f7d72ae64498cd359,
2026-07-13 06:05:13.649+00,20.6,0ba3023f7d72ae64498cd359,
2026-07-13 06:02:44.004+00,20.6,0ba3023f7d72ae64498cd359,
2026-07-13 06:00:19.014+00,20.5,0ba3023f7d72ae64498cd359,
2026-07-13 05:57:54.06+00,20.4,0ba3023f7d72ae64498cd359,
2026-07-13 05:55:29.014+00,20.3,0ba3023f7d72ae64498cd359,
2026-07-13 05:53:03.99+00,20.2,0ba3023f7d72ae64498cd359,
2026-07-13 05:50:39.056+00,20.2,0ba3023f7d72ae64498cd359,
2026-07-13 05:48:14.018+00,20.1,0ba3023f7d72ae64498cd359,
2026-07-13 05:45:49.023+00,20,0ba3023f7d72ae64498cd359,
2026-07-13 05:43:24.05+00,19.9,0ba3023f7d72ae64498cd359,
2026-07-13 05:40:59.335+00,19.9,0ba3023f7d72ae64498cd359,
2026-07-13 05:38:34.002+00,19.8,0ba3023f7d72ae64498cd359,
2026-07-13 05:36:09.033+00,19.7,0ba3023f7d72ae64498cd359,
2026-07-13 05:33:43.984+00,19.6,0ba3023f7d72ae64498cd359,
2026-07-13 05:31:19.014+00,19.5,0ba3023f7d72ae64498cd359,
2026-07-13 05:28:54.012+00,19.4,0ba3023f7d72ae64498cd359,
2026-07-13 05:26:29+00,19.2,0ba3023f7d72ae64498cd359,
2026-07-13 05:24:04.011+00,19.1,0ba3023f7d72ae64498cd359,
2026-07-13 05:21:39.056+00,19.1,0ba3023f7d72ae64498cd359,
2026-07-13 05:19:14.026+00,19,0ba3023f7d72ae64498cd359,
2026-07-13 05:16:49.012+00,18.9,0ba3023f7d72ae64498cd359,
2026-07-13 05:14:24.171+00,18.9,0ba3023f7d72ae64498cd359,
2026-07-13 05:11:59.013+00,18.9,0ba3023f7d72ae64498cd359,
2026-07-13 05:09:34.03+00,18.8,0ba3023f7d72ae64498cd359,
2026-07-13 05:07:09.154+00,18.8,0ba3023f7d72ae64498cd359,
2026-07-13 05:04:48.107+00,18.8,0ba3023f7d72ae64498cd359,
2026-07-13 05:02:18.997+00,18.7,0ba3023f7d72ae64498cd359,
2026-07-13 04:59:54.049+00,18.6,0ba3023f7d72ae64498cd359,
2026-07-13 04:57:29.037+00,18.6,0ba3023f7d72ae64498cd359,
2026-07-13 04:55:04.138+00,18.5,0ba3023f7d72ae64498cd359,
2026-07-13 04:52:39.047+00,18.4,0ba3023f7d72ae64498cd359,
2026-07-13 04:50:14.032+00,18.3,0ba3023f7d72ae64498cd359,
2026-07-13 04:47:49.137+00,18.3,0ba3023f7d72ae64498cd359,
2026-07-13 04:45:24.062+00,18.2,0ba3023f7d72ae64498cd359,
2026-07-13 04:42:59.021+00,18.2,0ba3023f7d72ae64498cd359,
2026-07-13 04:40:34.049+00,18.1,0ba3023f7d72ae64498cd359,
2026-07-13 04:38:09.06+00,18.1,0ba3023f7d72ae64498cd359,
2026-07-13 04:35:44.034+00,18,0ba3023f7d72ae64498cd359,
2026-07-13 04:33:19.004+00,66.2,0ba3023f7d72ae64498cd359,
2026-07-13 04:30:54.058+00,18,0ba3023f7d72ae64498cd359,
2026-07-13 04:28:29.129+00,18,0ba3023f7d72ae64498cd359,
2026-07-13 04:26:04.041+00,18,0ba3023f7d72ae64498cd359,
2026-07-13 04:23:39.025+00,18,0ba3023f7d72ae64498cd359,
2026-07-13 04:21:14.028+00,18,0ba3023f7d72ae64498cd359,
2026-07-13 04:18:48.979+00,18,0ba3023f7d72ae64498cd359,
2026-07-13 04:16:23.977+00,18,0ba3023f7d72ae64498cd359,
2026-07-13 04:13:58.959+00,18,0ba3023f7d72ae64498cd359,
2026-07-13 04:11:33.951+00,17.9,0ba3023f7d72ae64498cd359,
2026-07-13 04:09:09.005+00,17.9,0ba3023f7d72ae64498cd359,
2026-07-13 04:06:44.027+00,17.9,0ba3023f7d72ae64498cd359,
2026-07-13 04:04:19.05+00,17.8,0ba3023f7d72ae64498cd359,
2026-07-13 04:01:54.061+00,17.8,0ba3023f7d72ae64498cd359,
2026-07-13 03:59:28.965+00,17.8,0ba3023f7d72ae64498cd359,
2026-07-13 03:57:03.941+00,17.8,0ba3023f7d72ae64498cd359,
2026-07-13 03:54:38.983+00,17.7,0ba3023f7d72ae64498cd359,
2026-07-13 03:49:49.967+00,17.7,0ba3023f7d72ae64498cd359,
2026-07-13 03:47:23.968+00,17.6,0ba3023f7d72ae64498cd359,
2026-07-13 03:44:58.944+00,17.6,0ba3023f7d72ae64498cd359,
2026-07-13 03:42:33.947+00,17.6,0ba3023f7d72ae64498cd359,
2026-07-13 03:40:08.98+00,17.6,0ba3023f7d72ae64498cd359,
2026-07-13 03:37:43.957+00,17.6,0ba3023f7d72ae64498cd359,
2026-07-13 03:35:18.952+00,17.6,0ba3023f7d72ae64498cd359,
2026-07-13 03:32:53.967+00,17.6,0ba3023f7d72ae64498cd359,
2026-07-13 03:30:28.965+00,17.5,0ba3023f7d72ae64498cd359,
2026-07-13 03:28:04.064+00,17.5,0ba3023f7d72ae64498cd359,
2026-07-13 03:25:38.983+00,17.5,0ba3023f7d72ae64498cd359,
2026-07-13 03:23:13.964+00,17.4,0ba3023f7d72ae64498cd359,
2026-07-13 03:20:48.962+00,17.4,0ba3023f7d72ae64498cd359,
2026-07-13 03:18:24.018+00,17.4,0ba3023f7d72ae64498cd359,
2026-07-13 03:15:58.957+00,17.4,0ba3023f7d72ae64498cd359,
2026-07-13 03:13:34.217+00,17.4,0ba3023f7d72ae64498cd359,
2026-07-13 03:11:09.005+00,17.4,0ba3023f7d72ae64498cd359,
2026-07-13 03:08:43.95+00,17.4,0ba3023f7d72ae64498cd359,
2026-07-13 03:06:18.964+00,17.4,0ba3023f7d72ae64498cd359,
2026-07-13 03:03:53.977+00,17.4,0ba3023f7d72ae64498cd359,
2026-07-13 03:01:28.958+00,17.4,0ba3023f7d72ae64498cd359,
2026-07-13 02:59:03.963+00,17.4,0ba3023f7d72ae64498cd359,
2026-07-13 02:56:38.984+00,17.4,0ba3023f7d72ae64498cd359,
2026-07-13 02:54:13.962+00,17.4,0ba3023f7d72ae64498cd359,
2026-07-13 02:51:48.967+00,17.4,0ba3023f7d72ae64498cd359,
2026-07-13 02:49:23.942+00,17.4,0ba3023f7d72ae64498cd359,
2026-07-13 02:44:48.787+00,17.4,0ba3023f7d72ae64498cd359,
2026-07-13 02:42:08.974+00,17.4,0ba3023f7d72ae64498cd359,
2026-07-13 02:39:43.968+00,17.4,0ba3023f7d72ae64498cd359,
2026-07-13 02:37:18.962+00,17.4,0ba3023f7d72ae64498cd359,
2026-07-13 02:34:54.018+00,17.4,0ba3023f7d72ae64498cd359,
2026-07-13 02:32:28.958+00,17.4,0ba3023f7d72ae64498cd359,
2026-07-13 02:30:03.954+00,17.4,0ba3023f7d72ae64498cd359,
2026-07-13 02:27:39.083+00,17.5,0ba3023f7d72ae64498cd359,
2026-07-13 02:25:13.973+00,17.5,0ba3023f7d72ae64498cd359,
2026-07-13 02:22:48.986+00,17.5,0ba3023f7d72ae64498cd359,
2026-07-13 02:20:24+00,17.6,0ba3023f7d72ae64498cd359,
2026-07-13 02:17:58.97+00,17.6,0ba3023f7d72ae64498cd359,
2026-07-13 02:15:33.966+00,17.6,0ba3023f7d72ae64498cd359,
2026-07-13 02:13:08.999+00,17.7,0ba3023f7d72ae64498cd359,
2026-07-13 02:10:43.973+00,17.7,0ba3023f7d72ae64498cd359,
2026-07-13 02:08:18.967+00,17.7,0ba3023f7d72ae64498cd359,
2026-07-13 02:05:54.019+00,17.8,0ba3023f7d72ae64498cd359,
2026-07-13 02:03:28.964+00,17.8,0ba3023f7d72ae64498cd359,
2026-07-13 02:01:03.984+00,17.8,0ba3023f7d72ae64498cd359,
2026-07-13 01:58:39.013+00,17.8,0ba3023f7d72ae64498cd359,
2026-07-13 01:56:13.975+00,17.8,0ba3023f7d72ae64498cd359,
2026-07-13 01:53:48.967+00,17.8,0ba3023f7d72ae64498cd359,
2026-07-13 01:51:23.988+00,17.9,0ba3023f7d72ae64498cd359,
2026-07-13 01:48:58.881+00,17.9,0ba3023f7d72ae64498cd359,
2026-07-13 01:46:33.966+00,17.9,0ba3023f7d72ae64498cd359,
2026-07-13 01:44:09.05+00,17.9,0ba3023f7d72ae64498cd359,
2026-07-13 01:41:43.974+00,18,0ba3023f7d72ae64498cd359,
2026-07-13 01:39:18.915+00,18,0ba3023f7d72ae64498cd359,
2026-07-13 01:36:53.912+00,18,0ba3023f7d72ae64498cd359,
2026-07-13 01:34:28.9+00,18,0ba3023f7d72ae64498cd359,
2026-07-13 01:32:04.1+00,18,0ba3023f7d72ae64498cd359,
2026-07-13 01:29:38.919+00,18,0ba3023f7d72ae64498cd359,
2026-07-13 01:24:57.816+00,18,0ba3023f7d72ae64498cd359,
2026-07-13 01:22:23.916+00,18.1,0ba3023f7d72ae64498cd359,
2026-07-13 01:19:58.922+00,18.1,0ba3023f7d72ae64498cd359,
2026-07-13 01:17:33.884+00,18.2,0ba3023f7d72ae64498cd359,
2026-07-13 01:15:08.917+00,18.2,0ba3023f7d72ae64498cd359,
2026-07-13 01:12:43.984+00,18.3,0ba3023f7d72ae64498cd359,
2026-07-13 01:10:18.977+00,18.3,0ba3023f7d72ae64498cd359,
2026-07-13 01:07:54.014+00,18.4,0ba3023f7d72ae64498cd359,
2026-07-13 01:05:28.982+00,18.4,0ba3023f7d72ae64498cd359,
2026-07-13 01:03:03.964+00,18.4,0ba3023f7d72ae64498cd359,
2026-07-13 01:00:39.014+00,18.5,0ba3023f7d72ae64498cd359,
2026-07-13 00:58:14.002+00,18.6,0ba3023f7d72ae64498cd359,
2026-07-13 00:55:48.981+00,18.6,0ba3023f7d72ae64498cd359,
2026-07-13 00:53:23.925+00,18.7,0ba3023f7d72ae64498cd359,
2026-07-13 00:50:58.894+00,18.8,0ba3023f7d72ae64498cd359,
2026-07-13 00:48:33.87+00,18.9,0ba3023f7d72ae64498cd359,
2026-07-13 00:46:08.933+00,18.9,0ba3023f7d72ae64498cd359,
2026-07-13 00:43:43.879+00,19,0ba3023f7d72ae64498cd359,
2026-07-13 00:41:19.201+00,19.1,0ba3023f7d72ae64498cd359,
2026-07-13 00:38:53.901+00,19.1,0ba3023f7d72ae64498cd359,
2026-07-13 00:36:28.893+00,19.2,0ba3023f7d72ae64498cd359,
2026-07-13 00:34:03.871+00,19.2,0ba3023f7d72ae64498cd359,
2026-07-13 00:31:38.923+00,19.3,0ba3023f7d72ae64498cd359,
2026-07-13 00:29:13.868+00,19.3,0ba3023f7d72ae64498cd359,
2026-07-13 00:26:48.905+00,19.4,0ba3023f7d72ae64498cd359,
2026-07-13 00:24:23.882+00,19.4,0ba3023f7d72ae64498cd359,
2026-07-13 00:21:58.918+00,19.5,0ba3023f7d72ae64498cd359,
2026-07-13 00:19:33.854+00,19.5,0ba3023f7d72ae64498cd359,
2026-07-13 00:17:08.939+00,19.6,0ba3023f7d72ae64498cd359,
2026-07-13 00:14:43.87+00,19.6,0ba3023f7d72ae64498cd359,
2026-07-13 00:12:18.908+00,19.6,0ba3023f7d72ae64498cd359,
2026-07-13 00:09:53.913+00,19.7,0ba3023f7d72ae64498cd359,
2026-07-13 00:05:11.341+00,19.7,0ba3023f7d72ae64498cd359,
2026-07-13 00:02:38.869+00,19.7,0ba3023f7d72ae64498cd359,
2026-07-13 00:00:13.863+00,19.7,0ba3023f7d72ae64498cd359,
2026-07-12 23:57:48.856+00,19.7,0ba3023f7d72ae64498cd359,
2026-07-12 23:55:23.874+00,19.7,0ba3023f7d72ae64498cd359,
2026-07-12 23:52:58.848+00,19.7,0ba3023f7d72ae64498cd359,
2026-07-12 23:50:33.857+00,19.7,0ba3023f7d72ae64498cd359,
2026-07-12 23:48:08.875+00,19.7,0ba3023f7d72ae64498cd359,
2026-07-12 23:45:43.854+00,19.7,0ba3023f7d72ae64498cd359,
2026-07-12 23:43:18.86+00,19.8,0ba3023f7d72ae64498cd359,
2026-07-12 23:40:54.181+00,19.8,0ba3023f7d72ae64498cd359,
2026-07-12 23:38:28.857+00,19.9,0ba3023f7d72ae64498cd359,
2026-07-12 23:36:03.873+00,19.9,0ba3023f7d72ae64498cd359,
2026-07-12 23:33:38.875+00,20,0ba3023f7d72ae64498cd359,
2026-07-12 23:31:13.843+00,20,0ba3023f7d72ae64498cd359,
2026-07-12 23:28:48.889+00,20.1,0ba3023f7d72ae64498cd359,
2026-07-12 23:26:23.879+00,20.2,0ba3023f7d72ae64498cd359,
2026-07-12 23:23:58.909+00,20.2,0ba3023f7d72ae64498cd359,
2026-07-12 23:21:33.847+00,20.3,0ba3023f7d72ae64498cd359,
2026-07-12 23:19:08.946+00,20.4,0ba3023f7d72ae64498cd359,
2026-07-12 23:16:43.836+00,20.4,0ba3023f7d72ae64498cd359,
2026-07-12 23:14:18.92+00,20.4,0ba3023f7d72ae64498cd359,
2026-07-12 23:11:53.872+00,20.5,0ba3023f7d72ae64498cd359,
2026-07-12 23:09:28.915+00,20.5,0ba3023f7d72ae64498cd359,
2026-07-12 23:07:03.973+00,20.6,0ba3023f7d72ae64498cd359,
2026-07-12 23:04:38.874+00,20.6,0ba3023f7d72ae64498cd359,
2026-07-12 23:02:13.839+00,20.7,0ba3023f7d72ae64498cd359,
2026-07-12 22:59:49.117+00,20.7,0ba3023f7d72ae64498cd359,
2026-07-12 22:57:24.88+00,20.7,0ba3023f7d72ae64498cd359,
2026-07-12 22:54:58.828+00,20.8,0ba3023f7d72ae64498cd359,
2026-07-12 22:52:33.819+00,20.8,0ba3023f7d72ae64498cd359,
2026-07-12 22:50:08.874+00,20.8,0ba3023f7d72ae64498cd359,
2026-07-12 22:47:43.816+00,20.9,0ba3023f7d72ae64498cd359,
2026-07-12 22:45:18.837+00,20.9,0ba3023f7d72ae64498cd359,
2026-07-12 22:42:53.857+00,21,0ba3023f7d72ae64498cd359,
2026-07-12 22:40:28.815+00,21.1,0ba3023f7d72ae64498cd359,
2026-07-12 22:38:03.816+00,21.1,0ba3023f7d72ae64498cd359,
2026-07-12 22:35:38.948+00,21.2,0ba3023f7d72ae64498cd359,
2026-07-12 22:33:13.819+00,21.2,0ba3023f7d72ae64498cd359,
2026-07-12 22:30:48.951+00,21.2,0ba3023f7d72ae64498cd359,
2026-07-12 22:28:23.853+00,21.3,0ba3023f7d72ae64498cd359,
2026-07-12 22:25:58.941+00,21.3,0ba3023f7d72ae64498cd359,
2026-07-12 22:23:33.813+00,21.3,0ba3023f7d72ae64498cd359,
2026-07-12 22:21:08.858+00,21.3,0ba3023f7d72ae64498cd359,
2026-07-12 22:18:43.831+00,21.3,0ba3023f7d72ae64498cd359,
2026-07-12 22:16:18.832+00,21.3,0ba3023f7d72ae64498cd359,
2026-07-12 22:13:53.962+00,21.3,0ba3023f7d72ae64498cd359,
2026-07-12 22:11:28.844+00,21.3,0ba3023f7d72ae64498cd359,
2026-07-12 22:09:03.818+00,21.4,0ba3023f7d72ae64498cd359,
2026-07-12 22:06:38.853+00,21.4,0ba3023f7d72ae64498cd359,
2026-07-12 22:04:13.816+00,21.4,0ba3023f7d72ae64498cd359,
2026-07-12 22:01:48.848+00,21.4,0ba3023f7d72ae64498cd359,
2026-07-12 21:59:23.874+00,21.4,0ba3023f7d72ae64498cd359,
2026-07-12 21:56:58.822+00,21.4,0ba3023f7d72ae64498cd359,
2026-07-12 21:54:34.165+00,21.4,0ba3023f7d72ae64498cd359,
2026-07-12 21:52:08.866+00,21.4,0ba3023f7d72ae64498cd359,
2026-07-12 21:49:43.831+00,21.4,0ba3023f7d72ae64498cd359,
2026-07-12 21:47:19.153+00,21.4,0ba3023f7d72ae64498cd359,
2026-07-12 21:44:54.979+00,21.3,0ba3023f7d72ae64498cd359,
2026-07-12 21:42:28.835+00,21.3,0ba3023f7d72ae64498cd359,
2026-07-12 21:40:03.847+00,21.3,0ba3023f7d72ae64498cd359,
2026-07-12 21:37:38.864+00,21.3,0ba3023f7d72ae64498cd359,
2026-07-12 21:35:13.799+00,21.3,0ba3023f7d72ae64498cd359,
2026-07-12 21:32:48.849+00,21.3,0ba3023f7d72ae64498cd359,
2026-07-12 21:30:23.854+00,21.2,0ba3023f7d72ae64498cd359,
2026-07-12 21:27:58.785+00,21.2,0ba3023f7d72ae64498cd359,
2026-07-12 21:25:33.793+00,21.2,0ba3023f7d72ae64498cd359,
2026-07-12 21:23:08.806+00,21.2,0ba3023f7d72ae64498cd359,
2026-07-12 21:20:43.825+00,54.5,0ba3023f7d72ae64498cd359,
2026-07-12 21:18:18.84+00,21.3,0ba3023f7d72ae64498cd359,
2026-07-12 21:15:53.834+00,21.3,0ba3023f7d72ae64498cd359,
2026-07-12 21:13:28.838+00,21.3,0ba3023f7d72ae64498cd359,
2026-07-12 21:11:03.832+00,21.4,0ba3023f7d72ae64498cd359,
2026-07-12 21:08:38.89+00,21.4,0ba3023f7d72ae64498cd359,
2026-07-12 21:06:13.861+00,21.4,0ba3023f7d72ae64498cd359,
2026-07-12 21:03:48.948+00,21.4,0ba3023f7d72ae64498cd359,
2026-07-12 21:01:21.938+00,21.5,0ba3023f7d72ae64498cd359,
2026-07-12 20:58:56.91+00,21.5,0ba3023f7d72ae64498cd359,
2026-07-12 20:56:34.175+00,21.6,0ba3023f7d72ae64498cd359,
2026-07-12 20:54:06.984+00,21.6,0ba3023f7d72ae64498cd359,
2026-07-12 20:51:41.885+00,21.6,0ba3023f7d72ae64498cd359,
2026-07-12 20:49:16.798+00,21.6,0ba3023f7d72ae64498cd359,
2026-07-12 20:46:51.82+00,21.6,0ba3023f7d72ae64498cd359,
2026-07-12 20:44:26.802+00,21.7,0ba3023f7d72ae64498cd359,
2026-07-12 20:42:01.784+00,21.7,0ba3023f7d72ae64498cd359,
2026-07-12 20:39:36.823+00,21.8,0ba3023f7d72ae64498cd359,
2026-07-12 20:34:55.169+00,21.8,0ba3023f7d72ae64498cd359,
2026-07-12 20:32:21.799+00,21.9,0ba3023f7d72ae64498cd359,
2026-07-12 20:29:56.904+00,21.9,0ba3023f7d72ae64498cd359,
2026-07-12 20:27:31.772+00,22,0ba3023f7d72ae64498cd359,
2026-07-12 20:25:09.033+00,22.1,0ba3023f7d72ae64498cd359,
2026-07-12 20:22:41.803+00,22.1,0ba3023f7d72ae64498cd359,
2026-07-12 20:20:16.794+00,22.2,0ba3023f7d72ae64498cd359,
2026-07-12 20:17:51.78+00,22.2,0ba3023f7d72ae64498cd359,
2026-07-12 20:15:26.831+00,22.3,0ba3023f7d72ae64498cd359,
2026-07-12 20:13:01.789+00,22.4,0ba3023f7d72ae64498cd359,
2026-07-12 20:10:36.819+00,22.4,0ba3023f7d72ae64498cd359,
2026-07-12 20:08:11.806+00,22.5,0ba3023f7d72ae64498cd359,
2026-07-12 20:05:46.795+00,22.6,0ba3023f7d72ae64498cd359,
2026-07-12 20:03:21.792+00,22.7,0ba3023f7d72ae64498cd359,
2026-07-12 20:00:56.808+00,22.8,0ba3023f7d72ae64498cd359,
2026-07-12 19:58:34.033+00,22.9,0ba3023f7d72ae64498cd359,
2026-07-12 19:56:06.828+00,23,0ba3023f7d72ae64498cd359,
2026-07-12 19:53:41.85+00,23.1,0ba3023f7d72ae64498cd359,
2026-07-12 19:51:16.802+00,23.2,0ba3023f7d72ae64498cd359,
2026-07-12 19:48:51.813+00,23.3,0ba3023f7d72ae64498cd359,
2026-07-12 19:46:26.842+00,23.4,0ba3023f7d72ae64498cd359,
2026-07-12 19:44:01.805+00,23.5,0ba3023f7d72ae64498cd359,
2026-07-12 19:41:36.817+00,23.6,0ba3023f7d72ae64498cd359,
2026-07-12 19:39:11.857+00,23.7,0ba3023f7d72ae64498cd359,
2026-07-12 19:36:46.818+00,23.8,0ba3023f7d72ae64498cd359,
2026-07-12 19:34:21.816+00,23.9,0ba3023f7d72ae64498cd359,
2026-07-12 19:31:56.849+00,24,0ba3023f7d72ae64498cd359,
2026-07-12 19:29:31.824+00,24.2,0ba3023f7d72ae64498cd359,
2026-07-12 19:27:06.826+00,24.3,0ba3023f7d72ae64498cd359,
2026-07-12 19:24:41.84+00,24.3,0ba3023f7d72ae64498cd359,
2026-07-12 19:22:16.744+00,24.4,0ba3023f7d72ae64498cd359,
2026-07-12 19:19:51.84+00,24.5,0ba3023f7d72ae64498cd359,
2026-07-12 19:17:29.118+00,24.6,0ba3023f7d72ae64498cd359,
2026-07-12 19:15:01.822+00,24.7,0ba3023f7d72ae64498cd359,
2026-07-12 19:12:36.828+00,24.8,0ba3023f7d72ae64498cd359,
2026-07-12 19:10:11.858+00,24.9,0ba3023f7d72ae64498cd359,
2026-07-12 19:07:49.895+00,24.9,0ba3023f7d72ae64498cd359,
2026-07-12 19:05:21.827+00,25.2,0ba3023f7d72ae64498cd359,
2026-07-12 19:02:56.855+00,25.4,0ba3023f7d72ae64498cd359,
2026-07-12 19:00:31.819+00,25.5,0ba3023f7d72ae64498cd359,
2026-07-12 18:58:06.823+00,25.7,0ba3023f7d72ae64498cd359,
2026-07-12 18:55:41.861+00,25.8,0ba3023f7d72ae64498cd359,
2026-07-12 18:53:16.827+00,25.9,0ba3023f7d72ae64498cd359,
2026-07-12 18:50:51.827+00,25.9,0ba3023f7d72ae64498cd359,
2026-07-12 18:48:26.837+00,26.1,0ba3023f7d72ae64498cd359,
2026-07-12 18:46:01.742+00,26.2,0ba3023f7d72ae64498cd359,
2026-07-12 18:43:36.822+00,26.3,0ba3023f7d72ae64498cd359,
2026-07-12 18:41:11.857+00,26.4,0ba3023f7d72ae64498cd359,
2026-07-12 18:38:46.825+00,26.6,0ba3023f7d72ae64498cd359,
2026-07-12 18:36:21.844+00,26.7,0ba3023f7d72ae64498cd359,
2026-07-12 18:33:56.868+00,26.8,0ba3023f7d72ae64498cd359,
2026-07-12 18:31:31.835+00,26.9,0ba3023f7d72ae64498cd359,
2026-07-12 18:29:06.933+00,27,0ba3023f7d72ae64498cd359,
2026-07-12 18:26:41.883+00,27.1,0ba3023f7d72ae64498cd359,
2026-07-12 18:24:17.01+00,27.3,0ba3023f7d72ae64498cd359,
2026-07-12 18:21:51.956+00,27.4,0ba3023f7d72ae64498cd359,
2026-07-12 18:19:26.861+00,27.5,0ba3023f7d72ae64498cd359,
2026-07-12 18:17:01.826+00,27.6,0ba3023f7d72ae64498cd359,
2026-07-12 18:14:36.842+00,27.7,0ba3023f7d72ae64498cd359,
2026-07-12 18:12:11.863+00,27.8,0ba3023f7d72ae64498cd359,
2026-07-12 18:09:46.934+00,27.9,0ba3023f7d72ae64498cd359,
2026-07-12 18:05:03.937+00,28,0ba3023f7d72ae64498cd359,
2026-07-12 18:02:31.84+00,28.1,0ba3023f7d72ae64498cd359,
2026-07-12 18:00:06.852+00,28.2,0ba3023f7d72ae64498cd359,
2026-07-12 17:57:41.882+00,28.2,0ba3023f7d72ae64498cd359,
2026-07-12 17:55:16.843+00,28.3,0ba3023f7d72ae64498cd359,
2026-07-12 17:52:51.72+00,28.4,0ba3023f7d72ae64498cd359,
2026-07-12 17:50:27.109+00,28.5,0ba3023f7d72ae64498cd359,
2026-07-12 17:48:01.731+00,28.6,0ba3023f7d72ae64498cd359,
2026-07-12 17:45:36.738+00,28.6,0ba3023f7d72ae64498cd359,
2026-07-12 17:43:11.768+00,28.8,0ba3023f7d72ae64498cd359,
2026-07-12 17:40:46.731+00,28.8,0ba3023f7d72ae64498cd359,
2026-07-12 17:38:21.733+00,28.9,0ba3023f7d72ae64498cd359,
2026-07-12 17:35:56.771+00,29,0ba3023f7d72ae64498cd359,
2026-07-12 17:33:31.718+00,29.1,0ba3023f7d72ae64498cd359,
2026-07-12 17:31:06.728+00,29.2,0ba3023f7d72ae64498cd359,
2026-07-12 17:28:41.761+00,29.3,0ba3023f7d72ae64498cd359,
2026-07-12 17:26:16.751+00,29.4,0ba3023f7d72ae64498cd359,
2026-07-12 17:23:51.759+00,29.4,0ba3023f7d72ae64498cd359,
2026-07-12 17:21:26.763+00,29.5,0ba3023f7d72ae64498cd359,
2026-07-12 17:19:01.769+00,29.6,0ba3023f7d72ae64498cd359,
2026-07-12 17:16:36.724+00,29.7,0ba3023f7d72ae64498cd359,
2026-07-12 17:14:11.788+00,29.8,0ba3023f7d72ae64498cd359,
2026-07-12 17:11:46.764+00,29.8,0ba3023f7d72ae64498cd359,
2026-07-12 17:09:21.745+00,29.8,0ba3023f7d72ae64498cd359,
2026-07-12 17:06:56.785+00,29.9,0ba3023f7d72ae64498cd359,
2026-07-12 17:04:31.764+00,29.9,0ba3023f7d72ae64498cd359,
2026-07-12 17:02:06.747+00,29.9,0ba3023f7d72ae64498cd359,
2026-07-12 16:59:41.79+00,30,0ba3023f7d72ae64498cd359,
2026-07-12 16:54:58.286+00,30,0ba3023f7d72ae64498cd359,
2026-07-12 16:52:26.849+00,30.1,0ba3023f7d72ae64498cd359,
2026-07-12 16:50:01.782+00,30.1,0ba3023f7d72ae64498cd359,
2026-07-12 16:47:39.013+00,30.2,0ba3023f7d72ae64498cd359,
2026-07-12 16:45:11.747+00,30.2,0ba3023f7d72ae64498cd359,
2026-07-12 16:42:46.78+00,30.2,0ba3023f7d72ae64498cd359,
2026-07-12 16:40:21.765+00,30.2,0ba3023f7d72ae64498cd359,
2026-07-12 16:37:56.858+00,30.2,0ba3023f7d72ae64498cd359,
2026-07-12 16:35:31.801+00,30.3,0ba3023f7d72ae64498cd359,
2026-07-12 16:33:06.778+00,30.3,0ba3023f7d72ae64498cd359,
2026-07-12 16:30:41.757+00,30.4,0ba3023f7d72ae64498cd359,
2026-07-12 16:28:16.805+00,30.4,0ba3023f7d72ae64498cd359,
2026-07-12 16:25:51.783+00,30.5,0ba3023f7d72ae64498cd359,
2026-07-12 16:23:26.705+00,30.5,0ba3023f7d72ae64498cd359,
2026-07-12 16:21:01.795+00,30.5,0ba3023f7d72ae64498cd359,
2026-07-12 16:18:36.816+00,30.5,0ba3023f7d72ae64498cd359,
2026-07-12 16:16:11.757+00,30.6,0ba3023f7d72ae64498cd359,
2026-07-12 16:13:46.73+00,30.7,0ba3023f7d72ae64498cd359,
2026-07-12 16:11:21.895+00,30.8,0ba3023f7d72ae64498cd359,
2026-07-12 16:08:56.766+00,30.9,0ba3023f7d72ae64498cd359,
2026-07-12 16:06:31.833+00,30.9,0ba3023f7d72ae64498cd359,
2026-07-12 16:04:06.782+00,31,0ba3023f7d72ae64498cd359,
2026-07-12 16:01:41.773+00,31.1,0ba3023f7d72ae64498cd359,
2026-07-12 15:59:19.07+00,31.2,0ba3023f7d72ae64498cd359,
2026-07-12 15:56:51.682+00,31.2,0ba3023f7d72ae64498cd359,
2026-07-12 15:54:26.774+00,31.2,0ba3023f7d72ae64498cd359,
2026-07-12 15:52:01.717+00,31.2,0ba3023f7d72ae64498cd359,
2026-07-12 15:49:36.778+00,31.3,0ba3023f7d72ae64498cd359,
2026-07-12 15:47:11.783+00,31.3,0ba3023f7d72ae64498cd359,
2026-07-12 15:44:50.391+00,31.3,0ba3023f7d72ae64498cd359,
2026-07-12 15:42:21.815+00,31.3,0ba3023f7d72ae64498cd359,
2026-07-12 15:39:56.778+00,31.4,0ba3023f7d72ae64498cd359,
2026-07-12 15:37:31.804+00,31.4,0ba3023f7d72ae64498cd359,
2026-07-12 15:35:09.027+00,31.4,0ba3023f7d72ae64498cd359,
2026-07-12 15:32:41.783+00,31.4,0ba3023f7d72ae64498cd359,
2026-07-12 15:30:16.808+00,31.4,0ba3023f7d72ae64498cd359,
2026-07-12 15:27:51.773+00,31.4,0ba3023f7d72ae64498cd359,
2026-07-12 15:25:26.79+00,31.4,0ba3023f7d72ae64498cd359,
2026-07-12 15:23:01.925+00,31.4,0ba3023f7d72ae64498cd359,
2026-07-12 15:20:36.671+00,31.5,0ba3023f7d72ae64498cd359,
2026-07-12 15:18:11.688+00,31.5,0ba3023f7d72ae64498cd359,
2026-07-12 15:15:48.954+00,31.4,0ba3023f7d72ae64498cd359,
2026-07-12 15:13:21.674+00,31.5,0ba3023f7d72ae64498cd359,
2026-07-12 15:10:56.794+00,31.6,0ba3023f7d72ae64498cd359,
2026-07-12 15:08:31.829+00,31.6,0ba3023f7d72ae64498cd359,
2026-07-12 15:06:06.786+00,31.5,0ba3023f7d72ae64498cd359,
2026-07-12 15:03:41.787+00,31.5,0ba3023f7d72ae64498cd359,
2026-07-12 15:01:16.834+00,31.5,0ba3023f7d72ae64498cd359,
2026-07-12 14:58:51.677+00,31.5,0ba3023f7d72ae64498cd359,
2026-07-12 14:56:26.69+00,31.5,0ba3023f7d72ae64498cd359,
2026-07-12 14:54:01.725+00,31.6,0ba3023f7d72ae64498cd359,
2026-07-12 14:51:36.702+00,31.6,0ba3023f7d72ae64498cd359,
2026-07-12 14:49:11.66+00,31.6,0ba3023f7d72ae64498cd359,
2026-07-12 14:46:46.697+00,31.6,0ba3023f7d72ae64498cd359,
2026-07-12 14:44:21.685+00,31.5,0ba3023f7d72ae64498cd359,
2026-07-12 14:41:56.697+00,31.5,0ba3023f7d72ae64498cd359,
2026-07-12 14:39:31.698+00,31.5,0ba3023f7d72ae64498cd359,
2026-07-12 14:37:06.673+00,31.5,0ba3023f7d72ae64498cd359,
2026-07-12 14:34:45.366+00,31.5,0ba3023f7d72ae64498cd359,
2026-07-12 14:32:16.696+00,31.4,0ba3023f7d72ae64498cd359,
2026-07-12 14:29:51.638+00,31.3,0ba3023f7d72ae64498cd359,
2026-07-12 14:27:26.775+00,31.2,0ba3023f7d72ae64498cd359,
2026-07-12 14:25:01.715+00,31.1,0ba3023f7d72ae64498cd359,
2026-07-12 14:22:36.699+00,31.1,0ba3023f7d72ae64498cd359,
2026-07-12 14:20:11.687+00,31.1,0ba3023f7d72ae64498cd359,
2026-07-12 14:17:46.731+00,31.1,0ba3023f7d72ae64498cd359,
2026-07-12 14:15:21.687+00,31.2,0ba3023f7d72ae64498cd359,
2026-07-12 14:12:56.699+00,31.2,0ba3023f7d72ae64498cd359,
2026-07-12 14:10:31.726+00,31.3,0ba3023f7d72ae64498cd359,
2026-07-12 14:08:06.7+00,31.4,0ba3023f7d72ae64498cd359,
2026-07-12 14:05:41.691+00,31.4,0ba3023f7d72ae64498cd359,
2026-07-12 14:03:16.732+00,31.5,0ba3023f7d72ae64498cd359,
2026-07-12 14:00:51.697+00,31.5,0ba3023f7d72ae64498cd359,
2026-07-12 13:58:26.723+00,31.6,0ba3023f7d72ae64498cd359,
2026-07-12 13:56:01.735+00,31.6,0ba3023f7d72ae64498cd359,
2026-07-12 13:53:36.682+00,31.7,0ba3023f7d72ae64498cd359,
2026-07-12 13:51:11.716+00,31.8,0ba3023f7d72ae64498cd359,
2026-07-12 13:48:46.674+00,31.9,0ba3023f7d72ae64498cd359,
2026-07-12 13:46:21.698+00,31.9,0ba3023f7d72ae64498cd359,
2026-07-12 13:43:56.673+00,32,0ba3023f7d72ae64498cd359,
2026-07-12 13:41:31.734+00,32,0ba3023f7d72ae64498cd359,
2026-07-12 13:39:06.691+00,32.1,0ba3023f7d72ae64498cd359,
2026-07-12 13:36:41.702+00,32.2,0ba3023f7d72ae64498cd359,
2026-07-12 13:34:16.727+00,32.3,0ba3023f7d72ae64498cd359,
2026-07-12 13:31:51.725+00,32.4,0ba3023f7d72ae64498cd359,
2026-07-12 13:29:26.684+00,32.5,0ba3023f7d72ae64498cd359,
2026-07-12 13:27:01.755+00,32.6,0ba3023f7d72ae64498cd359,
2026-07-12 13:24:36.732+00,32.6,0ba3023f7d72ae64498cd359,
2026-07-12 13:19:57.499+00,32.6,0ba3023f7d72ae64498cd359,
2026-07-12 13:17:21.657+00,32.5,0ba3023f7d72ae64498cd359,
2026-07-12 13:14:56.751+00,32.5,0ba3023f7d72ae64498cd359,
2026-07-12 13:12:31.754+00,32.5,0ba3023f7d72ae64498cd359,
2026-07-12 13:10:06.7+00,32.6,0ba3023f7d72ae64498cd359,
2026-07-12 13:07:41.626+00,32.6,0ba3023f7d72ae64498cd359,
2026-07-12 13:05:16.746+00,32.6,0ba3023f7d72ae64498cd359,
2026-07-12 13:02:51.744+00,32.5,0ba3023f7d72ae64498cd359,
2026-07-12 13:00:26.722+00,32.5,0ba3023f7d72ae64498cd359,
2026-07-12 12:58:01.657+00,32.5,0ba3023f7d72ae64498cd359,
2026-07-12 12:55:36.703+00,32.5,0ba3023f7d72ae64498cd359,
2026-07-12 12:53:11.739+00,32.6,0ba3023f7d72ae64498cd359,
2026-07-12 12:50:46.735+00,32.6,0ba3023f7d72ae64498cd359,
2026-07-12 12:48:23.969+00,32.7,0ba3023f7d72ae64498cd359,
2026-07-12 12:45:56.692+00,32.8,0ba3023f7d72ae64498cd359,
2026-07-12 12:43:31.653+00,32.9,0ba3023f7d72ae64498cd359,
2026-07-12 12:41:06.629+00,33,0ba3023f7d72ae64498cd359,
2026-07-12 12:38:41.599+00,33,0ba3023f7d72ae64498cd359,
2026-07-12 12:36:16.638+00,33,0ba3023f7d72ae64498cd359,
2026-07-12 12:33:51.604+00,33,0ba3023f7d72ae64498cd359,
2026-07-12 12:31:26.617+00,32.9,0ba3023f7d72ae64498cd359,
2026-07-12 12:29:01.648+00,32.8,0ba3023f7d72ae64498cd359,
2026-07-12 12:26:36.615+00,32.7,0ba3023f7d72ae64498cd359,
2026-07-12 12:24:11.612+00,32.5,0ba3023f7d72ae64498cd359,
2026-07-12 12:21:46.665+00,32.4,0ba3023f7d72ae64498cd359,
2026-07-12 12:19:21.662+00,32.3,0ba3023f7d72ae64498cd359,
2026-07-12 12:16:56.634+00,32.2,0ba3023f7d72ae64498cd359,
2026-07-12 12:14:31.632+00,32.2,0ba3023f7d72ae64498cd359,
2026-07-12 12:12:06.637+00,32.2,0ba3023f7d72ae64498cd359,
2026-07-12 12:09:41.639+00,32.2,0ba3023f7d72ae64498cd359,
2026-07-12 12:07:16.672+00,32.3,0ba3023f7d72ae64498cd359,
2026-07-12 12:02:38.772+00,32.3,0ba3023f7d72ae64498cd359,
2026-07-12 12:00:01.666+00,32.4,0ba3023f7d72ae64498cd359,
2026-07-12 11:57:36.639+00,32.5,0ba3023f7d72ae64498cd359,
2026-07-12 11:55:11.741+00,32.6,0ba3023f7d72ae64498cd359,
2026-07-12 11:52:46.638+00,32.8,0ba3023f7d72ae64498cd359,
2026-07-12 11:50:21.638+00,33,0ba3023f7d72ae64498cd359,
2026-07-12 11:47:56.626+00,33.2,0ba3023f7d72ae64498cd359,
2026-07-12 11:45:31.672+00,33.5,0ba3023f7d72ae64498cd359,
2026-07-12 11:43:06.636+00,33.8,0ba3023f7d72ae64498cd359,
2026-07-12 11:40:41.585+00,34.1,0ba3023f7d72ae64498cd359,
2026-07-12 11:38:16.642+00,34.4,0ba3023f7d72ae64498cd359,
2026-07-12 11:35:51.608+00,34.7,0ba3023f7d72ae64498cd359,
2026-07-12 11:33:26.607+00,34.9,0ba3023f7d72ae64498cd359,
2026-07-12 11:31:01.711+00,34.8,0ba3023f7d72ae64498cd359,
2026-07-12 11:28:36.625+00,34.5,0ba3023f7d72ae64498cd359,
2026-07-12 11:26:11.638+00,34.1,0ba3023f7d72ae64498cd359,
2026-07-12 11:23:46.661+00,34,0ba3023f7d72ae64498cd359,
2026-07-12 11:21:21.644+00,34.2,0ba3023f7d72ae64498cd359,
2026-07-12 11:18:56.64+00,34.7,0ba3023f7d72ae64498cd359,
2026-07-12 11:16:31.676+00,35.3,0ba3023f7d72ae64498cd359,
2026-07-12 11:14:06.638+00,36,0ba3023f7d72ae64498cd359,
2026-07-12 11:11:41.641+00,36.5,0ba3023f7d72ae64498cd359,
2026-07-12 11:09:16.659+00,37,0ba3023f7d72ae64498cd359,
2026-07-12 11:06:51.641+00,37.5,0ba3023f7d72ae64498cd359,
2026-07-12 11:04:26.638+00,38.1,0ba3023f7d72ae64498cd359,
2026-07-12 11:02:01.672+00,38.5,0ba3023f7d72ae64498cd359,
2026-07-12 10:59:36.642+00,38.5,0ba3023f7d72ae64498cd359,
2026-07-12 10:57:11.662+00,38.8,0ba3023f7d72ae64498cd359,
2026-07-12 10:54:48.935+00,38.9,0ba3023f7d72ae64498cd359,
2026-07-12 10:52:21.585+00,38.9,0ba3023f7d72ae64498cd359,
2026-07-12 10:49:56.655+00,38.7,0ba3023f7d72ae64498cd359,
2026-07-12 10:47:31.67+00,38.7,0ba3023f7d72ae64498cd359,
2026-07-12 10:45:08.913+00,39,0ba3023f7d72ae64498cd359,
2026-07-12 10:42:41.643+00,38.7,0ba3023f7d72ae64498cd359,
2026-07-12 10:40:16.687+00,38.2,0ba3023f7d72ae64498cd359,
2026-07-12 10:37:51.565+00,37.7,0ba3023f7d72ae64498cd359,
2026-07-12 10:35:26.655+00,37.3,0ba3023f7d72ae64498cd359,
2026-07-12 10:33:01.589+00,36.9,0ba3023f7d72ae64498cd359,
2026-07-12 10:30:36.656+00,36.6,0ba3023f7d72ae64498cd359,
2026-07-12 10:28:11.662+00,36.6,0ba3023f7d72ae64498cd359,
2026-07-12 10:25:46.605+00,36.6,0ba3023f7d72ae64498cd359,
2026-07-12 10:23:21.662+00,36.3,0ba3023f7d72ae64498cd359,
2026-07-12 10:20:56.653+00,36,0ba3023f7d72ae64498cd359,
2026-07-12 10:18:31.692+00,36.1,0ba3023f7d72ae64498cd359,
2026-07-12 10:16:06.672+00,36.5,0ba3023f7d72ae64498cd359,
2026-07-12 10:13:41.651+00,37,0ba3023f7d72ae64498cd359,
2026-07-12 10:11:16.701+00,37.4,0ba3023f7d72ae64498cd359,
2026-07-12 10:08:51.667+00,37.8,0ba3023f7d72ae64498cd359,
2026-07-12 10:06:26.672+00,37.9,0ba3023f7d72ae64498cd359,
2026-07-12 10:04:01.577+00,38,0ba3023f7d72ae64498cd359,
2026-07-12 10:01:36.663+00,38.3,0ba3023f7d72ae64498cd359,
2026-07-12 09:59:11.546+00,38.4,0ba3023f7d72ae64498cd359,
2026-07-12 09:56:46.682+00,38.3,0ba3023f7d72ae64498cd359,
2026-07-12 09:54:21.569+00,38.7,0ba3023f7d72ae64498cd359,
2026-07-12 09:51:59.998+00,38.7,0ba3023f7d72ae64498cd359,
2026-07-12 09:49:31.604+00,38.9,0ba3023f7d72ae64498cd359,
2026-07-12 09:47:09.6+00,38.9,0ba3023f7d72ae64498cd359,
2026-07-12 09:44:41.569+00,39,0ba3023f7d72ae64498cd359,
2026-07-12 09:42:16.591+00,38.9,0ba3023f7d72ae64498cd359,
2026-07-12 09:39:51.563+00,38.7,0ba3023f7d72ae64498cd359,
2026-07-12 09:37:26.562+00,38.5,0ba3023f7d72ae64498cd359,
2026-07-12 09:35:01.583+00,38.5,0ba3023f7d72ae64498cd359,
2026-07-12 09:32:36.558+00,38.5,0ba3023f7d72ae64498cd359,
2026-07-12 09:30:11.58+00,38.3,0ba3023f7d72ae64498cd359,
2026-07-12 09:27:46.587+00,38,0ba3023f7d72ae64498cd359,
2026-07-12 09:25:23.808+00,37.7,0ba3023f7d72ae64498cd359,
2026-07-12 09:22:56.563+00,37.4,0ba3023f7d72ae64498cd359,
2026-07-12 09:20:31.581+00,28.2,0ba3023f7d72ae64498cd359,
2026-07-12 09:18:06.554+00,36.9,0ba3023f7d72ae64498cd359,
2026-07-12 09:15:41.552+00,36.8,0ba3023f7d72ae64498cd359,
2026-07-12 09:13:16.586+00,37.4,0ba3023f7d72ae64498cd359,
2026-07-12 09:10:51.595+00,38,0ba3023f7d72ae64498cd359,
2026-07-12 09:08:26.569+00,38.7,0ba3023f7d72ae64498cd359,
2026-07-12 09:06:01.597+00,39.3,0ba3023f7d72ae64498cd359,
2026-07-12 09:03:36.546+00,39.8,0ba3023f7d72ae64498cd359,
2026-07-12 09:01:11.571+00,40.2,0ba3023f7d72ae64498cd359,
2026-07-12 08:58:46.606+00,40.5,0ba3023f7d72ae64498cd359,
2026-07-12 08:56:21.588+00,40.8,0ba3023f7d72ae64498cd359,
2026-07-12 08:53:56.583+00,40.7,0ba3023f7d72ae64498cd359,
2026-07-12 08:51:31.587+00,40.5,0ba3023f7d72ae64498cd359,
2026-07-12 08:49:06.578+00,40.4,0ba3023f7d72ae64498cd359,
2026-07-12 08:46:41.571+00,40.2,0ba3023f7d72ae64498cd359,
2026-07-12 08:44:16.71+00,39.8,0ba3023f7d72ae64498cd359,
2026-07-12 08:41:51.581+00,39.5,0ba3023f7d72ae64498cd359,
2026-07-12 08:39:26.589+00,39.1,0ba3023f7d72ae64498cd359,
2026-07-12 08:37:01.606+00,38.9,0ba3023f7d72ae64498cd359,
2026-07-12 08:34:36.592+00,38.7,0ba3023f7d72ae64498cd359,
2026-07-12 08:29:59.37+00,38.7,0ba3023f7d72ae64498cd359,
2026-07-12 08:27:21.594+00,39,0ba3023f7d72ae64498cd359,
2026-07-12 08:24:56.597+00,39.4,0ba3023f7d72ae64498cd359,
2026-07-12 08:22:31.634+00,39.4,0ba3023f7d72ae64498cd359,
2026-07-12 08:20:06.567+00,39.4,0ba3023f7d72ae64498cd359,
2026-07-12 08:17:41.593+00,39.2,0ba3023f7d72ae64498cd359,
2026-07-12 08:15:16.73+00,38.9,0ba3023f7d72ae64498cd359,
2026-07-12 08:12:51.581+00,38.6,0ba3023f7d72ae64498cd359,
2026-07-12 08:10:26.585+00,38.5,0ba3023f7d72ae64498cd359,
2026-07-12 08:08:01.706+00,38.3,0ba3023f7d72ae64498cd359,
2026-07-12 08:05:36.601+00,38,0ba3023f7d72ae64498cd359,
2026-07-12 08:03:11.705+00,37.6,0ba3023f7d72ae64498cd359,
2026-07-12 08:00:46.608+00,37.2,0ba3023f7d72ae64498cd359,
2026-07-12 07:58:21.572+00,37,0ba3023f7d72ae64498cd359,
2026-07-12 07:55:56.597+00,36.6,0ba3023f7d72ae64498cd359,
2026-07-12 07:53:34.602+00,36.6,0ba3023f7d72ae64498cd359,
2026-07-12 07:51:06.603+00,35.5,0ba3023f7d72ae64498cd359,
2026-07-12 07:48:41.519+00,34.9,0ba3023f7d72ae64498cd359,
2026-07-12 07:46:16.624+00,34.1,0ba3023f7d72ae64498cd359,
2026-07-12 07:43:51.609+00,33.3,0ba3023f7d72ae64498cd359,
2026-07-12 07:41:26.591+00,32.6,0ba3023f7d72ae64498cd359,
2026-07-12 07:39:01.625+00,31.8,0ba3023f7d72ae64498cd359,
2026-07-12 07:36:36.717+00,30.8,0ba3023f7d72ae64498cd359,
2026-07-12 07:34:11.611+00,29.8,0ba3023f7d72ae64498cd359,
2026-07-12 07:31:46.623+00,28.6,0ba3023f7d72ae64498cd359,
2026-07-12 07:29:21.607+00,27.4,0ba3023f7d72ae64498cd359,
2026-07-12 07:26:56.584+00,26.2,0ba3023f7d72ae64498cd359,
2026-07-12 07:24:31.651+00,24.8,0ba3023f7d72ae64498cd359,
2026-07-12 07:19:52.224+00,24.8,0ba3023f7d72ae64498cd359,
2026-07-12 07:17:19.656+00,23.6,0ba3023f7d72ae64498cd359,
2026-07-12 07:14:51.589+00,22.2,0ba3023f7d72ae64498cd359,
2026-07-12 07:12:26.518+00,22,0ba3023f7d72ae64498cd359,
2026-07-12 07:10:04.562+00,22,0ba3023f7d72ae64498cd359,
2026-07-12 07:07:36.494+00,21.9,0ba3023f7d72ae64498cd359,
2026-07-12 07:05:11.51+00,21.8,0ba3023f7d72ae64498cd359,
2026-07-12 07:02:46.53+00,21.7,0ba3023f7d72ae64498cd359,
2026-07-12 07:00:21.482+00,21.6,0ba3023f7d72ae64498cd359,
2026-07-12 06:57:56.5+00,21.6,0ba3023f7d72ae64498cd359,
2026-07-12 06:55:31.535+00,21.5,0ba3023f7d72ae64498cd359,
2026-07-12 06:53:06.507+00,21.4,0ba3023f7d72ae64498cd359,
2026-07-12 06:50:41.495+00,21.4,0ba3023f7d72ae64498cd359,
2026-07-12 06:48:16.53+00,21.3,0ba3023f7d72ae64498cd359,
2026-07-12 06:45:51.519+00,21.2,0ba3023f7d72ae64498cd359,
2026-07-12 06:43:26.506+00,21,0ba3023f7d72ae64498cd359,
2026-07-12 06:41:01.535+00,20.9,0ba3023f7d72ae64498cd359,
2026-07-12 06:38:36.531+00,20.8,0ba3023f7d72ae64498cd359,
2026-07-12 06:36:11.517+00,20.8,0ba3023f7d72ae64498cd359,
2026-07-12 06:33:46.551+00,20.8,0ba3023f7d72ae64498cd359,
2026-07-12 06:31:21.512+00,20.8,0ba3023f7d72ae64498cd359,
2026-07-12 06:28:56.517+00,20.7,0ba3023f7d72ae64498cd359,
2026-07-12 06:26:31.551+00,20.7,0ba3023f7d72ae64498cd359,
2026-07-12 06:24:06.517+00,20.6,0ba3023f7d72ae64498cd359,
2026-07-12 06:21:41.527+00,20.6,0ba3023f7d72ae64498cd359,
2026-07-12 06:19:16.509+00,20.5,0ba3023f7d72ae64498cd359,
2026-07-12 06:16:51.515+00,20.4,0ba3023f7d72ae64498cd359,
2026-07-12 06:14:26.529+00,20.4,0ba3023f7d72ae64498cd359,
2026-07-12 06:12:01.56+00,20.3,0ba3023f7d72ae64498cd359,
2026-07-12 06:09:36.519+00,54.4,0ba3023f7d72ae64498cd359,
2026-07-12 06:07:11.505+00,20.2,0ba3023f7d72ae64498cd359,
2026-07-12 06:04:48.808+00,20.2,0ba3023f7d72ae64498cd359,
2026-07-12 05:59:56.531+00,20,0ba3023f7d72ae64498cd359,
2026-07-12 05:57:31.534+00,19.9,0ba3023f7d72ae64498cd359,
2026-07-12 05:55:06.567+00,19.8,0ba3023f7d72ae64498cd359,
2026-07-12 05:52:41.511+00,19.7,0ba3023f7d72ae64498cd359,
2026-07-12 05:50:16.63+00,19.6,0ba3023f7d72ae64498cd359,
2026-07-12 05:47:51.544+00,19.5,0ba3023f7d72ae64498cd359,
2026-07-12 05:45:26.512+00,19.5,0ba3023f7d72ae64498cd359,
2026-07-12 05:43:01.538+00,19.4,0ba3023f7d72ae64498cd359,
2026-07-12 05:40:36.547+00,19.3,0ba3023f7d72ae64498cd359,
2026-07-12 05:38:11.525+00,19.2,0ba3023f7d72ae64498cd359,
2026-07-12 05:35:46.534+00,19.1,0ba3023f7d72ae64498cd359,
2026-07-12 05:33:21.566+00,19,0ba3023f7d72ae64498cd359,
2026-07-12 05:30:56.513+00,18.9,0ba3023f7d72ae64498cd359,
2026-07-12 05:28:31.539+00,18.8,0ba3023f7d72ae64498cd359,
2026-07-12 05:26:06.562+00,18.8,0ba3023f7d72ae64498cd359,
2026-07-12 05:23:41.524+00,18.7,0ba3023f7d72ae64498cd359,
2026-07-12 05:21:18.78+00,18.6,0ba3023f7d72ae64498cd359,
2026-07-12 05:18:51.572+00,18.5,0ba3023f7d72ae64498cd359,
2026-07-12 05:16:26.53+00,18.4,0ba3023f7d72ae64498cd359,
2026-07-12 05:14:01.576+00,18.4,0ba3023f7d72ae64498cd359,
2026-07-12 05:11:36.569+00,18.3,0ba3023f7d72ae64498cd359,
2026-07-12 05:09:11.536+00,18.2,0ba3023f7d72ae64498cd359,
2026-07-12 05:06:46.522+00,18.2,0ba3023f7d72ae64498cd359,
2026-07-12 05:04:21.566+00,18.1,0ba3023f7d72ae64498cd359,
2026-07-12 05:01:56.546+00,18.1,0ba3023f7d72ae64498cd359,
2026-07-12 04:59:31.449+00,18.1,0ba3023f7d72ae64498cd359,
2026-07-12 04:57:06.589+00,18.1,0ba3023f7d72ae64498cd359,
2026-07-12 04:54:41.438+00,18,0ba3023f7d72ae64498cd359,
2026-07-12 04:52:16.455+00,18,0ba3023f7d72ae64498cd359,
2026-07-12 04:49:56.497+00,18,0ba3023f7d72ae64498cd359,
2026-07-12 04:47:26.54+00,17.9,0ba3023f7d72ae64498cd359,
2026-07-12 04:45:01.451+00,17.9,0ba3023f7d72ae64498cd359,
2026-07-12 04:42:36.572+00,17.8,0ba3023f7d72ae64498cd359,
2026-07-12 04:40:11.435+00,17.8,0ba3023f7d72ae64498cd359,
2026-07-12 04:37:46.444+00,17.7,0ba3023f7d72ae64498cd359,
2026-07-12 04:35:21.454+00,17.7,0ba3023f7d72ae64498cd359,
2026-07-12 04:32:56.437+00,17.6,0ba3023f7d72ae64498cd359,
2026-07-12 04:30:31.449+00,17.6,0ba3023f7d72ae64498cd359,
2026-07-12 04:28:06.48+00,17.5,0ba3023f7d72ae64498cd359,
2026-07-12 04:25:41.456+00,17.5,0ba3023f7d72ae64498cd359,
2026-07-12 04:23:16.448+00,17.5,0ba3023f7d72ae64498cd359,
2026-07-12 04:20:51.484+00,17.4,0ba3023f7d72ae64498cd359,
2026-07-12 04:18:26.453+00,17.4,0ba3023f7d72ae64498cd359,
2026-07-12 04:16:01.547+00,17.4,0ba3023f7d72ae64498cd359,
2026-07-12 04:13:36.6+00,17.4,0ba3023f7d72ae64498cd359,
2026-07-12 04:11:11.462+00,17.3,0ba3023f7d72ae64498cd359,
2026-07-12 04:08:46.45+00,17.3,0ba3023f7d72ae64498cd359,
2026-07-12 04:06:21.488+00,17.2,0ba3023f7d72ae64498cd359,
2026-07-12 04:03:56.46+00,17.2,0ba3023f7d72ae64498cd359,
2026-07-12 04:01:31.447+00,17.1,0ba3023f7d72ae64498cd359,
2026-07-12 03:59:06.496+00,17.1,0ba3023f7d72ae64498cd359,
2026-07-12 03:56:41.47+00,17,0ba3023f7d72ae64498cd359,
2026-07-12 03:54:16.445+00,17,0ba3023f7d72ae64498cd359,
2026-07-12 03:51:51.476+00,16.9,0ba3023f7d72ae64498cd359,
2026-07-12 03:49:26.443+00,16.8,0ba3023f7d72ae64498cd359,
2026-07-12 03:47:01.571+00,16.8,0ba3023f7d72ae64498cd359,
2026-07-12 03:44:36.497+00,16.7,0ba3023f7d72ae64498cd359,
2026-07-12 03:39:53.854+00,16.7,0ba3023f7d72ae64498cd359,
2026-07-12 03:37:21.445+00,16.7,0ba3023f7d72ae64498cd359,
2026-07-12 03:34:56.493+00,16.6,0ba3023f7d72ae64498cd359,
2026-07-12 03:32:31.442+00,16.6,0ba3023f7d72ae64498cd359,
2026-07-12 03:30:08.715+00,16.5,0ba3023f7d72ae64498cd359,
2026-07-12 03:27:41.484+00,16.5,0ba3023f7d72ae64498cd359,
2026-07-12 03:25:16.463+00,16.4,0ba3023f7d72ae64498cd359,
2026-07-12 03:22:53.719+00,16.4,0ba3023f7d72ae64498cd359,
2026-07-12 03:20:26.495+00,16.3,0ba3023f7d72ae64498cd359,
2026-07-12 03:18:01.455+00,16.2,0ba3023f7d72ae64498cd359,
2026-07-12 03:15:36.456+00,16.2,0ba3023f7d72ae64498cd359,
2026-07-12 03:13:11.487+00,16.1,0ba3023f7d72ae64498cd359,
2026-07-12 03:10:46.463+00,16.1,0ba3023f7d72ae64498cd359,
2026-07-12 03:08:21.447+00,16.1,0ba3023f7d72ae64498cd359,
2026-07-12 03:05:56.491+00,16.1,0ba3023f7d72ae64498cd359,
2026-07-12 03:03:31.463+00,16.1,0ba3023f7d72ae64498cd359,
2026-07-12 03:01:06.491+00,16.1,0ba3023f7d72ae64498cd359,
2026-07-12 02:58:44.446+00,16.1,0ba3023f7d72ae64498cd359,
2026-07-12 02:56:16.471+00,16.1,0ba3023f7d72ae64498cd359,
2026-07-12 02:53:51.452+00,16.1,0ba3023f7d72ae64498cd359,
2026-07-12 02:51:26.498+00,16.2,0ba3023f7d72ae64498cd359,
2026-07-12 02:49:01.459+00,16.2,0ba3023f7d72ae64498cd359,
2026-07-12 02:46:36.484+00,16.2,0ba3023f7d72ae64498cd359,
2026-07-12 02:44:11.492+00,16.2,0ba3023f7d72ae64498cd359,
2026-07-12 02:41:46.464+00,16.3,0ba3023f7d72ae64498cd359,
2026-07-12 02:39:21.464+00,16.3,0ba3023f7d72ae64498cd359,
2026-07-12 02:36:56.488+00,16.4,0ba3023f7d72ae64498cd359,
2026-07-12 02:34:31.458+00,16.4,0ba3023f7d72ae64498cd359,
2026-07-12 02:29:48.712+00,16.4,0ba3023f7d72ae64498cd359,
2026-07-12 02:27:18.815+00,16.4,0ba3023f7d72ae64498cd359,
2026-07-12 02:24:51.452+00,16.5,0ba3023f7d72ae64498cd359,
2026-07-12 02:22:26.493+00,16.5,0ba3023f7d72ae64498cd359,
2026-07-12 02:20:01.474+00,16.5,0ba3023f7d72ae64498cd359,
2026-07-12 02:17:36.481+00,16.5,0ba3023f7d72ae64498cd359,
2026-07-12 02:15:11.441+00,16.5,0ba3023f7d72ae64498cd359,
2026-07-12 02:12:46.5+00,16.5,0ba3023f7d72ae64498cd359,
2026-07-12 02:10:21.398+00,16.4,0ba3023f7d72ae64498cd359,
2026-07-12 02:07:59.622+00,16.4,0ba3023f7d72ae64498cd359,
2026-07-12 02:05:31.478+00,16.5,0ba3023f7d72ae64498cd359,
2026-07-12 02:03:06.388+00,16.5,0ba3023f7d72ae64498cd359,
2026-07-12 02:00:41.422+00,16.6,0ba3023f7d72ae64498cd359,
2026-07-12 01:58:16.396+00,16.6,0ba3023f7d72ae64498cd359,
2026-07-12 01:55:51.384+00,16.6,0ba3023f7d72ae64498cd359,
2026-07-12 01:53:28.661+00,16.5,0ba3023f7d72ae64498cd359,
2026-07-12 01:51:01.397+00,16.5,0ba3023f7d72ae64498cd359,
2026-07-12 01:48:36.397+00,16.5,0ba3023f7d72ae64498cd359,
2026-07-12 01:46:11.4+00,16.5,0ba3023f7d72ae64498cd359,
2026-07-12 01:43:46.377+00,16.6,0ba3023f7d72ae64498cd359,
2026-07-12 01:41:21.399+00,16.6,0ba3023f7d72ae64498cd359,
2026-07-12 01:38:56.397+00,16.6,0ba3023f7d72ae64498cd359,
2026-07-12 01:36:31.391+00,16.6,0ba3023f7d72ae64498cd359,
2026-07-12 01:34:06.376+00,16.6,0ba3023f7d72ae64498cd359,
2026-07-12 01:31:41.51+00,16.6,0ba3023f7d72ae64498cd359,
2026-07-12 01:29:16.51+00,16.7,0ba3023f7d72ae64498cd359,
2026-07-12 01:26:51.473+00,16.7,0ba3023f7d72ae64498cd359,
2026-07-12 01:24:26.449+00,16.8,0ba3023f7d72ae64498cd359,
2026-07-12 01:22:04.724+00,16.8,0ba3023f7d72ae64498cd359,
2026-07-12 01:17:11.432+00,16.9,0ba3023f7d72ae64498cd359,
2026-07-12 01:14:46.386+00,17,0ba3023f7d72ae64498cd359,
2026-07-12 01:12:21.497+00,17,0ba3023f7d72ae64498cd359,
2026-07-12 01:09:56.426+00,17.1,0ba3023f7d72ae64498cd359,
2026-07-12 01:07:31.388+00,17.2,0ba3023f7d72ae64498cd359,
2026-07-12 01:05:06.418+00,17.2,0ba3023f7d72ae64498cd359,
2026-07-12 01:02:41.424+00,17.3,0ba3023f7d72ae64498cd359,
2026-07-12 01:00:16.4+00,17.4,0ba3023f7d72ae64498cd359,
2026-07-12 00:57:51.418+00,17.4,0ba3023f7d72ae64498cd359,
2026-07-12 00:55:26.447+00,17.5,0ba3023f7d72ae64498cd359,
2026-07-12 00:53:01.402+00,17.5,0ba3023f7d72ae64498cd359,
2026-07-12 00:50:36.402+00,17.6,0ba3023f7d72ae64498cd359,
2026-07-12 00:48:11.432+00,17.7,0ba3023f7d72ae64498cd359,
2026-07-12 00:45:46.359+00,17.9,0ba3023f7d72ae64498cd359,
2026-07-12 00:43:21.51+00,18,0ba3023f7d72ae64498cd359,
2026-07-12 00:40:56.389+00,18.1,0ba3023f7d72ae64498cd359,
2026-07-12 00:38:31.384+00,18.1,0ba3023f7d72ae64498cd359,
2026-07-12 00:36:06.414+00,18.2,0ba3023f7d72ae64498cd359,
2026-07-12 00:33:41.443+00,18.3,0ba3023f7d72ae64498cd359,
2026-07-12 00:31:16.417+00,18.4,0ba3023f7d72ae64498cd359,
2026-07-12 00:28:51.402+00,18.5,0ba3023f7d72ae64498cd359,
2026-07-12 00:26:26.425+00,18.5,0ba3023f7d72ae64498cd359,
2026-07-12 00:24:01.401+00,18.6,0ba3023f7d72ae64498cd359,
2026-07-12 00:21:36.397+00,18.7,0ba3023f7d72ae64498cd359,
2026-07-12 00:19:11.431+00,18.7,0ba3023f7d72ae64498cd359,
2026-07-12 00:16:46.409+00,18.8,0ba3023f7d72ae64498cd359,
2026-07-12 00:14:24.373+00,18.8,0ba3023f7d72ae64498cd359,
2026-07-12 00:11:56.44+00,19,0ba3023f7d72ae64498cd359,
2026-07-12 00:09:31.405+00,19,0ba3023f7d72ae64498cd359,
2026-07-12 00:07:06.36+00,19,0ba3023f7d72ae64498cd359,
2026-07-12 00:04:44.702+00,19.1,0ba3023f7d72ae64498cd359,
2026-07-12 00:02:16.406+00,19.2,0ba3023f7d72ae64498cd359,
2026-07-11 23:59:51.519+00,19.2,0ba3023f7d72ae64498cd359,
2026-07-11 23:57:26.449+00,19.3,0ba3023f7d72ae64498cd359,
2026-07-11 23:55:01.414+00,19.3,0ba3023f7d72ae64498cd359,
2026-07-11 23:52:36.511+00,19.4,0ba3023f7d72ae64498cd359,
2026-07-11 23:50:11.43+00,19.4,0ba3023f7d72ae64498cd359,
2026-07-11 23:47:46.407+00,19.5,0ba3023f7d72ae64498cd359,
2026-07-11 23:45:21.419+00,19.6,0ba3023f7d72ae64498cd359,
2026-07-11 23:42:56.44+00,19.6,0ba3023f7d72ae64498cd359,
2026-07-11 23:40:31.412+00,19.6,0ba3023f7d72ae64498cd359,
2026-07-11 23:38:06.528+00,19.7,0ba3023f7d72ae64498cd359,
2026-07-11 23:35:41.464+00,19.7,0ba3023f7d72ae64498cd359,
2026-07-11 23:33:16.423+00,19.7,0ba3023f7d72ae64498cd359,
2026-07-11 23:30:51.346+00,19.7,0ba3023f7d72ae64498cd359,
2026-07-11 23:28:26.363+00,19.7,0ba3023f7d72ae64498cd359,
2026-07-11 23:26:01.34+00,19.7,0ba3023f7d72ae64498cd359,
2026-07-11 23:23:36.331+00,19.7,0ba3023f7d72ae64498cd359,
2026-07-11 23:21:11.378+00,19.8,0ba3023f7d72ae64498cd359,
2026-07-11 23:18:46.347+00,50.6,0ba3023f7d72ae64498cd359,
2026-07-11 23:16:21.319+00,19.8,0ba3023f7d72ae64498cd359,
2026-07-11 23:13:56.355+00,19.8,0ba3023f7d72ae64498cd359,
2026-07-11 23:11:31.468+00,19.8,0ba3023f7d72ae64498cd359,
2026-07-11 23:09:06.343+00,19.8,0ba3023f7d72ae64498cd359,
2026-07-11 23:06:41.37+00,19.8,0ba3023f7d72ae64498cd359,
2026-07-11 23:04:16.331+00,19.8,0ba3023f7d72ae64498cd359,
2026-07-11 23:01:51.407+00,19.8,0ba3023f7d72ae64498cd359,
2026-07-11 22:59:26.432+00,19.9,0ba3023f7d72ae64498cd359,
2026-07-11 22:57:01.326+00,19.9,0ba3023f7d72ae64498cd359,
2026-07-11 22:52:11.352+00,19.9,0ba3023f7d72ae64498cd359,
2026-07-11 22:49:46.43+00,19.9,0ba3023f7d72ae64498cd359,
2026-07-11 22:47:21.419+00,19.9,0ba3023f7d72ae64498cd359,
2026-07-11 22:44:56.458+00,20,0ba3023f7d72ae64498cd359,
2026-07-11 22:42:31.428+00,20,0ba3023f7d72ae64498cd359,
2026-07-11 22:40:06.432+00,20,0ba3023f7d72ae64498cd359,
2026-07-11 22:37:41.367+00,20.1,0ba3023f7d72ae64498cd359,
2026-07-11 22:35:16.311+00,20.1,0ba3023f7d72ae64498cd359,
2026-07-11 22:32:51.326+00,20.1,0ba3023f7d72ae64498cd359,
2026-07-11 22:30:26.381+00,20.2,0ba3023f7d72ae64498cd359,
2026-07-11 22:28:01.34+00,20.2,0ba3023f7d72ae64498cd359,
2026-07-11 22:25:36.336+00,20.2,0ba3023f7d72ae64498cd359,
2026-07-11 22:23:11.342+00,20.3,0ba3023f7d72ae64498cd359,
2026-07-11 22:20:46.322+00,20.3,0ba3023f7d72ae64498cd359,
2026-07-11 22:18:21.334+00,20.3,0ba3023f7d72ae64498cd359,
2026-07-11 22:15:56.398+00,20.4,0ba3023f7d72ae64498cd359,
2026-07-11 22:13:31.336+00,20.4,0ba3023f7d72ae64498cd359,
2026-07-11 22:11:06.356+00,20.4,0ba3023f7d72ae64498cd359,
2026-07-11 22:08:41.359+00,20.4,0ba3023f7d72ae64498cd359,
2026-07-11 22:06:16.299+00,20.5,0ba3023f7d72ae64498cd359,
2026-07-11 22:03:51.357+00,20.5,0ba3023f7d72ae64498cd359,
2026-07-11 22:01:26.347+00,20.5,0ba3023f7d72ae64498cd359,
2026-07-11 21:59:01.336+00,20.6,0ba3023f7d72ae64498cd359,
2026-07-11 21:56:36.342+00,20.6,0ba3023f7d72ae64498cd359,
2026-07-11 21:54:11.364+00,20.7,0ba3023f7d72ae64498cd359,
2026-07-11 21:51:46.371+00,20.7,0ba3023f7d72ae64498cd359,
2026-07-11 21:49:21.343+00,20.8,0ba3023f7d72ae64498cd359,
2026-07-11 21:46:56.465+00,20.8,0ba3023f7d72ae64498cd359,
2026-07-11 21:44:31.338+00,20.8,0ba3023f7d72ae64498cd359,
2026-07-11 21:42:06.322+00,20.9,0ba3023f7d72ae64498cd359,
2026-07-11 21:39:41.372+00,20.9,0ba3023f7d72ae64498cd359,
2026-07-11 21:37:16.334+00,20.9,0ba3023f7d72ae64498cd359,
2026-07-11 21:34:55.235+00,21,0ba3023f7d72ae64498cd359,
2026-07-11 21:32:26.375+00,21,0ba3023f7d72ae64498cd359,
2026-07-11 21:30:04.294+00,21,0ba3023f7d72ae64498cd359,
2026-07-11 21:27:36.344+00,21.1,0ba3023f7d72ae64498cd359,
2026-07-11 21:25:13.625+00,21.2,0ba3023f7d72ae64498cd359,
2026-07-11 21:22:46.333+00,21.2,0ba3023f7d72ae64498cd359,
2026-07-11 21:20:21.357+00,21.2,0ba3023f7d72ae64498cd359,
2026-07-11 21:17:58.943+00,21.3,0ba3023f7d72ae64498cd359,
2026-07-11 21:15:31.342+00,21.3,0ba3023f7d72ae64498cd359,
2026-07-11 21:13:06.351+00,21.4,0ba3023f7d72ae64498cd359,
2026-07-11 21:10:41.378+00,21.4,0ba3023f7d72ae64498cd359,
2026-07-11 21:08:16.453+00,21.4,0ba3023f7d72ae64498cd359,
2026-07-11 21:05:51.344+00,21.5,0ba3023f7d72ae64498cd359,
2026-07-11 21:03:26.376+00,21.5,0ba3023f7d72ae64498cd359,
2026-07-11 21:01:01.282+00,21.5,0ba3023f7d72ae64498cd359,
2026-07-11 20:58:36.287+00,21.6,0ba3023f7d72ae64498cd359,
2026-07-11 20:56:11.303+00,21.6,0ba3023f7d72ae64498cd359,
2026-07-11 20:53:46.302+00,21.7,0ba3023f7d72ae64498cd359,
2026-07-11 20:51:21.285+00,21.7,0ba3023f7d72ae64498cd359,
2026-07-11 20:48:56.317+00,21.8,0ba3023f7d72ae64498cd359,
2026-07-11 20:46:31.282+00,21.8,0ba3023f7d72ae64498cd359,
2026-07-11 20:44:06.262+00,21.9,0ba3023f7d72ae64498cd359,
2026-07-11 20:41:44.314+00,21.9,0ba3023f7d72ae64498cd359,
2026-07-11 20:39:16.287+00,21.9,0ba3023f7d72ae64498cd359,
2026-07-11 20:36:51.266+00,22,0ba3023f7d72ae64498cd359,
2026-07-11 20:34:26.313+00,22,0ba3023f7d72ae64498cd359,
2026-07-11 20:32:01.273+00,22.1,0ba3023f7d72ae64498cd359,
2026-07-11 20:29:36.256+00,22.1,0ba3023f7d72ae64498cd359,
2026-07-11 20:27:11.304+00,22.2,0ba3023f7d72ae64498cd359,
2026-07-11 20:24:46.345+00,22.2,0ba3023f7d72ae64498cd359,
2026-07-11 20:22:26.825+00,22.2,0ba3023f7d72ae64498cd359,
2026-07-11 20:19:56.34+00,22.3,0ba3023f7d72ae64498cd359,
2026-07-11 20:17:31.363+00,22.4,0ba3023f7d72ae64498cd359,
2026-07-11 20:15:06.352+00,22.5,0ba3023f7d72ae64498cd359,
2026-07-11 20:12:41.388+00,22.5,0ba3023f7d72ae64498cd359,
2026-07-11 20:10:16.381+00,22.6,0ba3023f7d72ae64498cd359,
2026-07-11 20:07:51.295+00,22.6,0ba3023f7d72ae64498cd359,
2026-07-11 20:05:26.4+00,22.7,0ba3023f7d72ae64498cd359,
2026-07-11 20:03:01.308+00,22.7,0ba3023f7d72ae64498cd359,
2026-07-11 20:00:36.355+00,22.8,0ba3023f7d72ae64498cd359,
2026-07-11 19:58:11.503+00,22.8,0ba3023f7d72ae64498cd359,
2026-07-11 19:55:46.268+00,22.9,0ba3023f7d72ae64498cd359,
2026-07-11 19:53:21.258+00,22.9,0ba3023f7d72ae64498cd359,
2026-07-11 19:50:56.295+00,23,0ba3023f7d72ae64498cd359,
2026-07-11 19:48:31.284+00,23.1,0ba3023f7d72ae64498cd359,
2026-07-11 19:46:06.262+00,23.2,0ba3023f7d72ae64498cd359,
2026-07-11 19:43:41.304+00,23.3,0ba3023f7d72ae64498cd359,
2026-07-11 19:41:16.284+00,23.4,0ba3023f7d72ae64498cd359,
2026-07-11 19:38:51.274+00,23.5,0ba3023f7d72ae64498cd359,
2026-07-11 19:36:26.305+00,42.2,0ba3023f7d72ae64498cd359,
2026-07-11 19:34:01.262+00,23.7,0ba3023f7d72ae64498cd359,
2026-07-11 19:31:36.259+00,23.8,0ba3023f7d72ae64498cd359,
2026-07-11 19:29:11.294+00,23.9,0ba3023f7d72ae64498cd359,
2026-07-11 19:26:46.251+00,24,0ba3023f7d72ae64498cd359,
2026-07-11 19:24:21.263+00,24.1,0ba3023f7d72ae64498cd359,
2026-07-11 19:21:56.274+00,24.2,0ba3023f7d72ae64498cd359,
2026-07-11 19:19:31.3+00,24.3,0ba3023f7d72ae64498cd359,
2026-07-11 19:17:06.243+00,24.4,0ba3023f7d72ae64498cd359,
2026-07-11 19:14:43.595+00,24.5,0ba3023f7d72ae64498cd359,
2026-07-11 19:09:57.175+00,24.6,0ba3023f7d72ae64498cd359,
2026-07-11 19:07:26.255+00,24.7,0ba3023f7d72ae64498cd359,
2026-07-11 19:05:01.317+00,24.8,0ba3023f7d72ae64498cd359,
2026-07-11 19:02:36.251+00,24.9,0ba3023f7d72ae64498cd359,
2026-07-11 19:00:11.297+00,25,0ba3023f7d72ae64498cd359,
2026-07-11 18:57:46.264+00,25.1,0ba3023f7d72ae64498cd359,
2026-07-11 18:55:21.286+00,25.2,0ba3023f7d72ae64498cd359,
2026-07-11 18:52:56.253+00,25.2,0ba3023f7d72ae64498cd359,
2026-07-11 18:50:31.411+00,25.3,0ba3023f7d72ae64498cd359,
2026-07-11 18:48:06.253+00,25.4,0ba3023f7d72ae64498cd359,
2026-07-11 18:45:41.296+00,25.5,0ba3023f7d72ae64498cd359,
2026-07-11 18:43:16.27+00,25.6,0ba3023f7d72ae64498cd359,
2026-07-11 18:40:51.318+00,25.6,0ba3023f7d72ae64498cd359,
2026-07-11 18:38:26.236+00,25.7,0ba3023f7d72ae64498cd359,
2026-07-11 18:36:01.333+00,25.8,0ba3023f7d72ae64498cd359,
2026-07-11 18:33:36.291+00,25.8,0ba3023f7d72ae64498cd359,
2026-07-11 18:31:11.297+00,25.9,0ba3023f7d72ae64498cd359,
2026-07-11 18:28:46.263+00,25.9,0ba3023f7d72ae64498cd359,
2026-07-11 18:26:21.295+00,26,0ba3023f7d72ae64498cd359,
2026-07-11 18:23:56.23+00,26,0ba3023f7d72ae64498cd359,
2026-07-11 18:21:31.243+00,26,0ba3023f7d72ae64498cd359,
2026-07-11 18:19:06.217+00,26.1,0ba3023f7d72ae64498cd359,
2026-07-11 18:16:41.281+00,26.1,0ba3023f7d72ae64498cd359,
2026-07-11 18:14:16.269+00,26.1,0ba3023f7d72ae64498cd359,
2026-07-11 18:11:51.227+00,26.2,0ba3023f7d72ae64498cd359,
2026-07-11 18:09:26.23+00,26.2,0ba3023f7d72ae64498cd359,
2026-07-11 18:07:01.242+00,26.2,0ba3023f7d72ae64498cd359,
2026-07-11 18:04:36.221+00,26.3,0ba3023f7d72ae64498cd359,
2026-07-11 18:02:11.233+00,26.3,0ba3023f7d72ae64498cd359,
2026-07-11 17:59:48.488+00,26.3,0ba3023f7d72ae64498cd359,
2026-07-11 17:57:21.226+00,26.3,0ba3023f7d72ae64498cd359,
2026-07-11 17:54:56.21+00,26.4,0ba3023f7d72ae64498cd359,
2026-07-11 17:52:31.248+00,26.4,0ba3023f7d72ae64498cd359,
2026-07-11 17:50:06.213+00,26.4,0ba3023f7d72ae64498cd359,
2026-07-11 17:47:41.207+00,26.4,0ba3023f7d72ae64498cd359,
2026-07-11 17:45:16.268+00,26.5,0ba3023f7d72ae64498cd359,
2026-07-11 17:42:51.303+00,26.5,0ba3023f7d72ae64498cd359,
2026-07-11 17:40:26.218+00,26.5,0ba3023f7d72ae64498cd359,
2026-07-11 17:38:01.329+00,26.5,0ba3023f7d72ae64498cd359,
2026-07-11 17:35:36.216+00,26.5,0ba3023f7d72ae64498cd359,
2026-07-11 17:33:11.31+00,26.5,0ba3023f7d72ae64498cd359,
2026-07-11 17:30:46.258+00,26.4,0ba3023f7d72ae64498cd359,
2026-07-11 17:28:21.312+00,26.5,0ba3023f7d72ae64498cd359,
2026-07-11 17:25:56.218+00,26.4,0ba3023f7d72ae64498cd359,
2026-07-11 17:23:31.33+00,26.5,0ba3023f7d72ae64498cd359,
2026-07-11 17:21:06.305+00,26.5,0ba3023f7d72ae64498cd359,
2026-07-11 17:18:41.309+00,26.5,0ba3023f7d72ae64498cd359,
2026-07-11 17:16:16.25+00,26.5,0ba3023f7d72ae64498cd359,
2026-07-11 17:13:51.303+00,26.5,0ba3023f7d72ae64498cd359,
2026-07-11 17:11:26.224+00,26.5,0ba3023f7d72ae64498cd359,
2026-07-11 17:09:01.246+00,26.6,0ba3023f7d72ae64498cd359,
2026-07-11 17:06:36.222+00,26.6,0ba3023f7d72ae64498cd359,
2026-07-11 17:04:11.211+00,26.6,0ba3023f7d72ae64498cd359,
2026-07-11 17:01:47.607+00,26.6,0ba3023f7d72ae64498cd359,
2026-07-11 16:59:21.209+00,26.6,0ba3023f7d72ae64498cd359,
2026-07-11 16:56:56.215+00,26.6,0ba3023f7d72ae64498cd359,
2026-07-11 16:54:31.24+00,26.7,0ba3023f7d72ae64498cd359,
2026-07-11 16:52:06.207+00,26.7,0ba3023f7d72ae64498cd359,
2026-07-11 16:47:16.249+00,26.7,0ba3023f7d72ae64498cd359,
2026-07-11 16:44:51.217+00,26.8,0ba3023f7d72ae64498cd359,
2026-07-11 16:42:26.227+00,26.8,0ba3023f7d72ae64498cd359,
2026-07-11 16:40:01.251+00,26.8,0ba3023f7d72ae64498cd359,
2026-07-11 16:37:36.215+00,26.8,0ba3023f7d72ae64498cd359,
2026-07-11 16:35:11.215+00,26.8,0ba3023f7d72ae64498cd359,
2026-07-11 16:32:46.225+00,26.8,0ba3023f7d72ae64498cd359,
2026-07-11 16:30:21.219+00,26.8,0ba3023f7d72ae64498cd359,
2026-07-11 16:27:56.207+00,26.8,0ba3023f7d72ae64498cd359,
2026-07-11 16:25:31.241+00,26.8,0ba3023f7d72ae64498cd359,
2026-07-11 16:23:06.219+00,26.8,0ba3023f7d72ae64498cd359,
2026-07-11 16:20:41.215+00,26.8,0ba3023f7d72ae64498cd359,
2026-07-11 16:18:16.225+00,26.7,0ba3023f7d72ae64498cd359,
2026-07-11 16:15:51.223+00,26.7,0ba3023f7d72ae64498cd359,
2026-07-11 16:13:26.194+00,26.8,0ba3023f7d72ae64498cd359,
2026-07-11 16:11:01.255+00,26.9,0ba3023f7d72ae64498cd359,
2026-07-11 16:08:36.235+00,27,0ba3023f7d72ae64498cd359,
2026-07-11 16:06:11.212+00,27.1,0ba3023f7d72ae64498cd359,
2026-07-11 16:03:46.237+00,27.2,0ba3023f7d72ae64498cd359,
2026-07-11 16:01:21.227+00,27.2,0ba3023f7d72ae64498cd359,
2026-07-11 15:58:56.25+00,27.2,0ba3023f7d72ae64498cd359,
2026-07-11 15:56:31.273+00,27.2,0ba3023f7d72ae64498cd359,
2026-07-11 15:54:06.202+00,27.2,0ba3023f7d72ae64498cd359,
2026-07-11 15:51:41.231+00,27.2,0ba3023f7d72ae64498cd359,
2026-07-11 15:49:16.281+00,27.2,0ba3023f7d72ae64498cd359,
2026-07-11 15:46:51.22+00,27.2,0ba3023f7d72ae64498cd359,
2026-07-11 15:44:26.219+00,27.1,0ba3023f7d72ae64498cd359,
2026-07-11 15:42:01.198+00,27.1,0ba3023f7d72ae64498cd359,
2026-07-11 15:39:36.172+00,27.1,0ba3023f7d72ae64498cd359,
2026-07-11 15:37:14.817+00,27.1,0ba3023f7d72ae64498cd359,
2026-07-11 15:34:46.205+00,27,0ba3023f7d72ae64498cd359,
2026-07-11 15:32:21.172+00,27.1,0ba3023f7d72ae64498cd359,
2026-07-11 15:29:56.156+00,27.1,0ba3023f7d72ae64498cd359,
2026-07-11 15:27:31.21+00,27.2,0ba3023f7d72ae64498cd359,
2026-07-11 15:25:06.176+00,27.3,0ba3023f7d72ae64498cd359,
2026-07-11 15:22:41.17+00,27.5,0ba3023f7d72ae64498cd359,
2026-07-11 15:20:16.199+00,27.6,0ba3023f7d72ae64498cd359,
2026-07-11 15:17:51.156+00,27.7,0ba3023f7d72ae64498cd359,
2026-07-11 15:15:26.19+00,27.8,0ba3023f7d72ae64498cd359,
2026-07-11 15:13:01.221+00,27.9,0ba3023f7d72ae64498cd359,
2026-07-11 15:10:36.153+00,28,0ba3023f7d72ae64498cd359,
2026-07-11 15:08:11.26+00,28.1,0ba3023f7d72ae64498cd359,
2026-07-11 15:05:46.204+00,28.1,0ba3023f7d72ae64498cd359,
2026-07-11 15:03:21.168+00,28.2,0ba3023f7d72ae64498cd359,
2026-07-11 15:00:56.162+00,28.2,0ba3023f7d72ae64498cd359,
2026-07-11 14:58:31.185+00,28.1,0ba3023f7d72ae64498cd359,
2026-07-11 14:56:06.164+00,28.2,0ba3023f7d72ae64498cd359,
2026-07-11 14:53:41.141+00,28.2,0ba3023f7d72ae64498cd359,
2026-07-11 14:51:16.189+00,28.2,0ba3023f7d72ae64498cd359,
2026-07-11 14:48:51.145+00,28.2,0ba3023f7d72ae64498cd359,
2026-07-11 14:46:26.161+00,28.2,0ba3023f7d72ae64498cd359,
2026-07-11 14:44:03.433+00,28.1,0ba3023f7d72ae64498cd359,
2026-07-11 14:41:36.158+00,28,0ba3023f7d72ae64498cd359,
2026-07-11 14:39:11.144+00,28,0ba3023f7d72ae64498cd359,
2026-07-11 14:36:46.19+00,28,0ba3023f7d72ae64498cd359,
2026-07-11 14:34:21.143+00,28,0ba3023f7d72ae64498cd359,
2026-07-11 14:31:56.162+00,28,0ba3023f7d72ae64498cd359,
2026-07-11 14:29:31.179+00,28,0ba3023f7d72ae64498cd359,
2026-07-11 14:27:08.425+00,28.1,0ba3023f7d72ae64498cd359,
2026-07-11 14:24:41.152+00,28.2,0ba3023f7d72ae64498cd359,
2026-07-11 14:22:16.191+00,28.2,0ba3023f7d72ae64498cd359,
2026-07-11 14:19:55.113+00,28.3,0ba3023f7d72ae64498cd359,
2026-07-11 14:17:26.257+00,28.3,0ba3023f7d72ae64498cd359,
2026-07-11 14:15:01.304+00,28.3,0ba3023f7d72ae64498cd359,
2026-07-11 14:12:36.267+00,28.3,0ba3023f7d72ae64498cd359,
2026-07-11 14:10:11.259+00,28.3,0ba3023f7d72ae64498cd359,
2026-07-11 14:07:48.389+00,28.3,0ba3023f7d72ae64498cd359,
2026-07-11 14:05:21.164+00,35.1,0ba3023f7d72ae64498cd359,
2026-07-11 14:02:56.138+00,28.3,0ba3023f7d72ae64498cd359,
2026-07-11 14:00:31.189+00,28.3,0ba3023f7d72ae64498cd359,
2026-07-11 13:58:06.158+00,28.2,0ba3023f7d72ae64498cd359,
2026-07-11 13:55:41.15+00,28.2,0ba3023f7d72ae64498cd359,
2026-07-11 13:53:19.33+00,28.2,0ba3023f7d72ae64498cd359,
2026-07-11 13:50:51.156+00,28.2,0ba3023f7d72ae64498cd359,
2026-07-11 13:48:26.128+00,28.2,0ba3023f7d72ae64498cd359,
2026-07-11 13:46:03.451+00,28.2,0ba3023f7d72ae64498cd359,
2026-07-11 13:43:36.149+00,28.3,0ba3023f7d72ae64498cd359,
2026-07-11 13:41:11.158+00,28.2,0ba3023f7d72ae64498cd359,
2026-07-11 13:38:46.186+00,28.2,0ba3023f7d72ae64498cd359,
2026-07-11 13:36:21.125+00,28.1,0ba3023f7d72ae64498cd359,
2026-07-11 13:33:56.149+00,28.1,0ba3023f7d72ae64498cd359,
2026-07-11 13:31:31.192+00,28.2,0ba3023f7d72ae64498cd359,
2026-07-11 13:29:06.18+00,28.3,0ba3023f7d72ae64498cd359,
2026-07-11 13:26:41.155+00,28.4,0ba3023f7d72ae64498cd359,
2026-07-11 13:24:16.184+00,28.4,0ba3023f7d72ae64498cd359,
2026-07-11 13:21:51.162+00,28.5,0ba3023f7d72ae64498cd359,
2026-07-11 13:19:26.163+00,28.5,0ba3023f7d72ae64498cd359,
2026-07-11 13:17:01.197+00,28.5,0ba3023f7d72ae64498cd359,
2026-07-11 13:14:36.168+00,28.5,0ba3023f7d72ae64498cd359,
2026-07-11 13:09:54.882+00,28.5,0ba3023f7d72ae64498cd359,
2026-07-11 13:07:21.158+00,28.6,0ba3023f7d72ae64498cd359,
2026-07-11 13:04:56.127+00,28.7,0ba3023f7d72ae64498cd359,
2026-07-11 13:02:31.172+00,28.9,0ba3023f7d72ae64498cd359,
2026-07-11 13:00:06.126+00,29,0ba3023f7d72ae64498cd359,
2026-07-11 12:57:41.166+00,29.1,0ba3023f7d72ae64498cd359,
2026-07-11 12:55:16.157+00,29.3,0ba3023f7d72ae64498cd359,
2026-07-11 12:52:51.113+00,29.4,0ba3023f7d72ae64498cd359,
2026-07-11 12:50:26.218+00,29.5,0ba3023f7d72ae64498cd359,
2026-07-11 12:48:01.141+00,29.6,0ba3023f7d72ae64498cd359,
2026-07-11 12:45:36.12+00,29.8,0ba3023f7d72ae64498cd359,
2026-07-11 12:43:11.118+00,29.9,0ba3023f7d72ae64498cd359,
2026-07-11 12:40:46.14+00,29.9,0ba3023f7d72ae64498cd359,
2026-07-11 12:38:21.112+00,30,0ba3023f7d72ae64498cd359,
2026-07-11 12:35:56.102+00,30,0ba3023f7d72ae64498cd359,
2026-07-11 12:33:31.156+00,30,0ba3023f7d72ae64498cd359,
2026-07-11 12:31:08.331+00,29.9,0ba3023f7d72ae64498cd359,
2026-07-11 12:28:41.181+00,29.9,0ba3023f7d72ae64498cd359,
2026-07-11 12:26:16.222+00,30,0ba3023f7d72ae64498cd359,
2026-07-11 12:23:51.143+00,30.2,0ba3023f7d72ae64498cd359,
2026-07-11 12:21:26.118+00,30.4,0ba3023f7d72ae64498cd359,
2026-07-11 12:19:01.214+00,30.6,0ba3023f7d72ae64498cd359,
2026-07-11 12:16:36.192+00,30.8,0ba3023f7d72ae64498cd359,
2026-07-11 12:14:11.181+00,30.9,0ba3023f7d72ae64498cd359,
2026-07-11 12:11:46.239+00,31,0ba3023f7d72ae64498cd359,
2026-07-11 12:09:21.185+00,31.2,0ba3023f7d72ae64498cd359,
2026-07-11 12:06:56.215+00,31.3,0ba3023f7d72ae64498cd359,
2026-07-11 12:04:31.211+00,31.4,0ba3023f7d72ae64498cd359,
2026-07-11 11:59:49.87+00,31.4,0ba3023f7d72ae64498cd359,
2026-07-11 11:57:16.202+00,31.4,0ba3023f7d72ae64498cd359,
2026-07-11 11:54:51.209+00,31.2,0ba3023f7d72ae64498cd359,
2026-07-11 11:52:26.168+00,31,0ba3023f7d72ae64498cd359,
2026-07-11 11:50:01.23+00,30.8,0ba3023f7d72ae64498cd359,
2026-07-11 11:47:38.358+00,30.9,0ba3023f7d72ae64498cd359,
2026-07-11 11:45:11.094+00,31.2,0ba3023f7d72ae64498cd359,
2026-07-11 11:42:46.229+00,31.5,0ba3023f7d72ae64498cd359,
2026-07-11 11:40:21.099+00,31.8,0ba3023f7d72ae64498cd359,
2026-07-11 11:37:56.176+00,32,0ba3023f7d72ae64498cd359,
2026-07-11 11:35:31.239+00,32.2,0ba3023f7d72ae64498cd359,
2026-07-11 11:33:06.175+00,32.2,0ba3023f7d72ae64498cd359,
2026-07-11 11:30:41.201+00,31.8,0ba3023f7d72ae64498cd359,
2026-07-11 11:28:16.238+00,31.5,0ba3023f7d72ae64498cd359,
2026-07-11 11:25:51.201+00,31.7,0ba3023f7d72ae64498cd359,
2026-07-11 11:23:26.192+00,32.2,0ba3023f7d72ae64498cd359,
2026-07-11 11:21:01.237+00,32.8,0ba3023f7d72ae64498cd359,
2026-07-11 11:18:36.078+00,33.3,0ba3023f7d72ae64498cd359,
2026-07-11 11:16:11.089+00,34,0ba3023f7d72ae64498cd359,
2026-07-11 11:13:46.132+00,34.7,0ba3023f7d72ae64498cd359,
2026-07-11 11:11:21.091+00,35.3,0ba3023f7d72ae64498cd359,
2026-07-11 11:08:56.097+00,35.9,0ba3023f7d72ae64498cd359,
2026-07-11 11:06:31.11+00,36.2,0ba3023f7d72ae64498cd359,
2026-07-11 11:04:06.109+00,36.1,0ba3023f7d72ae64498cd359,
2026-07-11 11:01:41.087+00,35.8,0ba3023f7d72ae64498cd359,
2026-07-11 10:59:16.141+00,35.5,0ba3023f7d72ae64498cd359,
2026-07-11 10:56:51.103+00,35.2,0ba3023f7d72ae64498cd359,
2026-07-11 10:54:26.098+00,34.9,0ba3023f7d72ae64498cd359,
2026-07-11 10:52:01.128+00,34.5,0ba3023f7d72ae64498cd359,
2026-07-11 10:49:36.097+00,34.1,0ba3023f7d72ae64498cd359,
2026-07-11 10:47:11.103+00,33.7,0ba3023f7d72ae64498cd359,
2026-07-11 10:44:46.133+00,33.7,0ba3023f7d72ae64498cd359,
2026-07-11 10:42:21.096+00,33.5,0ba3023f7d72ae64498cd359,
2026-07-11 10:39:58.341+00,33.8,0ba3023f7d72ae64498cd359,
2026-07-11 10:37:31.243+00,34,0ba3023f7d72ae64498cd359,
2026-07-11 10:35:06.11+00,33.6,0ba3023f7d72ae64498cd359,
2026-07-11 10:32:41.107+00,33.2,0ba3023f7d72ae64498cd359,
2026-07-11 10:30:16.124+00,33.1,0ba3023f7d72ae64498cd359,
2026-07-11 10:27:51.079+00,33.5,0ba3023f7d72ae64498cd359,
2026-07-11 10:25:26.075+00,33.9,0ba3023f7d72ae64498cd359,
2026-07-11 10:23:01.094+00,34.2,0ba3023f7d72ae64498cd359,
2026-07-11 10:20:36.062+00,34.1,0ba3023f7d72ae64498cd359,
2026-07-11 10:18:11.064+00,33.7,0ba3023f7d72ae64498cd359,
2026-07-11 10:15:46.216+00,33.3,0ba3023f7d72ae64498cd359,
2026-07-11 10:13:21.064+00,33.3,0ba3023f7d72ae64498cd359,
2026-07-11 10:10:56.073+00,33.9,0ba3023f7d72ae64498cd359,
2026-07-11 10:08:31.115+00,34.6,0ba3023f7d72ae64498cd359,
2026-07-11 10:06:06.075+00,35.4,0ba3023f7d72ae64498cd359,
2026-07-11 10:03:41.063+00,36,0ba3023f7d72ae64498cd359,
2026-07-11 10:01:16.156+00,36.4,0ba3023f7d72ae64498cd359,
2026-07-11 09:58:51.114+00,37.2,0ba3023f7d72ae64498cd359,
2026-07-11 09:56:26.119+00,37.8,0ba3023f7d72ae64498cd359,
2026-07-11 09:54:01.168+00,38.1,0ba3023f7d72ae64498cd359,
2026-07-11 09:51:36.122+00,38.2,0ba3023f7d72ae64498cd359,
2026-07-11 09:49:11.07+00,37.9,0ba3023f7d72ae64498cd359,
2026-07-11 09:46:46.147+00,37.9,0ba3023f7d72ae64498cd359,
2026-07-11 09:44:21.065+00,37.9,0ba3023f7d72ae64498cd359,
2026-07-11 09:41:56.216+00,38,0ba3023f7d72ae64498cd359,
2026-07-11 09:39:31.158+00,37.7,0ba3023f7d72ae64498cd359,
2026-07-11 09:37:06.121+00,37.3,0ba3023f7d72ae64498cd359,
2026-07-11 09:34:41.124+00,26.6,0ba3023f7d72ae64498cd359,
2026-07-11 09:32:16.147+00,26.6,0ba3023f7d72ae64498cd359,
2026-07-11 09:29:51.124+00,37,0ba3023f7d72ae64498cd359,
2026-07-11 09:27:28.253+00,36.8,0ba3023f7d72ae64498cd359,
2026-07-11 09:25:01.14+00,36.7,0ba3023f7d72ae64498cd359,
2026-07-11 09:22:36.136+00,36.7,0ba3023f7d72ae64498cd359,
2026-07-11 09:20:11.104+00,36.8,0ba3023f7d72ae64498cd359,
2026-07-11 09:17:46.16+00,37.5,0ba3023f7d72ae64498cd359,
2026-07-11 09:15:21.124+00,38.1,0ba3023f7d72ae64498cd359,
2026-07-11 09:12:56.124+00,38.3,0ba3023f7d72ae64498cd359,
2026-07-11 09:10:31.157+00,38.2,0ba3023f7d72ae64498cd359,
2026-07-11 09:08:06.13+00,38.1,0ba3023f7d72ae64498cd359,
2026-07-11 09:05:41.277+00,38.2,0ba3023f7d72ae64498cd359,
2026-07-11 09:03:16.165+00,38.4,0ba3023f7d72ae64498cd359,
2026-07-11 09:00:51.137+00,39,0ba3023f7d72ae64498cd359,
2026-07-11 08:58:26.127+00,38.9,0ba3023f7d72ae64498cd359,
2026-07-11 08:56:01.168+00,39,0ba3023f7d72ae64498cd359,
2026-07-11 08:53:36.127+00,39,0ba3023f7d72ae64498cd359,
2026-07-11 08:51:11.141+00,39.6,0ba3023f7d72ae64498cd359,
2026-07-11 08:48:46.077+00,39.8,0ba3023f7d72ae64498cd359,
2026-07-11 08:46:21.139+00,39.9,0ba3023f7d72ae64498cd359,
2026-07-11 08:43:56.136+00,39.9,0ba3023f7d72ae64498cd359,
2026-07-11 08:41:31.165+00,39.8,0ba3023f7d72ae64498cd359,
2026-07-11 08:39:06.138+00,39.8,0ba3023f7d72ae64498cd359,
2026-07-11 08:36:41.144+00,39.7,0ba3023f7d72ae64498cd359,
2026-07-11 08:34:16.153+00,39.6,0ba3023f7d72ae64498cd359,
2026-07-11 08:31:51.139+00,39.6,0ba3023f7d72ae64498cd359,
2026-07-11 08:29:26.046+00,39.6,0ba3023f7d72ae64498cd359,
2026-07-11 08:27:01.191+00,39.5,0ba3023f7d72ae64498cd359,
2026-07-11 08:24:36.14+00,39.3,0ba3023f7d72ae64498cd359,
2026-07-11 08:22:11.149+00,39.1,0ba3023f7d72ae64498cd359,
2026-07-11 08:19:49.151+00,39.1,0ba3023f7d72ae64498cd359,
2026-07-11 08:17:26.474+00,39,0ba3023f7d72ae64498cd359,
2026-07-11 08:14:56.044+00,38.9,0ba3023f7d72ae64498cd359,
2026-07-11 08:12:31.082+00,38.6,0ba3023f7d72ae64498cd359,
2026-07-11 08:10:06.047+00,38.4,0ba3023f7d72ae64498cd359,
2026-07-11 08:07:41.045+00,38.2,0ba3023f7d72ae64498cd359,
2026-07-11 08:05:16.077+00,38,0ba3023f7d72ae64498cd359,
2026-07-11 08:02:51.036+00,37.7,0ba3023f7d72ae64498cd359,
2026-07-11 08:00:26.037+00,37.4,0ba3023f7d72ae64498cd359,
2026-07-11 07:58:01.114+00,37,0ba3023f7d72ae64498cd359,
2026-07-11 07:55:36.036+00,36.5,0ba3023f7d72ae64498cd359,
2026-07-11 07:53:11.018+00,35.8,0ba3023f7d72ae64498cd359,
2026-07-11 07:50:46.039+00,35.2,0ba3023f7d72ae64498cd359,
2026-07-11 07:48:21.016+00,34.4,0ba3023f7d72ae64498cd359,
2026-07-11 07:45:56.013+00,33.7,0ba3023f7d72ae64498cd359,
2026-07-11 07:43:31.04+00,32.9,0ba3023f7d72ae64498cd359,
2026-07-11 07:41:06.032+00,32,0ba3023f7d72ae64498cd359,
2026-07-11 07:38:44.009+00,32,0ba3023f7d72ae64498cd359,
2026-07-11 07:36:16.044+00,29.8,0ba3023f7d72ae64498cd359,
2026-07-11 07:33:51.013+00,28.6,0ba3023f7d72ae64498cd359,
2026-07-11 07:31:26.054+00,27.3,0ba3023f7d72ae64498cd359,
2026-07-11 07:29:01.066+00,25.9,0ba3023f7d72ae64498cd359,
2026-07-11 07:26:36.047+00,24.5,0ba3023f7d72ae64498cd359,
2026-07-11 07:24:11.055+00,23.1,0ba3023f7d72ae64498cd359,
2026-07-11 07:21:46.086+00,21.8,0ba3023f7d72ae64498cd359,
2026-07-11 07:19:21.144+00,20.7,0ba3023f7d72ae64498cd359,
2026-07-11 07:16:56.046+00,20.3,0ba3023f7d72ae64498cd359,
2026-07-11 07:14:31.091+00,20.2,0ba3023f7d72ae64498cd359,
2026-07-11 07:12:06.065+00,20.2,0ba3023f7d72ae64498cd359,
2026-07-11 07:09:41.044+00,20.1,0ba3023f7d72ae64498cd359,
2026-07-11 07:07:18.341+00,19.9,0ba3023f7d72ae64498cd359,
2026-07-11 07:04:53.221+00,19.8,0ba3023f7d72ae64498cd359,
2026-07-11 07:02:26.072+00,19.7,0ba3023f7d72ae64498cd359,
2026-07-11 07:00:01.091+00,19.6,0ba3023f7d72ae64498cd359,
2026-07-11 06:57:36.064+00,19.4,0ba3023f7d72ae64498cd359,
2026-07-11 06:55:13.225+00,19.4,0ba3023f7d72ae64498cd359,
2026-07-11 06:52:46.11+00,19.2,0ba3023f7d72ae64498cd359,
2026-07-11 06:50:21.067+00,19.2,0ba3023f7d72ae64498cd359,
2026-07-11 06:47:56.009+00,19.1,0ba3023f7d72ae64498cd359,
2026-07-11 06:45:31.106+00,19,0ba3023f7d72ae64498cd359,
2026-07-11 06:43:05.995+00,18.9,0ba3023f7d72ae64498cd359,
2026-07-11 06:40:41.076+00,18.8,0ba3023f7d72ae64498cd359,
2026-07-11 06:38:16.045+00,18.7,0ba3023f7d72ae64498cd359,
2026-07-11 06:35:51.065+00,18.7,0ba3023f7d72ae64498cd359,
2026-07-11 06:33:26.047+00,18.6,0ba3023f7d72ae64498cd359,
2026-07-11 06:31:01.102+00,18.5,0ba3023f7d72ae64498cd359,
2026-07-11 06:28:36.053+00,18.4,0ba3023f7d72ae64498cd359,
2026-07-11 06:26:11.079+00,18.3,0ba3023f7d72ae64498cd359,
2026-07-11 06:23:46.089+00,18.2,0ba3023f7d72ae64498cd359,
2026-07-11 06:21:21.068+00,18.2,0ba3023f7d72ae64498cd359,
2026-07-11 06:18:56.124+00,18.1,0ba3023f7d72ae64498cd359,
2026-07-11 06:16:31.107+00,18.1,0ba3023f7d72ae64498cd359,
2026-07-11 06:14:06.056+00,18.1,0ba3023f7d72ae64498cd359,
2026-07-11 06:11:41.068+00,18,0ba3023f7d72ae64498cd359,
2026-07-11 06:09:16.202+00,18,0ba3023f7d72ae64498cd359,
2026-07-11 06:06:51.089+00,18,0ba3023f7d72ae64498cd359,
2026-07-11 06:04:26.124+00,17.9,0ba3023f7d72ae64498cd359,
2026-07-11 06:02:01.103+00,17.9,0ba3023f7d72ae64498cd359,
2026-07-11 05:59:36.106+00,17.8,0ba3023f7d72ae64498cd359,
2026-07-11 05:54:51.272+00,17.8,0ba3023f7d72ae64498cd359,
2026-07-11 05:52:21.068+00,17.8,0ba3023f7d72ae64498cd359,
2026-07-11 05:49:55.991+00,17.7,0ba3023f7d72ae64498cd359,
2026-07-11 05:47:31.119+00,17.6,0ba3023f7d72ae64498cd359,
2026-07-11 05:45:06.106+00,17.6,0ba3023f7d72ae64498cd359,
2026-07-11 05:42:41.079+00,17.5,0ba3023f7d72ae64498cd359,
2026-07-11 05:40:16.092+00,17.5,0ba3023f7d72ae64498cd359,
2026-07-11 05:37:51.078+00,17.4,0ba3023f7d72ae64498cd359,
2026-07-11 05:35:26.092+00,17.4,0ba3023f7d72ae64498cd359,
2026-07-11 05:33:01.123+00,17.3,0ba3023f7d72ae64498cd359,
2026-07-11 05:30:36.099+00,17.2,0ba3023f7d72ae64498cd359,
2026-07-11 05:28:11.098+00,17.2,0ba3023f7d72ae64498cd359,
2026-07-11 05:25:46.023+00,17.1,0ba3023f7d72ae64498cd359,
2026-07-11 05:23:20.973+00,17.1,0ba3023f7d72ae64498cd359,
2026-07-11 05:20:55.971+00,17,0ba3023f7d72ae64498cd359,
2026-07-11 05:18:31.011+00,16.9,0ba3023f7d72ae64498cd359,
2026-07-11 05:16:05.968+00,16.9,0ba3023f7d72ae64498cd359,
2026-07-11 05:13:40.971+00,16.8,0ba3023f7d72ae64498cd359,
2026-07-11 05:11:16.019+00,16.7,0ba3023f7d72ae64498cd359,
2026-07-11 05:08:50.955+00,16.6,0ba3023f7d72ae64498cd359,
2026-07-11 05:06:25.971+00,16.5,0ba3023f7d72ae64498cd359,
2026-07-11 05:04:00.994+00,16.4,0ba3023f7d72ae64498cd359,
2026-07-11 05:01:35.963+00,16.4,0ba3023f7d72ae64498cd359,
2026-07-11 04:59:10.961+00,16.3,0ba3023f7d72ae64498cd359,
2026-07-11 04:56:46.01+00,16.2,0ba3023f7d72ae64498cd359,
2026-07-11 04:54:20.988+00,16.2,0ba3023f7d72ae64498cd359,
2026-07-11 04:51:55.999+00,16.2,0ba3023f7d72ae64498cd359,
2026-07-11 04:49:31.017+00,16.2,0ba3023f7d72ae64498cd359,
2026-07-11 04:44:50.104+00,16.1,0ba3023f7d72ae64498cd359,
2026-07-11 04:42:16.034+00,16.1,0ba3023f7d72ae64498cd359,
2026-07-11 04:39:50.995+00,16.1,0ba3023f7d72ae64498cd359,
2026-07-11 04:37:26.007+00,16,0ba3023f7d72ae64498cd359,
2026-07-11 04:35:03.278+00,16,0ba3023f7d72ae64498cd359,
2026-07-11 04:32:36.011+00,15.9,0ba3023f7d72ae64498cd359,
2026-07-11 04:30:10.953+00,15.9,0ba3023f7d72ae64498cd359,
2026-07-11 04:27:46.037+00,15.8,0ba3023f7d72ae64498cd359,
2026-07-11 04:25:20.993+00,15.8,0ba3023f7d72ae64498cd359,
2026-07-11 04:22:55.993+00,15.8,0ba3023f7d72ae64498cd359,
2026-07-11 04:20:30.988+00,15.7,0ba3023f7d72ae64498cd359,
2026-07-11 04:18:05.96+00,15.7,0ba3023f7d72ae64498cd359,
2026-07-11 04:15:40.963+00,15.7,0ba3023f7d72ae64498cd359,
2026-07-11 04:13:15.986+00,15.6,0ba3023f7d72ae64498cd359,
2026-07-11 04:10:51.003+00,15.6,0ba3023f7d72ae64498cd359,
2026-07-11 04:08:25.931+00,15.6,0ba3023f7d72ae64498cd359,
2026-07-11 04:06:00.989+00,15.7,0ba3023f7d72ae64498cd359,
2026-07-11 04:03:35.966+00,15.7,0ba3023f7d72ae64498cd359,
2026-07-11 04:01:10.959+00,15.7,0ba3023f7d72ae64498cd359,
2026-07-11 03:58:45.982+00,15.8,0ba3023f7d72ae64498cd359,
2026-07-11 03:56:20.929+00,15.8,0ba3023f7d72ae64498cd359,
2026-07-11 03:53:56.005+00,15.8,0ba3023f7d72ae64498cd359,
2026-07-11 03:51:31.032+00,15.8,0ba3023f7d72ae64498cd359,
2026-07-11 03:49:06.007+00,15.8,0ba3023f7d72ae64498cd359,
2026-07-11 03:46:41.077+00,15.8,0ba3023f7d72ae64498cd359,
2026-07-11 03:44:15.966+00,15.9,0ba3023f7d72ae64498cd359,
2026-07-11 03:41:51.116+00,15.9,0ba3023f7d72ae64498cd359,
2026-07-11 03:39:25.945+00,16,0ba3023f7d72ae64498cd359,
2026-07-11 03:37:00.98+00,16,0ba3023f7d72ae64498cd359,
2026-07-11 03:32:13.147+00,16.1,0ba3023f7d72ae64498cd359,
2026-07-11 03:29:45.929+00,16.1,0ba3023f7d72ae64498cd359,
2026-07-11 03:27:21.019+00,16.1,0ba3023f7d72ae64498cd359,
2026-07-11 03:24:55.94+00,16.1,0ba3023f7d72ae64498cd359,
2026-07-11 03:22:31.007+00,16.2,0ba3023f7d72ae64498cd359,
2026-07-11 03:20:05.968+00,16.2,0ba3023f7d72ae64498cd359,
2026-07-11 03:17:40.927+00,16.2,0ba3023f7d72ae64498cd359,
2026-07-11 03:15:15.919+00,16.3,0ba3023f7d72ae64498cd359,
2026-07-11 03:12:50.957+00,16.3,0ba3023f7d72ae64498cd359,
2026-07-11 03:10:26.005+00,16.4,0ba3023f7d72ae64498cd359,
2026-07-11 03:08:01.017+00,16.4,0ba3023f7d72ae64498cd359,
2026-07-11 03:05:38.151+00,16.4,0ba3023f7d72ae64498cd359,
2026-07-11 03:03:11.136+00,16.4,0ba3023f7d72ae64498cd359,
2026-07-11 03:00:46.027+00,16.4,0ba3023f7d72ae64498cd359,
2026-07-11 02:58:20.979+00,16.5,0ba3023f7d72ae64498cd359,
2026-07-11 02:55:55.927+00,16.5,0ba3023f7d72ae64498cd359,
2026-07-11 02:53:30.916+00,16.5,0ba3023f7d72ae64498cd359,
2026-07-11 02:51:05.945+00,16.6,0ba3023f7d72ae64498cd359,
2026-07-11 02:48:40.913+00,16.6,0ba3023f7d72ae64498cd359,
2026-07-11 02:46:15.92+00,16.6,0ba3023f7d72ae64498cd359,
2026-07-11 02:43:51.035+00,16.6,0ba3023f7d72ae64498cd359,
2026-07-11 02:41:25.916+00,16.6,0ba3023f7d72ae64498cd359,
2026-07-11 02:39:03.091+00,16.6,0ba3023f7d72ae64498cd359,
2026-07-11 02:36:35.963+00,16.6,0ba3023f7d72ae64498cd359,
2026-07-11 02:34:10.911+00,16.6,0ba3023f7d72ae64498cd359,
2026-07-11 02:31:45.91+00,16.7,0ba3023f7d72ae64498cd359,
2026-07-11 02:29:20.945+00,16.7,0ba3023f7d72ae64498cd359,
2026-07-11 02:26:55.933+00,16.8,0ba3023f7d72ae64498cd359,
2026-07-11 02:24:30.959+00,16.8,0ba3023f7d72ae64498cd359,
2026-07-11 02:22:05.966+00,63.1,0ba3023f7d72ae64498cd359,
2026-07-11 02:19:40.915+00,16.9,0ba3023f7d72ae64498cd359,
2026-07-11 02:17:15.908+00,16.9,0ba3023f7d72ae64498cd359,
2026-07-11 02:14:53.958+00,16.9,0ba3023f7d72ae64498cd359,
2026-07-11 02:12:26.039+00,16.9,0ba3023f7d72ae64498cd359,
2026-07-11 02:10:00.925+00,16.9,0ba3023f7d72ae64498cd359,
2026-07-11 02:07:35.915+00,16.9,0ba3023f7d72ae64498cd359,
2026-07-11 02:05:10.926+00,17,0ba3023f7d72ae64498cd359,
2026-07-11 02:02:45.941+00,17,0ba3023f7d72ae64498cd359,
2026-07-11 02:00:20.964+00,17,0ba3023f7d72ae64498cd359,
2026-07-11 01:57:55.927+00,17,0ba3023f7d72ae64498cd359,
2026-07-11 01:55:30.927+00,17.1,0ba3023f7d72ae64498cd359,
2026-07-11 01:53:05.967+00,17.1,0ba3023f7d72ae64498cd359,
2026-07-11 01:50:40.875+00,17.1,0ba3023f7d72ae64498cd359,
2026-07-11 01:48:15.951+00,17.2,0ba3023f7d72ae64498cd359,
2026-07-11 01:45:50.982+00,17.2,0ba3023f7d72ae64498cd359,
2026-07-11 01:43:26.043+00,17.2,0ba3023f7d72ae64498cd359,
2026-07-11 01:41:00.934+00,17.2,0ba3023f7d72ae64498cd359,
2026-07-11 01:38:35.965+00,17.2,0ba3023f7d72ae64498cd359,
2026-07-11 01:36:10.931+00,17.3,0ba3023f7d72ae64498cd359,
2026-07-11 01:33:45.887+00,17.3,0ba3023f7d72ae64498cd359,
2026-07-11 01:31:20.91+00,17.3,0ba3023f7d72ae64498cd359,
2026-07-11 01:28:55.952+00,17.3,0ba3023f7d72ae64498cd359,
2026-07-11 01:26:30.937+00,17.3,0ba3023f7d72ae64498cd359,
2026-07-11 01:24:06.083+00,17.4,0ba3023f7d72ae64498cd359,
2026-07-11 01:21:40.939+00,17.4,0ba3023f7d72ae64498cd359,
2026-07-11 01:19:15.936+00,17.4,0ba3023f7d72ae64498cd359,
2026-07-11 01:16:50.994+00,17.4,0ba3023f7d72ae64498cd359,
2026-07-11 01:14:25.955+00,17.4,0ba3023f7d72ae64498cd359,
2026-07-11 01:12:00.943+00,17.4,0ba3023f7d72ae64498cd359,
2026-07-11 01:09:35.98+00,17.4,0ba3023f7d72ae64498cd359,
2026-07-11 01:04:57.113+00,17.5,0ba3023f7d72ae64498cd359,
2026-07-11 01:02:20.929+00,17.5,0ba3023f7d72ae64498cd359,
2026-07-11 00:59:55.964+00,17.5,0ba3023f7d72ae64498cd359,
2026-07-11 00:57:30.867+00,17.5,0ba3023f7d72ae64498cd359,
2026-07-11 00:55:06.035+00,17.5,0ba3023f7d72ae64498cd359,
2026-07-11 00:52:40.961+00,17.5,0ba3023f7d72ae64498cd359,
2026-07-11 00:50:15.859+00,17.5,0ba3023f7d72ae64498cd359,
2026-07-11 00:47:50.913+00,17.6,0ba3023f7d72ae64498cd359,
2026-07-11 00:45:25.88+00,17.6,0ba3023f7d72ae64498cd359,
2026-07-11 00:43:00.881+00,17.5,0ba3023f7d72ae64498cd359,
2026-07-11 00:40:35.901+00,17.5,0ba3023f7d72ae64498cd359,
2026-07-11 00:38:10.857+00,17.5,0ba3023f7d72ae64498cd359,
2026-07-11 00:35:45.956+00,17.6,0ba3023f7d72ae64498cd359,
2026-07-11 00:33:20.885+00,17.5,0ba3023f7d72ae64498cd359,
2026-07-11 00:30:55.846+00,17.5,0ba3023f7d72ae64498cd359,
2026-07-11 00:28:30.861+00,17.5,0ba3023f7d72ae64498cd359,
2026-07-11 00:26:06.007+00,17.5,0ba3023f7d72ae64498cd359,
2026-07-11 00:23:40.968+00,17.5,0ba3023f7d72ae64498cd359,
2026-07-11 00:21:15.854+00,17.5,0ba3023f7d72ae64498cd359,
2026-07-11 00:18:50.871+00,17.5,0ba3023f7d72ae64498cd359,
2026-07-11 00:16:26.611+00,17.4,0ba3023f7d72ae64498cd359,
2026-07-11 00:14:00.962+00,17.4,0ba3023f7d72ae64498cd359,
2026-07-11 00:11:35.882+00,17.4,0ba3023f7d72ae64498cd359,
2026-07-11 00:09:10.847+00,17.4,0ba3023f7d72ae64498cd359,
2026-07-11 00:06:45.862+00,17.4,0ba3023f7d72ae64498cd359,
2026-07-11 00:04:20.871+00,17.4,0ba3023f7d72ae64498cd359,
2026-07-11 00:01:55.877+00,17.4,0ba3023f7d72ae64498cd359,
2026-07-10 23:59:30.877+00,17.4,0ba3023f7d72ae64498cd359,
2026-07-10 23:57:05.987+00,17.5,0ba3023f7d72ae64498cd359,
2026-07-10 23:54:40.91+00,17.5,0ba3023f7d72ae64498cd359,
2026-07-10 23:52:15.863+00,17.5,0ba3023f7d72ae64498cd359,
2026-07-10 23:49:50.995+00,17.6,0ba3023f7d72ae64498cd359,
2026-07-10 23:47:28.133+00,17.6,0ba3023f7d72ae64498cd359,
2026-07-10 23:45:00.855+00,17.7,0ba3023f7d72ae64498cd359,
2026-07-10 23:42:35.902+00,17.7,0ba3023f7d72ae64498cd359,
2026-07-10 23:40:10.924+00,17.8,0ba3023f7d72ae64498cd359,
2026-07-10 23:37:45.872+00,17.8,0ba3023f7d72ae64498cd359,
2026-07-10 23:35:21.004+00,17.8,0ba3023f7d72ae64498cd359,
2026-07-10 23:32:55.99+00,17.9,0ba3023f7d72ae64498cd359,
2026-07-10 23:30:30.854+00,17.9,0ba3023f7d72ae64498cd359,
2026-07-10 23:28:05.924+00,18,0ba3023f7d72ae64498cd359,
2026-07-10 23:25:40.87+00,18,0ba3023f7d72ae64498cd359,
2026-07-10 23:23:15.879+00,18.1,0ba3023f7d72ae64498cd359,
2026-07-10 23:20:50.916+00,18.1,0ba3023f7d72ae64498cd359,
2026-07-10 23:18:25.882+00,18.1,0ba3023f7d72ae64498cd359,
2026-07-10 23:16:00.997+00,18.1,0ba3023f7d72ae64498cd359,
2026-07-10 23:13:35.913+00,18.2,0ba3023f7d72ae64498cd359,
2026-07-10 23:11:10.833+00,18.2,0ba3023f7d72ae64498cd359,
2026-07-10 23:08:45.902+00,18.2,0ba3023f7d72ae64498cd359,
2026-07-10 23:06:20.851+00,18.1,0ba3023f7d72ae64498cd359,
2026-07-10 23:03:55.877+00,18.1,0ba3023f7d72ae64498cd359,
2026-07-10 23:01:30.894+00,18.2,0ba3023f7d72ae64498cd359,
2026-07-10 22:59:05.808+00,18.2,0ba3023f7d72ae64498cd359,
2026-07-10 22:56:40.799+00,18.2,0ba3023f7d72ae64498cd359,
2026-07-10 22:54:15.784+00,18.2,0ba3023f7d72ae64498cd359,
2026-07-10 22:51:50.922+00,18.2,0ba3023f7d72ae64498cd359,
2026-07-10 22:49:28.176+00,18.2,0ba3023f7d72ae64498cd359,
2026-07-10 22:44:49.114+00,18.3,0ba3023f7d72ae64498cd359,
2026-07-10 22:42:10.774+00,18.3,0ba3023f7d72ae64498cd359,
2026-07-10 22:39:45.787+00,18.3,0ba3023f7d72ae64498cd359,
2026-07-10 22:37:20.928+00,18.4,0ba3023f7d72ae64498cd359,
2026-07-10 22:34:55.807+00,18.4,0ba3023f7d72ae64498cd359,
2026-07-10 22:32:30.796+00,18.4,0ba3023f7d72ae64498cd359,
2026-07-10 22:30:05.824+00,18.4,0ba3023f7d72ae64498cd359,
2026-07-10 22:27:40.808+00,18.4,0ba3023f7d72ae64498cd359,
2026-07-10 22:25:15.781+00,18.4,0ba3023f7d72ae64498cd359,
2026-07-10 22:22:50.79+00,18.4,0ba3023f7d72ae64498cd359,
2026-07-10 22:20:25.759+00,18.4,0ba3023f7d72ae64498cd359,
2026-07-10 22:18:00.749+00,18.4,0ba3023f7d72ae64498cd359,
2026-07-10 22:15:35.825+00,18.5,0ba3023f7d72ae64498cd359,
2026-07-10 22:13:10.794+00,18.6,0ba3023f7d72ae64498cd359,
2026-07-10 22:10:45.899+00,18.6,0ba3023f7d72ae64498cd359,
2026-07-10 22:08:20.823+00,18.6,0ba3023f7d72ae64498cd359,
2026-07-10 22:05:55.79+00,18.7,0ba3023f7d72ae64498cd359,
2026-07-10 22:03:30.8+00,18.8,0ba3023f7d72ae64498cd359,
2026-07-10 22:01:05.826+00,18.8,0ba3023f7d72ae64498cd359,
2026-07-10 21:58:40.806+00,18.9,0ba3023f7d72ae64498cd359,
2026-07-10 21:56:15.786+00,18.9,0ba3023f7d72ae64498cd359,
2026-07-10 21:53:50.829+00,19,0ba3023f7d72ae64498cd359,
2026-07-10 21:51:25.732+00,19.1,0ba3023f7d72ae64498cd359,
2026-07-10 21:49:00.797+00,19.1,0ba3023f7d72ae64498cd359,
2026-07-10 21:46:35.786+00,19.2,0ba3023f7d72ae64498cd359,
2026-07-10 21:44:10.748+00,19.3,0ba3023f7d72ae64498cd359,
2026-07-10 21:41:45.728+00,19.4,0ba3023f7d72ae64498cd359,
2026-07-10 21:39:20.755+00,19.4,0ba3023f7d72ae64498cd359,
2026-07-10 21:36:55.736+00,19.5,0ba3023f7d72ae64498cd359,
2026-07-10 21:34:30.803+00,19.5,0ba3023f7d72ae64498cd359,
2026-07-10 21:32:05.761+00,19.6,0ba3023f7d72ae64498cd359,
2026-07-10 21:29:40.728+00,19.6,0ba3023f7d72ae64498cd359,
2026-07-10 21:27:15.73+00,19.6,0ba3023f7d72ae64498cd359,
2026-07-10 21:24:54.875+00,19.7,0ba3023f7d72ae64498cd359,
2026-07-10 21:22:25.726+00,19.8,0ba3023f7d72ae64498cd359,
2026-07-10 21:20:00.703+00,19.8,0ba3023f7d72ae64498cd359,
2026-07-10 21:17:35.737+00,19.9,0ba3023f7d72ae64498cd359,
2026-07-10 21:15:10.737+00,20,0ba3023f7d72ae64498cd359,
2026-07-10 21:12:45.81+00,20.1,0ba3023f7d72ae64498cd359,
2026-07-10 21:10:20.748+00,20.1,0ba3023f7d72ae64498cd359,
2026-07-10 21:07:55.702+00,20.2,0ba3023f7d72ae64498cd359,
2026-07-10 21:05:30.715+00,20.2,0ba3023f7d72ae64498cd359,
2026-07-10 21:03:05.73+00,20.3,0ba3023f7d72ae64498cd359,
2026-07-10 21:00:40.725+00,20.4,0ba3023f7d72ae64498cd359,
2026-07-10 20:58:15.709+00,20.5,0ba3023f7d72ae64498cd359,
2026-07-10 20:55:50.764+00,20.6,0ba3023f7d72ae64498cd359,
2026-07-10 20:53:25.82+00,20.6,0ba3023f7d72ae64498cd359,
2026-07-10 20:51:00.704+00,20.7,0ba3023f7d72ae64498cd359,
2026-07-10 20:48:35.754+00,20.8,0ba3023f7d72ae64498cd359,
2026-07-10 20:46:10.737+00,20.9,0ba3023f7d72ae64498cd359,
2026-07-10 20:43:45.725+00,21,0ba3023f7d72ae64498cd359,
2026-07-10 20:41:20.736+00,21.1,0ba3023f7d72ae64498cd359,
2026-07-10 20:38:55.712+00,21.2,0ba3023f7d72ae64498cd359,
2026-07-10 20:36:30.71+00,21.3,0ba3023f7d72ae64498cd359,
2026-07-10 20:34:05.733+00,21.4,0ba3023f7d72ae64498cd359,
2026-07-10 20:31:40.708+00,21.5,0ba3023f7d72ae64498cd359,
2026-07-10 20:29:15.747+00,21.6,0ba3023f7d72ae64498cd359,
2026-07-10 20:26:50.75+00,21.7,0ba3023f7d72ae64498cd359,
2026-07-10 20:24:25.707+00,21.8,0ba3023f7d72ae64498cd359,
2026-07-10 20:22:00.678+00,21.9,0ba3023f7d72ae64498cd359,
2026-07-10 20:19:35.741+00,22,0ba3023f7d72ae64498cd359,
2026-07-10 20:14:56.668+00,22,0ba3023f7d72ae64498cd359,
2026-07-10 20:12:21.765+00,22.2,0ba3023f7d72ae64498cd359,
2026-07-10 20:09:55.817+00,22.3,0ba3023f7d72ae64498cd359,
2026-07-10 20:07:30.722+00,22.4,0ba3023f7d72ae64498cd359,
2026-07-10 20:05:05.752+00,22.6,0ba3023f7d72ae64498cd359,
2026-07-10 20:02:40.707+00,22.7,0ba3023f7d72ae64498cd359,
2026-07-10 20:00:15.752+00,22.8,0ba3023f7d72ae64498cd359,
2026-07-10 19:57:50.759+00,22.9,0ba3023f7d72ae64498cd359,
2026-07-10 19:55:25.752+00,23.1,0ba3023f7d72ae64498cd359,
2026-07-10 19:53:02.984+00,23.2,0ba3023f7d72ae64498cd359,
2026-07-10 19:50:35.765+00,23.3,0ba3023f7d72ae64498cd359,
2026-07-10 19:48:10.723+00,23.4,0ba3023f7d72ae64498cd359,
2026-07-10 19:45:45.743+00,23.5,0ba3023f7d72ae64498cd359,
2026-07-10 19:43:20.743+00,23.6,0ba3023f7d72ae64498cd359,
2026-07-10 19:40:55.729+00,23.8,0ba3023f7d72ae64498cd359,
2026-07-10 19:38:30.729+00,23.9,0ba3023f7d72ae64498cd359,
2026-07-10 19:36:05.746+00,24,0ba3023f7d72ae64498cd359,
2026-07-10 19:33:40.727+00,24.1,0ba3023f7d72ae64498cd359,
2026-07-10 19:31:15.74+00,24.2,0ba3023f7d72ae64498cd359,
2026-07-10 19:28:50.764+00,24.3,0ba3023f7d72ae64498cd359,
2026-07-10 19:26:25.733+00,24.4,0ba3023f7d72ae64498cd359,
2026-07-10 19:24:00.727+00,24.6,0ba3023f7d72ae64498cd359,
2026-07-10 19:21:35.774+00,24.7,0ba3023f7d72ae64498cd359,
2026-07-10 19:19:10.637+00,24.8,0ba3023f7d72ae64498cd359,
2026-07-10 19:16:45.642+00,24.9,0ba3023f7d72ae64498cd359,
2026-07-10 19:14:20.686+00,24.9,0ba3023f7d72ae64498cd359,
2026-07-10 19:11:55.659+00,25,0ba3023f7d72ae64498cd359,
2026-07-10 19:09:30.629+00,25.1,0ba3023f7d72ae64498cd359,
2026-07-10 19:07:05.672+00,25.2,0ba3023f7d72ae64498cd359,
2026-07-10 19:04:40.64+00,25.2,0ba3023f7d72ae64498cd359,
2026-07-10 19:02:15.638+00,25.3,0ba3023f7d72ae64498cd359,
2026-07-10 18:59:50.772+00,25.4,0ba3023f7d72ae64498cd359,
2026-07-10 18:57:25.638+00,25.4,0ba3023f7d72ae64498cd359,
2026-07-10 18:55:00.645+00,25.4,0ba3023f7d72ae64498cd359,
2026-07-10 18:52:37.981+00,25.5,0ba3023f7d72ae64498cd359,
2026-07-10 18:50:10.656+00,25.5,0ba3023f7d72ae64498cd359,
2026-07-10 18:47:45.63+00,25.6,0ba3023f7d72ae64498cd359,
2026-07-10 18:45:20.656+00,25.6,0ba3023f7d72ae64498cd359,
2026-07-10 18:42:55.621+00,25.7,0ba3023f7d72ae64498cd359,
2026-07-10 18:40:30.66+00,25.7,0ba3023f7d72ae64498cd359,
2026-07-10 18:38:05.663+00,25.8,0ba3023f7d72ae64498cd359,
2026-07-10 18:35:40.635+00,25.8,0ba3023f7d72ae64498cd359,
2026-07-10 18:33:15.636+00,25.9,0ba3023f7d72ae64498cd359,
2026-07-10 18:30:50.698+00,25.9,0ba3023f7d72ae64498cd359,
2026-07-10 18:28:25.654+00,25.9,0ba3023f7d72ae64498cd359,
2026-07-10 18:26:00.653+00,26,0ba3023f7d72ae64498cd359,
2026-07-10 18:23:35.656+00,26,0ba3023f7d72ae64498cd359,
2026-07-10 18:21:10.654+00,26,0ba3023f7d72ae64498cd359,
2026-07-10 18:18:45.63+00,26,0ba3023f7d72ae64498cd359,
2026-07-10 18:16:20.657+00,26,0ba3023f7d72ae64498cd359,
2026-07-10 18:13:55.633+00,26.1,0ba3023f7d72ae64498cd359,
2026-07-10 18:11:30.628+00,26.1,0ba3023f7d72ae64498cd359,
2026-07-10 18:09:05.653+00,26.1,0ba3023f7d72ae64498cd359,
2026-07-10 18:06:40.621+00,26.1,0ba3023f7d72ae64498cd359,
2026-07-10 18:04:15.628+00,26.1,0ba3023f7d72ae64498cd359,
2026-07-10 18:01:50.647+00,26.1,0ba3023f7d72ae64498cd359,
2026-07-10 17:59:25.687+00,26.2,0ba3023f7d72ae64498cd359,
2026-07-10 17:57:03.005+00,26.2,0ba3023f7d72ae64498cd359,
2026-07-10 17:54:35.689+00,26.2,0ba3023f7d72ae64498cd359,
2026-07-10 17:52:10.621+00,26.2,0ba3023f7d72ae64498cd359,
2026-07-10 17:49:45.653+00,26.3,0ba3023f7d72ae64498cd359,
2026-07-10 17:47:23.131+00,26.3,0ba3023f7d72ae64498cd359,
2026-07-10 17:44:55.663+00,26.4,0ba3023f7d72ae64498cd359,
2026-07-10 17:42:30.616+00,26.4,0ba3023f7d72ae64498cd359,
2026-07-10 17:40:05.675+00,26.4,0ba3023f7d72ae64498cd359,
2026-07-10 17:37:40.602+00,26.4,0ba3023f7d72ae64498cd359,
2026-07-10 17:35:15.617+00,26.5,0ba3023f7d72ae64498cd359,
2026-07-10 17:32:50.641+00,26.5,0ba3023f7d72ae64498cd359,
2026-07-10 17:30:25.651+00,35.6,0ba3023f7d72ae64498cd359,
2026-07-10 17:28:00.589+00,26.6,0ba3023f7d72ae64498cd359,
2026-07-10 17:25:35.665+00,26.6,0ba3023f7d72ae64498cd359,
2026-07-10 17:23:12.906+00,26.7,0ba3023f7d72ae64498cd359,
2026-07-10 17:20:45.653+00,26.7,0ba3023f7d72ae64498cd359,
2026-07-10 17:18:20.648+00,26.7,0ba3023f7d72ae64498cd359,
2026-07-10 17:15:55.664+00,26.8,0ba3023f7d72ae64498cd359,
2026-07-10 17:13:30.592+00,26.8,0ba3023f7d72ae64498cd359,
2026-07-10 17:11:05.704+00,26.8,0ba3023f7d72ae64498cd359,
2026-07-10 17:08:40.59+00,26.9,0ba3023f7d72ae64498cd359,
2026-07-10 17:06:15.656+00,26.9,0ba3023f7d72ae64498cd359,
2026-07-10 17:03:50.626+00,27,0ba3023f7d72ae64498cd359,
2026-07-10 17:01:25.701+00,27.1,0ba3023f7d72ae64498cd359,
2026-07-10 16:59:00.699+00,35.4,0ba3023f7d72ae64498cd359,
2026-07-10 16:56:35.702+00,27.3,0ba3023f7d72ae64498cd359,
2026-07-10 16:54:10.59+00,27.4,0ba3023f7d72ae64498cd359,
2026-07-10 16:51:45.673+00,27.5,0ba3023f7d72ae64498cd359,
2026-07-10 16:49:20.647+00,27.6,0ba3023f7d72ae64498cd359,
2026-07-10 16:46:55.662+00,27.7,0ba3023f7d72ae64498cd359,
2026-07-10 16:44:30.705+00,27.8,0ba3023f7d72ae64498cd359,
2026-07-10 16:42:08.896+00,27.8,0ba3023f7d72ae64498cd359,
2026-07-10 16:39:40.605+00,27.8,0ba3023f7d72ae64498cd359,
2026-07-10 16:37:15.747+00,27.9,0ba3023f7d72ae64498cd359,
2026-07-10 16:34:52.956+00,28,0ba3023f7d72ae64498cd359,
2026-07-10 16:32:25.798+00,28.1,0ba3023f7d72ae64498cd359,
2026-07-10 16:30:00.592+00,28.2,0ba3023f7d72ae64498cd359,
2026-07-10 16:27:35.699+00,28.2,0ba3023f7d72ae64498cd359,
2026-07-10 16:25:10.593+00,28.2,0ba3023f7d72ae64498cd359,
2026-07-10 16:22:45.592+00,28.2,0ba3023f7d72ae64498cd359,
2026-07-10 16:20:20.611+00,28.2,0ba3023f7d72ae64498cd359,
2026-07-10 16:17:55.589+00,28.1,0ba3023f7d72ae64498cd359,
2026-07-10 16:15:30.579+00,28.1,0ba3023f7d72ae64498cd359,
2026-07-10 16:13:05.614+00,28.1,0ba3023f7d72ae64498cd359,
2026-07-10 16:10:40.61+00,28.1,0ba3023f7d72ae64498cd359,
2026-07-10 16:08:15.567+00,28.1,0ba3023f7d72ae64498cd359,
2026-07-10 16:05:50.611+00,28.1,0ba3023f7d72ae64498cd359,
2026-07-10 16:03:25.678+00,28.1,0ba3023f7d72ae64498cd359,
2026-07-10 16:01:00.577+00,28.1,0ba3023f7d72ae64498cd359,
2026-07-10 15:58:35.717+00,28.1,0ba3023f7d72ae64498cd359,
2026-07-10 15:56:10.598+00,28.1,0ba3023f7d72ae64498cd359,
2026-07-10 15:53:45.579+00,28.2,0ba3023f7d72ae64498cd359,
2026-07-10 15:51:20.604+00,28.1,0ba3023f7d72ae64498cd359,
2026-07-10 15:48:55.569+00,28.1,0ba3023f7d72ae64498cd359,
2026-07-10 15:46:30.586+00,28.1,0ba3023f7d72ae64498cd359,
2026-07-10 15:44:05.631+00,28.1,0ba3023f7d72ae64498cd359,
2026-07-10 15:41:40.607+00,28.1,0ba3023f7d72ae64498cd359,
2026-07-10 15:39:15.585+00,28.1,0ba3023f7d72ae64498cd359,
2026-07-10 15:36:50.622+00,28.1,0ba3023f7d72ae64498cd359,
2026-07-10 15:34:26.59+00,28,0ba3023f7d72ae64498cd359,
2026-07-10 15:32:00.599+00,28,0ba3023f7d72ae64498cd359,
2026-07-10 15:29:35.615+00,28,0ba3023f7d72ae64498cd359,
2026-07-10 15:27:10.686+00,28,0ba3023f7d72ae64498cd359,
2026-07-10 15:24:45.59+00,28,0ba3023f7d72ae64498cd359,
2026-07-10 15:22:21.308+00,28,0ba3023f7d72ae64498cd359,
2026-07-10 15:19:55.593+00,28,0ba3023f7d72ae64498cd359,
2026-07-10 15:17:30.596+00,28,0ba3023f7d72ae64498cd359,
2026-07-10 15:15:05.698+00,28.1,0ba3023f7d72ae64498cd359,
2026-07-10 15:12:40.583+00,28.1,0ba3023f7d72ae64498cd359,
2026-07-10 15:10:15.595+00,28.3,0ba3023f7d72ae64498cd359,
2026-07-10 15:07:50.612+00,28.3,0ba3023f7d72ae64498cd359,
2026-07-10 15:05:25.59+00,28.3,0ba3023f7d72ae64498cd359,
2026-07-10 15:03:00.589+00,28.2,0ba3023f7d72ae64498cd359,
2026-07-10 15:00:35.617+00,28.1,0ba3023f7d72ae64498cd359,
2026-07-10 14:58:10.722+00,28.1,0ba3023f7d72ae64498cd359,
2026-07-10 14:55:45.539+00,28.1,0ba3023f7d72ae64498cd359,
2026-07-10 14:53:20.593+00,28,0ba3023f7d72ae64498cd359,
2026-07-10 14:50:55.609+00,28,0ba3023f7d72ae64498cd359,
2026-07-10 14:48:30.545+00,28,0ba3023f7d72ae64498cd359,
2026-07-10 14:46:05.626+00,28,0ba3023f7d72ae64498cd359,
2026-07-10 14:43:40.573+00,28,0ba3023f7d72ae64498cd359,
2026-07-10 14:41:15.537+00,27.9,0ba3023f7d72ae64498cd359,
2026-07-10 14:38:50.624+00,27.9,0ba3023f7d72ae64498cd359,
2026-07-10 14:36:25.595+00,27.9,0ba3023f7d72ae64498cd359,
2026-07-10 14:34:00.591+00,28,0ba3023f7d72ae64498cd359,
2026-07-10 14:31:35.657+00,28,0ba3023f7d72ae64498cd359,
2026-07-10 14:29:10.584+00,28.1,0ba3023f7d72ae64498cd359,
2026-07-10 14:26:45.598+00,28.1,0ba3023f7d72ae64498cd359,
2026-07-10 14:24:20.655+00,28.1,0ba3023f7d72ae64498cd359,
2026-07-10 14:21:55.606+00,28.2,0ba3023f7d72ae64498cd359,
2026-07-10 14:19:30.586+00,28.3,0ba3023f7d72ae64498cd359,
2026-07-10 14:17:05.642+00,28.4,0ba3023f7d72ae64498cd359,
2026-07-10 14:14:40.594+00,28.4,0ba3023f7d72ae64498cd359,
2026-07-10 14:12:15.606+00,28.5,0ba3023f7d72ae64498cd359,
2026-07-10 14:09:50.63+00,28.5,0ba3023f7d72ae64498cd359,
2026-07-10 14:05:11.064+00,28.5,0ba3023f7d72ae64498cd359,
2026-07-10 14:02:35.592+00,28.4,0ba3023f7d72ae64498cd359,
2026-07-10 14:00:10.642+00,35,0ba3023f7d72ae64498cd359,
2026-07-10 13:57:45.538+00,28.3,0ba3023f7d72ae64498cd359,
2026-07-10 13:55:20.547+00,28.4,0ba3023f7d72ae64498cd359,
2026-07-10 13:52:55.61+00,28.4,0ba3023f7d72ae64498cd359,
2026-07-10 13:50:30.616+00,28.4,0ba3023f7d72ae64498cd359,
2026-07-10 13:48:05.647+00,28.4,0ba3023f7d72ae64498cd359,
2026-07-10 13:45:40.609+00,28.4,0ba3023f7d72ae64498cd359,
2026-07-10 13:43:15.628+00,28.3,0ba3023f7d72ae64498cd359,
2026-07-10 13:40:50.644+00,28.3,0ba3023f7d72ae64498cd359,
2026-07-10 13:38:25.521+00,28.3,0ba3023f7d72ae64498cd359,
2026-07-10 13:36:00.621+00,28.4,0ba3023f7d72ae64498cd359,
2026-07-10 13:33:35.541+00,28.5,0ba3023f7d72ae64498cd359,
2026-07-10 13:31:10.614+00,28.6,0ba3023f7d72ae64498cd359,
2026-07-10 13:28:45.63+00,28.7,0ba3023f7d72ae64498cd359,
2026-07-10 13:26:20.638+00,28.8,0ba3023f7d72ae64498cd359,
2026-07-10 13:23:55.624+00,28.8,0ba3023f7d72ae64498cd359,
2026-07-10 13:21:30.625+00,28.7,0ba3023f7d72ae64498cd359,
2026-07-10 13:19:05.68+00,28.7,0ba3023f7d72ae64498cd359,
2026-07-10 13:16:40.534+00,28.6,0ba3023f7d72ae64498cd359,
2026-07-10 13:14:15.526+00,28.7,0ba3023f7d72ae64498cd359,
2026-07-10 13:11:50.561+00,28.7,0ba3023f7d72ae64498cd359,
2026-07-10 13:09:25.544+00,28.8,0ba3023f7d72ae64498cd359,
2026-07-10 13:07:00.528+00,28.8,0ba3023f7d72ae64498cd359,
2026-07-10 13:04:35.66+00,28.8,0ba3023f7d72ae64498cd359,
2026-07-10 13:02:10.538+00,28.8,0ba3023f7d72ae64498cd359,
2026-07-10 12:59:45.535+00,28.8,0ba3023f7d72ae64498cd359,
2026-07-10 12:57:20.615+00,28.9,0ba3023f7d72ae64498cd359,
2026-07-10 12:54:56.052+00,29,0ba3023f7d72ae64498cd359,
2026-07-10 12:52:30.553+00,29.1,0ba3023f7d72ae64498cd359,
2026-07-10 12:50:05.561+00,29.3,0ba3023f7d72ae64498cd359,
2026-07-10 12:47:40.527+00,29.4,0ba3023f7d72ae64498cd359,
2026-07-10 12:45:15.541+00,29.6,0ba3023f7d72ae64498cd359,
2026-07-10 12:42:50.567+00,29.7,0ba3023f7d72ae64498cd359,
2026-07-10 12:40:25.513+00,29.8,0ba3023f7d72ae64498cd359,
2026-07-10 12:38:00.524+00,29.9,0ba3023f7d72ae64498cd359,
2026-07-10 12:35:35.56+00,29.9,0ba3023f7d72ae64498cd359,
2026-07-10 12:33:10.635+00,29.9,0ba3023f7d72ae64498cd359,
2026-07-10 12:30:45.675+00,30.1,0ba3023f7d72ae64498cd359,
2026-07-10 12:28:20.564+00,30.2,0ba3023f7d72ae64498cd359,
2026-07-10 12:25:55.535+00,30.2,0ba3023f7d72ae64498cd359,
2026-07-10 12:23:30.526+00,30.4,0ba3023f7d72ae64498cd359,
2026-07-10 12:21:05.565+00,30.5,0ba3023f7d72ae64498cd359,
2026-07-10 12:18:40.634+00,30.6,0ba3023f7d72ae64498cd359,
2026-07-10 12:16:15.549+00,30.9,0ba3023f7d72ae64498cd359,
2026-07-10 12:13:50.507+00,31.1,0ba3023f7d72ae64498cd359,
2026-07-10 12:11:25.543+00,31.3,0ba3023f7d72ae64498cd359,
2026-07-10 12:09:00.532+00,31.3,0ba3023f7d72ae64498cd359,
2026-07-10 12:06:35.559+00,31.3,0ba3023f7d72ae64498cd359,
2026-07-10 12:04:10.548+00,31.4,0ba3023f7d72ae64498cd359,
2026-07-10 12:01:45.527+00,31.6,0ba3023f7d72ae64498cd359,
2026-07-10 11:59:20.597+00,31.9,0ba3023f7d72ae64498cd359,
2026-07-10 11:56:55.557+00,32,0ba3023f7d72ae64498cd359,
2026-07-10 11:54:30.534+00,32.2,0ba3023f7d72ae64498cd359,
2026-07-10 11:52:05.586+00,32.6,0ba3023f7d72ae64498cd359,
2026-07-10 11:49:40.549+00,33,0ba3023f7d72ae64498cd359,
2026-07-10 11:45:01.545+00,33.4,0ba3023f7d72ae64498cd359,
2026-07-10 11:42:25.553+00,33.6,0ba3023f7d72ae64498cd359,
2026-07-10 11:40:00.559+00,33.8,0ba3023f7d72ae64498cd359,
2026-07-10 11:37:35.54+00,34.1,0ba3023f7d72ae64498cd359,
2026-07-10 11:35:10.548+00,34.6,0ba3023f7d72ae64498cd359,
2026-07-10 11:32:45.593+00,35,0ba3023f7d72ae64498cd359,
2026-07-10 11:30:20.576+00,35.4,0ba3023f7d72ae64498cd359,
2026-07-10 11:27:55.435+00,35.6,0ba3023f7d72ae64498cd359,
2026-07-10 11:25:30.462+00,35.6,0ba3023f7d72ae64498cd359,
2026-07-10 11:23:05.422+00,35.5,0ba3023f7d72ae64498cd359,
2026-07-10 11:20:40.444+00,35.7,0ba3023f7d72ae64498cd359,
2026-07-10 11:18:15.504+00,35.6,0ba3023f7d72ae64498cd359,
2026-07-10 11:15:50.432+00,35.4,0ba3023f7d72ae64498cd359,
2026-07-10 11:13:25.454+00,35.1,0ba3023f7d72ae64498cd359,
2026-07-10 11:11:00.446+00,34.8,0ba3023f7d72ae64498cd359,
2026-07-10 11:08:35.414+00,34.7,0ba3023f7d72ae64498cd359,
2026-07-10 11:06:10.438+00,34.6,0ba3023f7d72ae64498cd359,
2026-07-10 11:03:45.478+00,34.6,0ba3023f7d72ae64498cd359,
2026-07-10 11:01:20.44+00,34.9,0ba3023f7d72ae64498cd359,
2026-07-10 10:58:55.425+00,34.9,0ba3023f7d72ae64498cd359,
2026-07-10 10:56:30.478+00,34.7,0ba3023f7d72ae64498cd359,
2026-07-10 10:54:05.455+00,34.5,0ba3023f7d72ae64498cd359,
2026-07-10 10:51:40.455+00,34.1,0ba3023f7d72ae64498cd359,
2026-07-10 10:49:15.487+00,33.9,0ba3023f7d72ae64498cd359,
2026-07-10 10:46:50.469+00,33.8,0ba3023f7d72ae64498cd359,
2026-07-10 10:44:25.429+00,34.1,0ba3023f7d72ae64498cd359,
2026-07-10 10:42:00.486+00,34.3,0ba3023f7d72ae64498cd359,
2026-07-10 10:39:35.471+00,34.6,0ba3023f7d72ae64498cd359,
2026-07-10 10:37:10.442+00,34.6,0ba3023f7d72ae64498cd359,
2026-07-10 10:34:45.472+00,34.6,0ba3023f7d72ae64498cd359,
2026-07-10 10:32:21.775+00,34.5,0ba3023f7d72ae64498cd359,
2026-07-10 10:29:55.467+00,34.8,0ba3023f7d72ae64498cd359,
2026-07-10 10:27:30.594+00,35.4,0ba3023f7d72ae64498cd359,
2026-07-10 10:25:05.453+00,35.7,0ba3023f7d72ae64498cd359,
2026-07-10 10:22:40.411+00,35.4,0ba3023f7d72ae64498cd359,
2026-07-10 10:20:15.509+00,35.1,0ba3023f7d72ae64498cd359,
2026-07-10 10:17:50.461+00,34.9,0ba3023f7d72ae64498cd359,
2026-07-10 10:15:25.471+00,34.6,0ba3023f7d72ae64498cd359,
2026-07-10 10:13:00.503+00,34.4,0ba3023f7d72ae64498cd359,
2026-07-10 10:10:35.978+00,34.1,0ba3023f7d72ae64498cd359,
2026-07-10 10:08:10.465+00,33.8,0ba3023f7d72ae64498cd359,
2026-07-10 10:05:45.517+00,33.4,0ba3023f7d72ae64498cd359,
2026-07-10 10:03:20.456+00,33,0ba3023f7d72ae64498cd359,
2026-07-10 10:00:55.465+00,32.6,0ba3023f7d72ae64498cd359,
2026-07-10 09:58:30.481+00,32.4,0ba3023f7d72ae64498cd359,
2026-07-10 09:56:05.488+00,32.9,0ba3023f7d72ae64498cd359,
2026-07-10 09:53:40.504+00,33.4,0ba3023f7d72ae64498cd359,
2026-07-10 09:51:15.503+00,33.7,0ba3023f7d72ae64498cd359,
2026-07-10 09:48:50.478+00,33.5,0ba3023f7d72ae64498cd359,
2026-07-10 09:46:25.47+00,33.1,0ba3023f7d72ae64498cd359,
2026-07-10 09:44:00.508+00,32.9,0ba3023f7d72ae64498cd359,
2026-07-10 09:41:35.477+00,32.7,0ba3023f7d72ae64498cd359,
2026-07-10 09:39:10.484+00,32.9,0ba3023f7d72ae64498cd359,
2026-07-10 09:36:45.525+00,33.1,0ba3023f7d72ae64498cd359,
2026-07-10 09:34:20.48+00,33.1,0ba3023f7d72ae64498cd359,
2026-07-10 09:31:55.402+00,33.2,0ba3023f7d72ae64498cd359,
2026-07-10 09:29:30.425+00,33.7,0ba3023f7d72ae64498cd359,
2026-07-10 09:27:05.388+00,33.8,0ba3023f7d72ae64498cd359,
2026-07-10 09:24:40.498+00,32.9,0ba3023f7d72ae64498cd359,
2026-07-10 09:22:15.42+00,33.8,0ba3023f7d72ae64498cd359,
2026-07-10 09:19:50.575+00,33.8,0ba3023f7d72ae64498cd359,
2026-07-10 09:17:28.528+00,33.8,0ba3023f7d72ae64498cd359,
2026-07-10 09:15:00.521+00,34.7,0ba3023f7d72ae64498cd359,
2026-07-10 09:12:35.396+00,34.5,0ba3023f7d72ae64498cd359,
2026-07-10 09:10:10.549+00,34.1,0ba3023f7d72ae64498cd359,
2026-07-10 09:07:45.536+00,33.5,0ba3023f7d72ae64498cd359,
2026-07-10 09:05:20.483+00,33.1,0ba3023f7d72ae64498cd359,
2026-07-10 09:02:55.498+00,32.7,0ba3023f7d72ae64498cd359,
2026-07-10 09:00:30.515+00,32.8,0ba3023f7d72ae64498cd359,
2026-07-10 08:58:05.592+00,32.6,0ba3023f7d72ae64498cd359,
2026-07-10 08:55:40.488+00,32.1,0ba3023f7d72ae64498cd359,
2026-07-10 08:53:15.516+00,31.7,0ba3023f7d72ae64498cd359,
2026-07-10 08:50:50.487+00,31.5,0ba3023f7d72ae64498cd359,
2026-07-10 08:48:25.385+00,31.8,0ba3023f7d72ae64498cd359,
2026-07-10 08:46:00.405+00,32.2,0ba3023f7d72ae64498cd359,
2026-07-10 08:43:35.392+00,32.3,0ba3023f7d72ae64498cd359,
2026-07-10 08:41:10.379+00,32.1,0ba3023f7d72ae64498cd359,
2026-07-10 08:38:45.877+00,31.6,0ba3023f7d72ae64498cd359,
2026-07-10 08:36:20.406+00,31.3,0ba3023f7d72ae64498cd359,
2026-07-10 08:33:55.376+00,31.6,0ba3023f7d72ae64498cd359,
2026-07-10 08:31:30.409+00,32.3,0ba3023f7d72ae64498cd359,
2026-07-10 08:29:05.39+00,32.9,0ba3023f7d72ae64498cd359,
2026-07-10 08:26:40.396+00,32.8,0ba3023f7d72ae64498cd359,
2026-07-10 08:24:15.43+00,32.2,0ba3023f7d72ae64498cd359,
2026-07-10 08:21:50.388+00,31.5,0ba3023f7d72ae64498cd359,
2026-07-10 08:19:25.365+00,30.7,0ba3023f7d72ae64498cd359,
2026-07-10 08:17:00.449+00,30.1,0ba3023f7d72ae64498cd359,
2026-07-10 08:14:35.406+00,29.6,0ba3023f7d72ae64498cd359,
2026-07-10 08:12:10.37+00,29.6,0ba3023f7d72ae64498cd359,
2026-07-10 08:09:45.429+00,29.8,0ba3023f7d72ae64498cd359,
2026-07-10 08:07:20.407+00,29.8,0ba3023f7d72ae64498cd359,
2026-07-10 08:05:05.346+00,29.6,0ba3023f7d72ae64498cd359,
2026-07-10 08:02:30.439+00,29.7,0ba3023f7d72ae64498cd359,
2026-07-10 08:00:05.384+00,30.1,0ba3023f7d72ae64498cd359,
2026-07-10 07:57:40.408+00,30.3,0ba3023f7d72ae64498cd359,
2026-07-10 07:55:15.445+00,30.4,0ba3023f7d72ae64498cd359,
2026-07-10 07:52:50.375+00,29.9,0ba3023f7d72ae64498cd359,
2026-07-10 07:50:25.533+00,29.4,0ba3023f7d72ae64498cd359,
2026-07-10 07:48:00.447+00,29.3,0ba3023f7d72ae64498cd359,
2026-07-10 07:45:35.416+00,30.1,0ba3023f7d72ae64498cd359,
2026-07-10 07:43:10.417+00,30,0ba3023f7d72ae64498cd359,
2026-07-10 07:40:45.46+00,29.5,0ba3023f7d72ae64498cd359,
2026-07-10 07:38:20.416+00,28.7,0ba3023f7d72ae64498cd359,
2026-07-10 07:35:55.426+00,28.4,0ba3023f7d72ae64498cd359,
2026-07-10 07:33:30.448+00,27.9,0ba3023f7d72ae64498cd359,
2026-07-10 07:31:05.429+00,26.8,0ba3023f7d72ae64498cd359,
2026-07-10 07:28:40.414+00,25.6,0ba3023f7d72ae64498cd359,
2026-07-10 07:26:15.51+00,24.5,0ba3023f7d72ae64498cd359,
2026-07-10 07:23:50.821+00,23.2,0ba3023f7d72ae64498cd359,
2026-07-10 07:21:25.431+00,22.1,0ba3023f7d72ae64498cd359,
2026-07-10 07:19:00.46+00,21.1,0ba3023f7d72ae64498cd359,
2026-07-10 07:16:35.412+00,20.9,0ba3023f7d72ae64498cd359,
2026-07-10 07:14:10.409+00,20.8,0ba3023f7d72ae64498cd359,
2026-07-10 07:11:45.467+00,20.6,0ba3023f7d72ae64498cd359,
2026-07-10 07:09:20.435+00,20.6,0ba3023f7d72ae64498cd359,
2026-07-10 07:06:55.694+00,20.5,0ba3023f7d72ae64498cd359,
2026-07-10 07:04:30.826+00,20.3,0ba3023f7d72ae64498cd359,
2026-07-10 07:02:05.423+00,20.2,0ba3023f7d72ae64498cd359,
2026-07-10 06:59:40.423+00,20.1,0ba3023f7d72ae64498cd359,
2026-07-10 06:57:15.582+00,20.1,0ba3023f7d72ae64498cd359,
2026-07-10 06:54:54.97+00,20,0ba3023f7d72ae64498cd359,
2026-07-10 06:52:25.421+00,19.9,0ba3023f7d72ae64498cd359,
2026-07-10 06:50:00.453+00,19.8,0ba3023f7d72ae64498cd359,
2026-07-10 06:47:35.414+00,19.8,0ba3023f7d72ae64498cd359,
2026-07-10 06:45:10.413+00,19.7,0ba3023f7d72ae64498cd359,
2026-07-10 06:42:45.45+00,19.7,0ba3023f7d72ae64498cd359,
2026-07-10 06:40:20.414+00,19.6,0ba3023f7d72ae64498cd359,
2026-07-10 06:37:55.443+00,19.6,0ba3023f7d72ae64498cd359,
2026-07-10 06:35:30.451+00,19.6,0ba3023f7d72ae64498cd359,
2026-07-10 06:33:05.41+00,19.5,0ba3023f7d72ae64498cd359,
2026-07-10 06:30:40.414+00,19.4,0ba3023f7d72ae64498cd359,
2026-07-10 06:28:15.45+00,19.3,0ba3023f7d72ae64498cd359,
2026-07-10 06:25:50.433+00,19.1,0ba3023f7d72ae64498cd359,
2026-07-10 06:23:25.423+00,19,0ba3023f7d72ae64498cd359,
2026-07-10 06:21:00.45+00,18.9,0ba3023f7d72ae64498cd359,
2026-07-10 06:18:35.436+00,18.8,0ba3023f7d72ae64498cd359,
2026-07-10 06:16:10.415+00,18.6,0ba3023f7d72ae64498cd359,
2026-07-10 06:13:45.433+00,18.5,0ba3023f7d72ae64498cd359,
2026-07-10 06:11:20.44+00,18.3,0ba3023f7d72ae64498cd359,
2026-07-10 06:08:55.344+00,18.2,0ba3023f7d72ae64498cd359,
2026-07-10 06:07:16.581+00,18,0ba3023f7d72ae64498cd359,
2026-07-10 06:04:05.315+00,17.9,0ba3023f7d72ae64498cd359,
2026-07-10 06:01:40.461+00,17.9,0ba3023f7d72ae64498cd359,
2026-07-10 05:59:15.352+00,17.8,0ba3023f7d72ae64498cd359,
2026-07-10 05:56:50.331+00,17.7,0ba3023f7d72ae64498cd359,
2026-07-10 05:54:25.356+00,17.6,0ba3023f7d72ae64498cd359,
2026-07-10 05:52:00.364+00,17.6,0ba3023f7d72ae64498cd359,
2026-07-10 05:49:38.418+00,17.6,0ba3023f7d72ae64498cd359,
2026-07-10 05:47:10.311+00,17.5,0ba3023f7d72ae64498cd359,
2026-07-10 05:44:49.679+00,17.5,0ba3023f7d72ae64498cd359,
2026-07-10 05:42:20.344+00,17.3,0ba3023f7d72ae64498cd359,
2026-07-10 05:39:55.345+00,17.2,0ba3023f7d72ae64498cd359,
2026-07-10 05:37:30.367+00,17,0ba3023f7d72ae64498cd359,
2026-07-10 05:35:05.342+00,16.9,0ba3023f7d72ae64498cd359,
2026-07-10 05:32:40.327+00,16.8,0ba3023f7d72ae64498cd359,
2026-07-10 05:30:15.359+00,16.7,0ba3023f7d72ae64498cd359,
2026-07-10 05:27:50.293+00,16.6,0ba3023f7d72ae64498cd359,
2026-07-10 05:25:25.35+00,16.5,0ba3023f7d72ae64498cd359,
2026-07-10 05:23:00.337+00,16.4,0ba3023f7d72ae64498cd359,
2026-07-10 05:20:38.429+00,16.4,0ba3023f7d72ae64498cd359,
2026-07-10 05:18:10.338+00,16.4,0ba3023f7d72ae64498cd359,
2026-07-10 05:15:45.372+00,16.4,0ba3023f7d72ae64498cd359,
2026-07-10 05:13:20.36+00,16.4,0ba3023f7d72ae64498cd359,
2026-07-10 05:10:55.383+00,16.3,0ba3023f7d72ae64498cd359,
2026-07-10 05:08:30.367+00,16.2,0ba3023f7d72ae64498cd359,
2026-07-10 05:06:05.358+00,16.2,0ba3023f7d72ae64498cd359,
2026-07-10 05:03:40.366+00,16.2,0ba3023f7d72ae64498cd359,
2026-07-10 05:01:15.485+00,16.1,0ba3023f7d72ae64498cd359,
2026-07-10 04:58:50.459+00,16.1,0ba3023f7d72ae64498cd359,
2026-07-10 04:56:25.35+00,16,0ba3023f7d72ae64498cd359,
2026-07-10 04:54:00.386+00,16,0ba3023f7d72ae64498cd359,
2026-07-10 04:51:35.423+00,15.9,0ba3023f7d72ae64498cd359,
2026-07-10 04:49:10.358+00,15.9,0ba3023f7d72ae64498cd359,
2026-07-10 04:46:45.386+00,15.8,0ba3023f7d72ae64498cd359,
2026-07-10 04:44:20.356+00,15.7,0ba3023f7d72ae64498cd359,
2026-07-10 04:41:55.553+00,15.7,0ba3023f7d72ae64498cd359,
2026-07-10 04:39:30.383+00,15.7,0ba3023f7d72ae64498cd359,
2026-07-10 04:37:05.362+00,15.7,0ba3023f7d72ae64498cd359,
2026-07-10 04:34:40.343+00,15.7,0ba3023f7d72ae64498cd359,
2026-07-10 04:32:15.386+00,15.6,0ba3023f7d72ae64498cd359,
2026-07-10 04:29:50.785+00,15.7,0ba3023f7d72ae64498cd359,
2026-07-10 04:27:25.291+00,15.7,0ba3023f7d72ae64498cd359,
2026-07-10 04:25:00.377+00,15.7,0ba3023f7d72ae64498cd359,
2026-07-10 04:22:35.365+00,15.6,0ba3023f7d72ae64498cd359,
2026-07-10 04:20:10.371+00,15.6,0ba3023f7d72ae64498cd359,
2026-07-10 04:17:45.395+00,15.5,0ba3023f7d72ae64498cd359,
2026-07-10 04:15:20.36+00,15.4,0ba3023f7d72ae64498cd359,
2026-07-10 04:12:55.357+00,15.4,0ba3023f7d72ae64498cd359,
2026-07-10 04:10:30.394+00,15.4,0ba3023f7d72ae64498cd359,
2026-07-10 04:08:05.299+00,15.3,0ba3023f7d72ae64498cd359,
2026-07-10 04:05:40.281+00,15.3,0ba3023f7d72ae64498cd359,
2026-07-10 04:03:15.305+00,15.2,0ba3023f7d72ae64498cd359,
2026-07-10 04:00:50.327+00,15.1,0ba3023f7d72ae64498cd359,
2026-07-10 03:58:25.366+00,15.1,0ba3023f7d72ae64498cd359,
2026-07-10 03:56:00.398+00,15,0ba3023f7d72ae64498cd359,
2026-07-10 03:53:35.38+00,14.9,0ba3023f7d72ae64498cd359,
2026-07-10 03:51:10.371+00,14.9,0ba3023f7d72ae64498cd359,
2026-07-10 03:48:45.409+00,14.8,0ba3023f7d72ae64498cd359,
2026-07-10 03:46:20.4+00,14.8,0ba3023f7d72ae64498cd359,
2026-07-10 03:43:55.271+00,14.8,0ba3023f7d72ae64498cd359,
2026-07-10 03:41:30.301+00,14.7,0ba3023f7d72ae64498cd359,
2026-07-10 03:39:05.291+00,14.6,0ba3023f7d72ae64498cd359,
2026-07-10 03:36:40.307+00,14.6,0ba3023f7d72ae64498cd359,
2026-07-10 03:34:15.326+00,14.5,0ba3023f7d72ae64498cd359,
2026-07-10 03:31:50.306+00,14.5,0ba3023f7d72ae64498cd359,
2026-07-10 03:29:25.283+00,14.5,0ba3023f7d72ae64498cd359,
2026-07-10 03:27:03.713+00,14.5,0ba3023f7d72ae64498cd359,
2026-07-10 03:22:10.289+00,14.4,0ba3023f7d72ae64498cd359,
2026-07-10 03:19:45.585+00,14.4,0ba3023f7d72ae64498cd359,
2026-07-10 03:17:20.393+00,14.4,0ba3023f7d72ae64498cd359,
2026-07-10 03:14:55.362+00,14.4,0ba3023f7d72ae64498cd359,
2026-07-10 03:12:30.394+00,14.3,0ba3023f7d72ae64498cd359,
2026-07-10 03:10:05.284+00,14.4,0ba3023f7d72ae64498cd359,
2026-07-10 03:07:40.363+00,14.4,0ba3023f7d72ae64498cd359,
2026-07-10 03:05:15.264+00,14.4,0ba3023f7d72ae64498cd359,
2026-07-10 03:02:50.288+00,14.4,0ba3023f7d72ae64498cd359,
2026-07-10 03:00:25.366+00,14.4,0ba3023f7d72ae64498cd359,
2026-07-10 02:58:00.788+00,14.4,0ba3023f7d72ae64498cd359,
2026-07-10 02:55:35.312+00,14.4,0ba3023f7d72ae64498cd359,
2026-07-10 02:53:10.304+00,14.4,0ba3023f7d72ae64498cd359,
2026-07-10 02:50:45.286+00,14.4,0ba3023f7d72ae64498cd359,
2026-07-10 02:48:20.31+00,14.4,0ba3023f7d72ae64498cd359,
2026-07-10 02:45:55.29+00,14.4,0ba3023f7d72ae64498cd359,
2026-07-10 02:43:30.271+00,14.4,0ba3023f7d72ae64498cd359,
2026-07-10 02:41:05.295+00,14.4,0ba3023f7d72ae64498cd359,
2026-07-10 02:38:40.283+00,14.4,0ba3023f7d72ae64498cd359,
2026-07-10 02:36:15.291+00,14.4,0ba3023f7d72ae64498cd359,
2026-07-10 02:33:50.315+00,14.4,0ba3023f7d72ae64498cd359,
2026-07-10 02:31:25.291+00,14.4,0ba3023f7d72ae64498cd359,
2026-07-10 02:29:00.28+00,14.4,0ba3023f7d72ae64498cd359,
2026-07-10 02:26:35.315+00,14.4,0ba3023f7d72ae64498cd359,
2026-07-10 02:24:10.299+00,14.4,0ba3023f7d72ae64498cd359,
2026-07-10 02:21:45.289+00,14.3,0ba3023f7d72ae64498cd359,
2026-07-10 02:19:20.285+00,14.3,0ba3023f7d72ae64498cd359,
2026-07-10 02:16:55.296+00,14.3,0ba3023f7d72ae64498cd359,
2026-07-10 02:14:30.372+00,14.3,0ba3023f7d72ae64498cd359,
2026-07-10 02:12:05.329+00,14.3,0ba3023f7d72ae64498cd359,
2026-07-10 02:09:40.307+00,14.3,0ba3023f7d72ae64498cd359,
2026-07-10 02:05:00.353+00,14.3,0ba3023f7d72ae64498cd359,
2026-07-10 02:02:25.278+00,14.3,0ba3023f7d72ae64498cd359,
2026-07-10 02:00:00.34+00,14.3,0ba3023f7d72ae64498cd359,
2026-07-10 01:57:35.285+00,14.4,0ba3023f7d72ae64498cd359,
2026-07-10 01:55:10.284+00,14.4,0ba3023f7d72ae64498cd359,
2026-07-10 01:52:45.322+00,14.4,0ba3023f7d72ae64498cd359,
2026-07-10 01:50:20.298+00,14.5,0ba3023f7d72ae64498cd359,
2026-07-10 01:47:55.311+00,14.5,0ba3023f7d72ae64498cd359,
2026-07-10 01:45:30.363+00,14.5,0ba3023f7d72ae64498cd359,
2026-07-10 01:43:05.289+00,14.5,0ba3023f7d72ae64498cd359,
2026-07-10 01:40:40.298+00,14.5,0ba3023f7d72ae64498cd359,
2026-07-10 01:38:15.347+00,14.5,0ba3023f7d72ae64498cd359,
2026-07-10 01:35:50.518+00,14.5,0ba3023f7d72ae64498cd359,
2026-07-10 01:33:25.321+00,14.5,0ba3023f7d72ae64498cd359,
2026-07-10 01:31:00.365+00,14.6,0ba3023f7d72ae64498cd359,
2026-07-10 01:28:35.3+00,14.6,0ba3023f7d72ae64498cd359,
2026-07-10 01:26:10.243+00,14.6,0ba3023f7d72ae64498cd359,
2026-07-10 01:23:45.326+00,14.5,0ba3023f7d72ae64498cd359,
2026-07-10 01:21:20.223+00,14.5,0ba3023f7d72ae64498cd359,
2026-07-10 01:18:55.278+00,14.5,0ba3023f7d72ae64498cd359,
2026-07-10 01:16:30.349+00,14.6,0ba3023f7d72ae64498cd359,
2026-07-10 01:14:05.23+00,14.6,0ba3023f7d72ae64498cd359,
2026-07-10 01:11:40.21+00,14.6,0ba3023f7d72ae64498cd359,
2026-07-10 01:09:15.263+00,14.6,0ba3023f7d72ae64498cd359,
2026-07-10 01:06:50.267+00,14.5,0ba3023f7d72ae64498cd359,
2026-07-10 01:04:25.21+00,14.6,0ba3023f7d72ae64498cd359,
2026-07-10 01:02:00.296+00,14.6,0ba3023f7d72ae64498cd359,
2026-07-10 00:59:35.23+00,14.6,0ba3023f7d72ae64498cd359,
2026-07-10 00:54:56.226+00,14.6,0ba3023f7d72ae64498cd359,
2026-07-10 00:52:20.235+00,14.6,0ba3023f7d72ae64498cd359,
2026-07-10 00:49:55.317+00,14.6,0ba3023f7d72ae64498cd359,
2026-07-10 00:47:30.241+00,14.7,0ba3023f7d72ae64498cd359,
2026-07-10 00:45:05.393+00,14.7,0ba3023f7d72ae64498cd359,
2026-07-10 00:42:40.316+00,14.7,0ba3023f7d72ae64498cd359,
2026-07-10 00:40:15.339+00,14.8,0ba3023f7d72ae64498cd359,
2026-07-10 00:37:50.316+00,14.8,0ba3023f7d72ae64498cd359,
2026-07-10 00:35:25.313+00,14.9,0ba3023f7d72ae64498cd359,
2026-07-10 00:33:00.357+00,14.9,0ba3023f7d72ae64498cd359,
2026-07-10 00:30:35.314+00,14.9,0ba3023f7d72ae64498cd359,
2026-07-10 00:28:10.327+00,14.9,0ba3023f7d72ae64498cd359,
2026-07-10 00:25:45.34+00,14.9,0ba3023f7d72ae64498cd359,
2026-07-10 00:23:20.215+00,14.9,0ba3023f7d72ae64498cd359,
2026-07-10 00:20:55.221+00,14.9,0ba3023f7d72ae64498cd359,
2026-07-10 00:18:30.245+00,15,0ba3023f7d72ae64498cd359,
2026-07-10 00:16:05.208+00,15,0ba3023f7d72ae64498cd359,
2026-07-10 00:13:40.226+00,15,0ba3023f7d72ae64498cd359,
2026-07-10 00:11:15.272+00,15,0ba3023f7d72ae64498cd359,
2026-07-10 00:08:50.216+00,15,0ba3023f7d72ae64498cd359,
2026-07-10 00:06:25.25+00,15,0ba3023f7d72ae64498cd359,
2026-07-10 00:04:00.256+00,15.1,0ba3023f7d72ae64498cd359,
2026-07-10 00:01:35.222+00,15.1,0ba3023f7d72ae64498cd359,
2026-07-09 23:59:10.209+00,15.1,0ba3023f7d72ae64498cd359,
2026-07-09 23:56:45.268+00,15.2,0ba3023f7d72ae64498cd359,
2026-07-09 23:54:20.202+00,15.2,0ba3023f7d72ae64498cd359,
2026-07-09 23:51:55.248+00,15.2,0ba3023f7d72ae64498cd359,
2026-07-09 23:49:30.255+00,15.2,0ba3023f7d72ae64498cd359,
2026-07-09 23:44:48.303+00,15.3,0ba3023f7d72ae64498cd359,
2026-07-09 23:42:15.271+00,15.2,0ba3023f7d72ae64498cd359,
2026-07-09 23:39:50.219+00,15.3,0ba3023f7d72ae64498cd359,
2026-07-09 23:37:25.229+00,15.3,0ba3023f7d72ae64498cd359,
2026-07-09 23:35:00.272+00,15.3,0ba3023f7d72ae64498cd359,
2026-07-09 23:32:35.207+00,15.4,0ba3023f7d72ae64498cd359,
2026-07-09 23:30:10.221+00,15.4,0ba3023f7d72ae64498cd359,
2026-07-09 23:27:45.775+00,15.4,0ba3023f7d72ae64498cd359,
2026-07-09 23:25:20.229+00,15.4,0ba3023f7d72ae64498cd359,
2026-07-09 23:22:55.221+00,15.4,0ba3023f7d72ae64498cd359,
2026-07-09 23:20:30.251+00,15.4,0ba3023f7d72ae64498cd359,
2026-07-09 23:18:05.228+00,15.5,0ba3023f7d72ae64498cd359,
2026-07-09 23:15:40.328+00,65.2,0ba3023f7d72ae64498cd359,
2026-07-09 23:13:15.343+00,15.6,0ba3023f7d72ae64498cd359,
2026-07-09 23:10:50.215+00,15.6,0ba3023f7d72ae64498cd359,
2026-07-09 23:08:25.224+00,15.7,0ba3023f7d72ae64498cd359,
2026-07-09 23:06:00.36+00,15.7,0ba3023f7d72ae64498cd359,
2026-07-09 23:03:35.233+00,15.8,0ba3023f7d72ae64498cd359,
2026-07-09 23:01:10.236+00,15.8,0ba3023f7d72ae64498cd359,
2026-07-09 22:58:45.252+00,15.8,0ba3023f7d72ae64498cd359,
2026-07-09 22:56:20.163+00,15.9,0ba3023f7d72ae64498cd359,
2026-07-09 22:53:55.238+00,16,0ba3023f7d72ae64498cd359,
2026-07-09 22:51:30.26+00,16,0ba3023f7d72ae64498cd359,
2026-07-09 22:49:05.331+00,16.1,0ba3023f7d72ae64498cd359,
2026-07-09 22:46:40.252+00,16.1,0ba3023f7d72ae64498cd359,
2026-07-09 22:44:18.306+00,16.1,0ba3023f7d72ae64498cd359,
2026-07-09 22:41:50.164+00,16.1,0ba3023f7d72ae64498cd359,
2026-07-09 22:37:00.209+00,16.2,0ba3023f7d72ae64498cd359,
2026-07-09 22:34:35.171+00,16.2,0ba3023f7d72ae64498cd359,
2026-07-09 22:32:12.589+00,16.2,0ba3023f7d72ae64498cd359,
2026-07-09 22:29:45.22+00,16.2,0ba3023f7d72ae64498cd359,
2026-07-09 22:27:20.147+00,16.3,0ba3023f7d72ae64498cd359,
2026-07-09 22:24:55.158+00,16.3,0ba3023f7d72ae64498cd359,
2026-07-09 22:22:30.182+00,16.3,0ba3023f7d72ae64498cd359,
2026-07-09 22:20:05.171+00,16.4,0ba3023f7d72ae64498cd359,
2026-07-09 22:17:40.177+00,16.4,0ba3023f7d72ae64498cd359,
2026-07-09 22:15:15.198+00,16.4,0ba3023f7d72ae64498cd359,
2026-07-09 22:12:50.134+00,16.5,0ba3023f7d72ae64498cd359,
2026-07-09 22:10:25.158+00,16.5,0ba3023f7d72ae64498cd359,
2026-07-09 22:08:00.168+00,16.6,0ba3023f7d72ae64498cd359,
2026-07-09 22:05:35.249+00,16.6,0ba3023f7d72ae64498cd359,
2026-07-09 22:03:10.233+00,16.7,0ba3023f7d72ae64498cd359,
2026-07-09 22:00:45.28+00,16.8,0ba3023f7d72ae64498cd359,
2026-07-09 21:58:20.237+00,16.8,0ba3023f7d72ae64498cd359,
2026-07-09 21:55:55.267+00,16.9,0ba3023f7d72ae64498cd359,
2026-07-09 21:53:30.278+00,16.9,0ba3023f7d72ae64498cd359,
2026-07-09 21:51:05.165+00,17,0ba3023f7d72ae64498cd359,
2026-07-09 21:48:40.156+00,17.1,0ba3023f7d72ae64498cd359,
2026-07-09 21:46:15.189+00,17.1,0ba3023f7d72ae64498cd359,
2026-07-09 21:43:50.15+00,17.2,0ba3023f7d72ae64498cd359,
2026-07-09 21:41:25.663+00,17.3,0ba3023f7d72ae64498cd359,
2026-07-09 21:39:00.187+00,17.3,0ba3023f7d72ae64498cd359,
2026-07-09 21:36:35.175+00,17.4,0ba3023f7d72ae64498cd359,
2026-07-09 21:34:10.168+00,17.4,0ba3023f7d72ae64498cd359,
2026-07-09 21:31:45.288+00,17.5,0ba3023f7d72ae64498cd359,
2026-07-09 21:29:20.146+00,17.6,0ba3023f7d72ae64498cd359,
2026-07-09 21:26:55.154+00,17.7,0ba3023f7d72ae64498cd359,
2026-07-09 21:24:30.195+00,17.8,0ba3023f7d72ae64498cd359,
2026-07-09 21:22:05.158+00,17.8,0ba3023f7d72ae64498cd359,
2026-07-09 21:19:40.164+00,17.9,0ba3023f7d72ae64498cd359,
2026-07-09 21:17:15.726+00,17.9,0ba3023f7d72ae64498cd359,
2026-07-09 21:14:50.172+00,18,0ba3023f7d72ae64498cd359,
2026-07-09 21:12:25.147+00,18.1,0ba3023f7d72ae64498cd359,
2026-07-09 21:10:00.775+00,18.1,0ba3023f7d72ae64498cd359,
2026-07-09 21:07:35.14+00,18.2,0ba3023f7d72ae64498cd359,
2026-07-09 21:05:10.162+00,18.3,0ba3023f7d72ae64498cd359,
2026-07-09 21:02:45.193+00,18.3,0ba3023f7d72ae64498cd359,
2026-07-09 21:00:20.149+00,18.4,0ba3023f7d72ae64498cd359,
2026-07-09 20:57:55.178+00,18.4,0ba3023f7d72ae64498cd359,
2026-07-09 20:55:30.184+00,18.6,0ba3023f7d72ae64498cd359,
2026-07-09 20:53:05.134+00,18.6,0ba3023f7d72ae64498cd359,
2026-07-09 20:50:40.188+00,18.7,0ba3023f7d72ae64498cd359,
2026-07-09 20:48:15.2+00,18.8,0ba3023f7d72ae64498cd359,
2026-07-09 20:45:50.17+00,18.8,0ba3023f7d72ae64498cd359,
2026-07-09 20:43:25.161+00,18.9,0ba3023f7d72ae64498cd359,
2026-07-09 20:41:00.206+00,18.9,0ba3023f7d72ae64498cd359,
2026-07-09 20:38:35.168+00,19,0ba3023f7d72ae64498cd359,
2026-07-09 20:36:10.193+00,19,0ba3023f7d72ae64498cd359,
2026-07-09 20:33:45.199+00,19.1,0ba3023f7d72ae64498cd359,
2026-07-09 20:31:20.672+00,19.1,0ba3023f7d72ae64498cd359,
2026-07-09 20:28:55.276+00,19.2,0ba3023f7d72ae64498cd359,
2026-07-09 20:26:30.214+00,19.2,0ba3023f7d72ae64498cd359,
2026-07-09 20:24:05.171+00,19.3,0ba3023f7d72ae64498cd359,
2026-07-09 20:21:40.183+00,19.4,0ba3023f7d72ae64498cd359,
2026-07-09 20:19:15.222+00,19.4,0ba3023f7d72ae64498cd359,
2026-07-09 20:16:50.193+00,19.5,0ba3023f7d72ae64498cd359,
2026-07-09 20:14:28.263+00,19.5,0ba3023f7d72ae64498cd359,
2026-07-09 20:12:00.197+00,19.6,0ba3023f7d72ae64498cd359,
2026-07-09 20:09:35.174+00,19.6,0ba3023f7d72ae64498cd359,
2026-07-09 20:04:58.104+00,19.7,0ba3023f7d72ae64498cd359,
2026-07-09 20:02:20.123+00,19.7,0ba3023f7d72ae64498cd359,
2026-07-09 19:59:55.177+00,19.8,0ba3023f7d72ae64498cd359,
2026-07-09 19:57:30.154+00,19.8,0ba3023f7d72ae64498cd359,
2026-07-09 19:55:05.548+00,19.9,0ba3023f7d72ae64498cd359,
2026-07-09 19:52:40.123+00,19.9,0ba3023f7d72ae64498cd359,
2026-07-09 19:50:15.137+00,20,0ba3023f7d72ae64498cd359,
2026-07-09 19:47:50.103+00,20,0ba3023f7d72ae64498cd359,
2026-07-09 19:45:25.113+00,20.1,0ba3023f7d72ae64498cd359,
2026-07-09 19:43:00.147+00,20.1,0ba3023f7d72ae64498cd359,
2026-07-09 19:40:35.09+00,20.2,0ba3023f7d72ae64498cd359,
2026-07-09 19:38:10.11+00,20.3,0ba3023f7d72ae64498cd359,
2026-07-09 19:35:45.206+00,20.4,0ba3023f7d72ae64498cd359,
2026-07-09 19:33:20.191+00,20.4,0ba3023f7d72ae64498cd359,
2026-07-09 19:30:55.192+00,20.5,0ba3023f7d72ae64498cd359,
2026-07-09 19:28:30.216+00,20.6,0ba3023f7d72ae64498cd359,
2026-07-09 19:26:05.221+00,20.6,0ba3023f7d72ae64498cd359,
2026-07-09 19:23:40.197+00,20.7,0ba3023f7d72ae64498cd359,
2026-07-09 19:21:15.254+00,20.8,0ba3023f7d72ae64498cd359,
2026-07-09 19:18:50.174+00,20.9,0ba3023f7d72ae64498cd359,
2026-07-09 19:16:25.196+00,20.9,0ba3023f7d72ae64498cd359,
2026-07-09 19:14:00.224+00,21,0ba3023f7d72ae64498cd359,
2026-07-09 19:11:35.207+00,21.1,0ba3023f7d72ae64498cd359,
2026-07-09 19:09:10.186+00,21.2,0ba3023f7d72ae64498cd359,
2026-07-09 19:06:45.233+00,21.3,0ba3023f7d72ae64498cd359,
2026-07-09 19:04:20.195+00,21.3,0ba3023f7d72ae64498cd359,
2026-07-09 19:01:55.187+00,21.4,0ba3023f7d72ae64498cd359,
2026-07-09 18:59:30.225+00,21.5,0ba3023f7d72ae64498cd359,
2026-07-09 18:57:05.601+00,21.5,0ba3023f7d72ae64498cd359,
2026-07-09 18:52:15.12+00,21.6,0ba3023f7d72ae64498cd359,
2026-07-09 18:49:50.106+00,21.6,0ba3023f7d72ae64498cd359,
2026-07-09 18:47:25.098+00,21.7,0ba3023f7d72ae64498cd359,
2026-07-09 18:45:00.116+00,21.8,0ba3023f7d72ae64498cd359,
2026-07-09 18:42:35.1+00,21.8,0ba3023f7d72ae64498cd359,
2026-07-09 18:40:10.098+00,21.9,0ba3023f7d72ae64498cd359,
2026-07-09 18:37:45.134+00,22,0ba3023f7d72ae64498cd359,
2026-07-09 18:35:20.107+00,22,0ba3023f7d72ae64498cd359,
2026-07-09 18:32:55.072+00,22.1,0ba3023f7d72ae64498cd359,
2026-07-09 18:30:30.134+00,22.1,0ba3023f7d72ae64498cd359,
2026-07-09 18:28:05.199+00,22.2,0ba3023f7d72ae64498cd359,
2026-07-09 18:25:40.102+00,22.3,0ba3023f7d72ae64498cd359,
2026-07-09 18:23:15.128+00,22.3,0ba3023f7d72ae64498cd359,
2026-07-09 18:20:50.347+00,22.4,0ba3023f7d72ae64498cd359,
2026-07-09 18:18:25.103+00,22.4,0ba3023f7d72ae64498cd359,
2026-07-09 18:16:00.158+00,22.5,0ba3023f7d72ae64498cd359,
2026-07-09 18:13:35.194+00,22.6,0ba3023f7d72ae64498cd359,
2026-07-09 18:11:10.21+00,22.6,0ba3023f7d72ae64498cd359,
2026-07-09 18:08:45.141+00,22.7,0ba3023f7d72ae64498cd359,
2026-07-09 18:06:20.112+00,22.8,0ba3023f7d72ae64498cd359,
2026-07-09 18:03:55.257+00,22.8,0ba3023f7d72ae64498cd359,
2026-07-09 18:01:30.156+00,22.9,0ba3023f7d72ae64498cd359,
2026-07-09 17:59:05.103+00,23,0ba3023f7d72ae64498cd359,
2026-07-09 17:57:09.616+00,23.1,0ba3023f7d72ae64498cd359,
2026-07-09 17:54:15.139+00,23.1,0ba3023f7d72ae64498cd359,
2026-07-09 17:51:50.095+00,23.2,0ba3023f7d72ae64498cd359,
2026-07-09 17:49:25.126+00,23.2,0ba3023f7d72ae64498cd359,
2026-07-09 17:47:00.142+00,23.3,0ba3023f7d72ae64498cd359,
2026-07-09 17:44:35.11+00,23.4,0ba3023f7d72ae64498cd359,
2026-07-09 17:39:58.07+00,23.4,0ba3023f7d72ae64498cd359,
2026-07-09 17:37:20.115+00,23.4,0ba3023f7d72ae64498cd359,
2026-07-09 17:34:55.078+00,23.5,0ba3023f7d72ae64498cd359,
2026-07-09 17:32:30.126+00,23.5,0ba3023f7d72ae64498cd359,
2026-07-09 17:30:05.125+00,23.5,0ba3023f7d72ae64498cd359,
2026-07-09 17:27:40.14+00,23.6,0ba3023f7d72ae64498cd359,
2026-07-09 17:25:15.122+00,23.6,0ba3023f7d72ae64498cd359,
2026-07-09 17:22:50.039+00,23.7,0ba3023f7d72ae64498cd359,
2026-07-09 17:20:25.087+00,23.7,0ba3023f7d72ae64498cd359,
2026-07-09 17:18:00.063+00,23.8,0ba3023f7d72ae64498cd359,
2026-07-09 17:15:35.442+00,23.8,0ba3023f7d72ae64498cd359,
2026-07-09 17:13:10.069+00,23.8,0ba3023f7d72ae64498cd359,
2026-07-09 17:10:45.287+00,23.9,0ba3023f7d72ae64498cd359,
2026-07-09 17:08:20.065+00,23.9,0ba3023f7d72ae64498cd359,
2026-07-09 17:05:58.559+00,23.9,0ba3023f7d72ae64498cd359,
2026-07-09 17:01:05.133+00,24,0ba3023f7d72ae64498cd359,
2026-07-09 16:58:40.226+00,24.1,0ba3023f7d72ae64498cd359,
2026-07-09 16:56:15.168+00,24.1,0ba3023f7d72ae64498cd359,
2026-07-09 16:53:50.133+00,24.1,0ba3023f7d72ae64498cd359,
2026-07-09 16:51:25.137+00,24.2,0ba3023f7d72ae64498cd359,
2026-07-09 16:49:00.162+00,24.2,0ba3023f7d72ae64498cd359,
2026-07-09 16:46:35.123+00,24.3,0ba3023f7d72ae64498cd359,
2026-07-09 16:44:10.129+00,24.3,0ba3023f7d72ae64498cd359,
2026-07-09 16:41:45.163+00,24.4,0ba3023f7d72ae64498cd359,
2026-07-09 16:39:20.215+00,24.4,0ba3023f7d72ae64498cd359,
2026-07-09 16:36:55.129+00,24.5,0ba3023f7d72ae64498cd359,
2026-07-09 16:34:30.17+00,24.5,0ba3023f7d72ae64498cd359,
2026-07-09 16:32:05.131+00,24.6,0ba3023f7d72ae64498cd359,
2026-07-09 16:29:40.124+00,24.6,0ba3023f7d72ae64498cd359,
2026-07-09 16:27:15.146+00,24.6,0ba3023f7d72ae64498cd359,
2026-07-09 16:24:55.036+00,24.7,0ba3023f7d72ae64498cd359,
2026-07-09 16:22:25.13+00,24.8,0ba3023f7d72ae64498cd359,
2026-07-09 16:20:00.159+00,24.8,0ba3023f7d72ae64498cd359,
2026-07-09 16:17:35.113+00,24.8,0ba3023f7d72ae64498cd359,
2026-07-09 16:15:10.145+00,24.9,0ba3023f7d72ae64498cd359,
2026-07-09 16:12:45.171+00,24.9,0ba3023f7d72ae64498cd359,
2026-07-09 16:10:20.157+00,24.9,0ba3023f7d72ae64498cd359,
2026-07-09 16:07:55.152+00,25,0ba3023f7d72ae64498cd359,
2026-07-09 16:05:30.067+00,25,0ba3023f7d72ae64498cd359,
2026-07-09 16:03:05.052+00,25,0ba3023f7d72ae64498cd359,
2026-07-09 16:00:40.033+00,25.1,0ba3023f7d72ae64498cd359,
2026-07-09 15:58:15.05+00,25.1,0ba3023f7d72ae64498cd359,
2026-07-09 15:55:50.123+00,25.1,0ba3023f7d72ae64498cd359,
2026-07-09 15:53:25.024+00,25.2,0ba3023f7d72ae64498cd359,
2026-07-09 15:51:00.078+00,25.2,0ba3023f7d72ae64498cd359,
2026-07-09 15:48:35.056+00,25.3,0ba3023f7d72ae64498cd359,
2026-07-09 15:46:10.032+00,25.3,0ba3023f7d72ae64498cd359,
2026-07-09 15:43:45.055+00,25.3,0ba3023f7d72ae64498cd359,
2026-07-09 15:41:20.047+00,25.4,0ba3023f7d72ae64498cd359,
2026-07-09 15:38:55.034+00,25.4,0ba3023f7d72ae64498cd359,
2026-07-09 15:36:30.077+00,25.5,0ba3023f7d72ae64498cd359,
2026-07-09 15:34:05.036+00,25.6,0ba3023f7d72ae64498cd359,
2026-07-09 15:31:40.032+00,25.6,0ba3023f7d72ae64498cd359,
2026-07-09 15:29:15.069+00,25.7,0ba3023f7d72ae64498cd359,
2026-07-09 15:26:50.031+00,25.7,0ba3023f7d72ae64498cd359,
2026-07-09 15:24:25.083+00,25.8,0ba3023f7d72ae64498cd359,
2026-07-09 15:22:00.095+00,25.8,0ba3023f7d72ae64498cd359,
2026-07-09 15:19:35.01+00,25.9,0ba3023f7d72ae64498cd359,
2026-07-09 15:14:57.361+00,25.9,0ba3023f7d72ae64498cd359,
2026-07-09 15:12:20.05+00,25.9,0ba3023f7d72ae64498cd359,
2026-07-09 15:09:55.053+00,26,0ba3023f7d72ae64498cd359,
2026-07-09 15:07:30.223+00,26,0ba3023f7d72ae64498cd359,
2026-07-09 15:05:05.006+00,26.1,0ba3023f7d72ae64498cd359,
2026-07-09 15:02:40.071+00,26.1,0ba3023f7d72ae64498cd359,
2026-07-09 15:00:15.001+00,26.1,0ba3023f7d72ae64498cd359,
2026-07-09 14:57:50.029+00,26.2,0ba3023f7d72ae64498cd359,
2026-07-09 14:55:25.044+00,26.2,0ba3023f7d72ae64498cd359,
2026-07-09 14:53:00.014+00,26.2,0ba3023f7d72ae64498cd359,
2026-07-09 14:50:34.995+00,26.2,0ba3023f7d72ae64498cd359,
2026-07-09 14:48:10.022+00,26.3,0ba3023f7d72ae64498cd359,
2026-07-09 14:45:44.98+00,26.3,0ba3023f7d72ae64498cd359,
2026-07-09 14:43:20.065+00,26.3,0ba3023f7d72ae64498cd359,
2026-07-09 14:40:55.045+00,26.4,0ba3023f7d72ae64498cd359,
2026-07-09 14:38:30.009+00,26.4,0ba3023f7d72ae64498cd359,
2026-07-09 14:36:04.993+00,26.5,0ba3023f7d72ae64498cd359,
2026-07-09 14:33:40.027+00,26.6,0ba3023f7d72ae64498cd359,
2026-07-09 14:31:14.986+00,26.7,0ba3023f7d72ae64498cd359,
2026-07-09 14:28:49.991+00,26.7,0ba3023f7d72ae64498cd359,
2026-07-09 14:26:25.004+00,26.7,0ba3023f7d72ae64498cd359,
2026-07-09 14:24:00.142+00,26.8,0ba3023f7d72ae64498cd359,
2026-07-09 14:21:34.988+00,26.8,0ba3023f7d72ae64498cd359,
2026-07-09 14:19:10.034+00,26.8,0ba3023f7d72ae64498cd359,
2026-07-09 14:16:44.986+00,26.8,0ba3023f7d72ae64498cd359,
2026-07-09 14:14:19.989+00,26.7,0ba3023f7d72ae64498cd359,
2026-07-09 14:11:55.014+00,26.7,0ba3023f7d72ae64498cd359,
2026-07-09 14:09:30.099+00,26.7,0ba3023f7d72ae64498cd359,
2026-07-09 14:07:05.362+00,26.8,0ba3023f7d72ae64498cd359,
2026-07-09 14:04:40.099+00,26.9,0ba3023f7d72ae64498cd359,
2026-07-09 14:02:14.992+00,26.9,0ba3023f7d72ae64498cd359,
2026-07-09 13:59:51.906+00,26.8,0ba3023f7d72ae64498cd359,
2026-07-09 13:57:25.007+00,26.9,0ba3023f7d72ae64498cd359,
2026-07-09 13:55:00.094+00,26.9,0ba3023f7d72ae64498cd359,
2026-07-09 13:52:34.979+00,26.9,0ba3023f7d72ae64498cd359,
2026-07-09 13:50:10.115+00,26.9,0ba3023f7d72ae64498cd359,
2026-07-09 13:47:45.01+00,26.9,0ba3023f7d72ae64498cd359,
2026-07-09 13:45:20.073+00,27,0ba3023f7d72ae64498cd359,
2026-07-09 13:42:55.056+00,27.1,0ba3023f7d72ae64498cd359,
2026-07-09 13:40:30.094+00,27.1,0ba3023f7d72ae64498cd359,
2026-07-09 13:38:05.077+00,27.1,0ba3023f7d72ae64498cd359,
2026-07-09 13:35:40.196+00,27.2,0ba3023f7d72ae64498cd359,
2026-07-09 13:33:14.976+00,27.3,0ba3023f7d72ae64498cd359,
2026-07-09 13:30:49.979+00,27.4,0ba3023f7d72ae64498cd359,
2026-07-09 13:28:25.004+00,27.4,0ba3023f7d72ae64498cd359,
2026-07-09 13:25:59.995+00,27.5,0ba3023f7d72ae64498cd359,
2026-07-09 13:23:34.999+00,27.5,0ba3023f7d72ae64498cd359,
2026-07-09 13:21:10.018+00,27.6,0ba3023f7d72ae64498cd359,
2026-07-09 13:18:45.006+00,27.6,0ba3023f7d72ae64498cd359,
2026-07-09 13:16:19.99+00,27.7,0ba3023f7d72ae64498cd359,
2026-07-09 13:13:55.122+00,27.8,0ba3023f7d72ae64498cd359,
2026-07-09 13:11:30.02+00,27.8,0ba3023f7d72ae64498cd359,
2026-07-09 13:09:05.026+00,27.9,0ba3023f7d72ae64498cd359,
2026-07-09 13:06:40.032+00,27.9,0ba3023f7d72ae64498cd359,
2026-07-09 13:04:14.976+00,28,0ba3023f7d72ae64498cd359,
2026-07-09 13:01:49.996+00,28,0ba3023f7d72ae64498cd359,
2026-07-09 12:59:25.031+00,28.1,0ba3023f7d72ae64498cd359,
2026-07-09 12:56:59.998+00,28.1,0ba3023f7d72ae64498cd359,
2026-07-09 12:54:35.003+00,28.2,0ba3023f7d72ae64498cd359,
2026-07-09 12:52:10.044+00,28.2,0ba3023f7d72ae64498cd359,
2026-07-09 12:49:48.366+00,28.3,0ba3023f7d72ae64498cd359,
2026-07-09 12:47:20.01+00,28.4,0ba3023f7d72ae64498cd359,
2026-07-09 12:44:55.019+00,28.4,0ba3023f7d72ae64498cd359,
2026-07-09 12:42:30.079+00,28.5,0ba3023f7d72ae64498cd359,
2026-07-09 12:40:04.997+00,28.6,0ba3023f7d72ae64498cd359,
2026-07-09 12:37:40.038+00,28.7,0ba3023f7d72ae64498cd359,
2026-07-09 12:35:14.995+00,28.9,0ba3023f7d72ae64498cd359,
2026-07-09 12:32:49.987+00,29.1,0ba3023f7d72ae64498cd359,
2026-07-09 12:30:25.025+00,29.2,0ba3023f7d72ae64498cd359,
2026-07-09 12:28:00.026+00,29.3,0ba3023f7d72ae64498cd359,
2026-07-09 12:25:34.999+00,29.4,0ba3023f7d72ae64498cd359,
2026-07-09 12:23:10.018+00,29.6,0ba3023f7d72ae64498cd359,
2026-07-09 12:20:45.012+00,29.7,0ba3023f7d72ae64498cd359,
2026-07-09 12:18:20.003+00,30,0ba3023f7d72ae64498cd359,
2026-07-09 12:15:55.043+00,30.4,0ba3023f7d72ae64498cd359,
2026-07-09 12:13:29.954+00,30.7,0ba3023f7d72ae64498cd359,
2026-07-09 12:11:04.941+00,31,0ba3023f7d72ae64498cd359,
2026-07-09 12:08:39.981+00,31.2,0ba3023f7d72ae64498cd359,
2026-07-09 12:06:14.959+00,31.5,0ba3023f7d72ae64498cd359,
2026-07-09 12:03:49.935+00,31.8,0ba3023f7d72ae64498cd359,
2026-07-09 12:01:24.991+00,32,0ba3023f7d72ae64498cd359,
2026-07-09 11:58:59.954+00,32.3,0ba3023f7d72ae64498cd359,
2026-07-09 11:56:34.938+00,32.6,0ba3023f7d72ae64498cd359,
2026-07-09 11:54:09.961+00,32.8,0ba3023f7d72ae64498cd359,
2026-07-09 11:51:44.947+00,33,0ba3023f7d72ae64498cd359,
2026-07-09 11:46:55.056+00,33.4,0ba3023f7d72ae64498cd359,
2026-07-09 11:44:29.991+00,33.8,0ba3023f7d72ae64498cd359,
2026-07-09 11:39:54.585+00,34,0ba3023f7d72ae64498cd359,
2026-07-09 11:37:15+00,34.1,0ba3023f7d72ae64498cd359,
2026-07-09 11:34:50.119+00,34.2,0ba3023f7d72ae64498cd359,
2026-07-09 11:32:25.018+00,34.4,0ba3023f7d72ae64498cd359,
2026-07-09 11:30:00.016+00,34.5,0ba3023f7d72ae64498cd359,
2026-07-09 11:27:35.08+00,34.7,0ba3023f7d72ae64498cd359,
2026-07-09 11:25:10.103+00,35,0ba3023f7d72ae64498cd359,
2026-07-09 11:22:45.006+00,35.1,0ba3023f7d72ae64498cd359,
2026-07-09 11:20:20.053+00,35.2,0ba3023f7d72ae64498cd359,
2026-07-09 11:17:55.004+00,35.2,0ba3023f7d72ae64498cd359,
2026-07-09 11:15:30.024+00,35.1,0ba3023f7d72ae64498cd359,
2026-07-09 11:13:05.046+00,35.1,0ba3023f7d72ae64498cd359,
2026-07-09 11:10:40.005+00,35,0ba3023f7d72ae64498cd359,
2026-07-09 11:08:15.017+00,34.9,0ba3023f7d72ae64498cd359,
2026-07-09 11:05:50.386+00,34.8,0ba3023f7d72ae64498cd359,
2026-07-09 11:03:25.023+00,34.5,0ba3023f7d72ae64498cd359,
2026-07-09 11:01:00.025+00,34.3,0ba3023f7d72ae64498cd359,
2026-07-09 10:58:35.044+00,34.3,0ba3023f7d72ae64498cd359,
2026-07-09 10:56:09.927+00,34.4,0ba3023f7d72ae64498cd359,
2026-07-09 10:53:44.923+00,34.5,0ba3023f7d72ae64498cd359,
2026-07-09 10:51:19.927+00,34.5,0ba3023f7d72ae64498cd359,
2026-07-09 10:48:54.905+00,34.5,0ba3023f7d72ae64498cd359,
2026-07-09 10:46:29.938+00,34.6,0ba3023f7d72ae64498cd359,
2026-07-09 10:44:04.966+00,34.8,0ba3023f7d72ae64498cd359,
2026-07-09 10:41:39.924+00,34.8,0ba3023f7d72ae64498cd359,
2026-07-09 10:39:14.926+00,34.8,0ba3023f7d72ae64498cd359,
2026-07-09 10:36:49.946+00,34.9,0ba3023f7d72ae64498cd359,
2026-07-09 10:32:03.272+00,35,0ba3023f7d72ae64498cd359,
2026-07-09 10:29:34.925+00,35,0ba3023f7d72ae64498cd359,
2026-07-09 10:27:11.502+00,35.1,0ba3023f7d72ae64498cd359,
2026-07-09 10:24:44.939+00,35,0ba3023f7d72ae64498cd359,
2026-07-09 10:22:19.894+00,34.8,0ba3023f7d72ae64498cd359,
2026-07-09 10:19:54.947+00,34.7,0ba3023f7d72ae64498cd359,
2026-07-09 10:17:29.902+00,34.8,0ba3023f7d72ae64498cd359,
2026-07-09 10:15:04.935+00,34.7,0ba3023f7d72ae64498cd359,
2026-07-09 10:12:39.962+00,34.6,0ba3023f7d72ae64498cd359,
2026-07-09 10:10:14.994+00,34.5,0ba3023f7d72ae64498cd359,
2026-07-09 10:07:49.936+00,34.4,0ba3023f7d72ae64498cd359,
2026-07-09 10:05:24.95+00,34.3,0ba3023f7d72ae64498cd359,
2026-07-09 10:02:59.94+00,34.2,0ba3023f7d72ae64498cd359,
2026-07-09 10:00:34.929+00,34,0ba3023f7d72ae64498cd359,
2026-07-09 09:58:09.98+00,33.9,0ba3023f7d72ae64498cd359,
2026-07-09 09:55:44.918+00,33.8,0ba3023f7d72ae64498cd359,
2026-07-09 09:53:19.923+00,33.9,0ba3023f7d72ae64498cd359,
2026-07-09 09:50:54.978+00,33.9,0ba3023f7d72ae64498cd359,
2026-07-09 09:48:29.888+00,33.8,0ba3023f7d72ae64498cd359,
2026-07-09 09:46:04.945+00,33.8,0ba3023f7d72ae64498cd359,
2026-07-09 09:43:39.948+00,34,0ba3023f7d72ae64498cd359,
2026-07-09 09:41:14.951+00,34,0ba3023f7d72ae64498cd359,
2026-07-09 09:38:49.943+00,33.8,0ba3023f7d72ae64498cd359,
2026-07-09 09:36:25.21+00,33.7,0ba3023f7d72ae64498cd359,
2026-07-09 09:33:59.971+00,33.7,0ba3023f7d72ae64498cd359,
2026-07-09 09:31:34.885+00,33.8,0ba3023f7d72ae64498cd359,
2026-07-09 09:29:09.912+00,33.8,0ba3023f7d72ae64498cd359,
2026-07-09 09:26:44.877+00,33.8,0ba3023f7d72ae64498cd359,
2026-07-09 09:24:19.947+00,33.7,0ba3023f7d72ae64498cd359,
2026-07-09 09:21:58.369+00,33.7,0ba3023f7d72ae64498cd359,
2026-07-09 09:17:04.881+00,33.5,0ba3023f7d72ae64498cd359,
2026-07-09 09:14:39.887+00,33.7,0ba3023f7d72ae64498cd359,
2026-07-09 09:12:14.901+00,33.7,0ba3023f7d72ae64498cd359,
2026-07-09 09:09:49.877+00,33.6,0ba3023f7d72ae64498cd359,
2026-07-09 09:07:24.881+00,33.5,0ba3023f7d72ae64498cd359,
2026-07-09 09:04:59.881+00,33.4,0ba3023f7d72ae64498cd359,
2026-07-09 09:02:34.959+00,33.1,0ba3023f7d72ae64498cd359,
2026-07-09 09:00:09.94+00,33,0ba3023f7d72ae64498cd359,
2026-07-09 08:57:44.976+00,32.8,0ba3023f7d72ae64498cd359,
2026-07-09 08:55:19.954+00,32.7,0ba3023f7d72ae64498cd359,
2026-07-09 08:52:54.943+00,32.5,0ba3023f7d72ae64498cd359,
2026-07-09 08:50:30.105+00,32.4,0ba3023f7d72ae64498cd359,
2026-07-09 08:48:04.947+00,32.4,0ba3023f7d72ae64498cd359,
2026-07-09 08:45:39.974+00,32.3,0ba3023f7d72ae64498cd359,
2026-07-09 08:43:14.977+00,32.1,0ba3023f7d72ae64498cd359,
2026-07-09 08:40:49.972+00,32.1,0ba3023f7d72ae64498cd359,
2026-07-09 08:38:24.959+00,32.5,0ba3023f7d72ae64498cd359,
2026-07-09 08:35:59.988+00,33.1,0ba3023f7d72ae64498cd359,
2026-07-09 08:33:34.963+00,33.1,0ba3023f7d72ae64498cd359,
2026-07-09 08:31:09.957+00,33.2,0ba3023f7d72ae64498cd359,
2026-07-09 08:28:44.893+00,32.9,0ba3023f7d72ae64498cd359,
2026-07-09 08:26:19.87+00,32.7,0ba3023f7d72ae64498cd359,
2026-07-09 08:23:55.049+00,32.7,0ba3023f7d72ae64498cd359,
2026-07-09 08:21:30.027+00,32.7,0ba3023f7d72ae64498cd359,
2026-07-09 08:19:04.991+00,32.8,0ba3023f7d72ae64498cd359,
2026-07-09 08:16:39.954+00,32.6,0ba3023f7d72ae64498cd359,
2026-07-09 08:14:14.988+00,32.7,0ba3023f7d72ae64498cd359,
2026-07-09 08:11:49.973+00,32.8,0ba3023f7d72ae64498cd359,
2026-07-09 08:09:25.163+00,32.6,0ba3023f7d72ae64498cd359,
2026-07-09 08:06:59.984+00,32.5,0ba3023f7d72ae64498cd359,
2026-07-09 08:04:34.991+00,32.4,0ba3023f7d72ae64498cd359,
2026-07-09 07:59:51.624+00,32.3,0ba3023f7d72ae64498cd359,
2026-07-09 07:57:19.856+00,31.8,0ba3023f7d72ae64498cd359,
2026-07-09 07:54:55.003+00,31.3,0ba3023f7d72ae64498cd359,
2026-07-09 07:52:29.9+00,30.8,0ba3023f7d72ae64498cd359,
2026-07-09 07:50:04.869+00,30.2,0ba3023f7d72ae64498cd359,
2026-07-09 07:47:39.88+00,29.6,0ba3023f7d72ae64498cd359,
2026-07-09 07:45:14.997+00,29,0ba3023f7d72ae64498cd359,
2026-07-09 07:42:49.92+00,28.4,0ba3023f7d72ae64498cd359,
2026-07-09 07:40:24.865+00,27.7,0ba3023f7d72ae64498cd359,
2026-07-09 07:37:59.904+00,26.7,0ba3023f7d72ae64498cd359,
2026-07-09 07:35:34.872+00,25.8,0ba3023f7d72ae64498cd359,
2026-07-09 07:33:09.895+00,24.7,0ba3023f7d72ae64498cd359,
2026-07-09 07:30:44.873+00,23.5,0ba3023f7d72ae64498cd359,
2026-07-09 07:28:19.875+00,22.3,0ba3023f7d72ae64498cd359,
2026-07-09 07:25:54.878+00,21,0ba3023f7d72ae64498cd359,
2026-07-09 07:23:30.022+00,19.9,0ba3023f7d72ae64498cd359,
2026-07-09 07:21:04.971+00,19,0ba3023f7d72ae64498cd359,
2026-07-09 07:18:39.875+00,18.2,0ba3023f7d72ae64498cd359,
2026-07-09 07:16:14.909+00,18,0ba3023f7d72ae64498cd359,
2026-07-09 07:13:49.87+00,18,0ba3023f7d72ae64498cd359,
2026-07-09 07:11:24.889+00,18,0ba3023f7d72ae64498cd359,
2026-07-09 07:08:59.897+00,18.1,0ba3023f7d72ae64498cd359,
2026-07-09 07:06:34.866+00,18.1,0ba3023f7d72ae64498cd359,
2026-07-09 07:04:09.875+00,18.1,0ba3023f7d72ae64498cd359,
2026-07-09 07:01:44.886+00,18,0ba3023f7d72ae64498cd359,
2026-07-09 06:59:19.877+00,17.8,0ba3023f7d72ae64498cd359,
2026-07-09 06:56:54.892+00,17.6,0ba3023f7d72ae64498cd359,
2026-07-09 06:54:29.94+00,17.5,0ba3023f7d72ae64498cd359,
2026-07-09 06:52:08.199+00,17.5,0ba3023f7d72ae64498cd359,
2026-07-09 06:49:39.818+00,17.4,0ba3023f7d72ae64498cd359,
2026-07-09 06:47:14.91+00,17.2,0ba3023f7d72ae64498cd359,
2026-07-09 06:44:50.169+00,17.1,0ba3023f7d72ae64498cd359,
2026-07-09 06:42:24.883+00,16.9,0ba3023f7d72ae64498cd359,
2026-07-09 06:39:59.846+00,16.8,0ba3023f7d72ae64498cd359,
2026-07-09 06:37:34.871+00,16.6,0ba3023f7d72ae64498cd359,
2026-07-09 06:35:10.16+00,16.5,0ba3023f7d72ae64498cd359,
2026-07-09 06:32:44.91+00,16.3,0ba3023f7d72ae64498cd359,
2026-07-09 06:30:19.806+00,16.1,0ba3023f7d72ae64498cd359,
2026-07-09 06:27:54.882+00,16,0ba3023f7d72ae64498cd359,
2026-07-09 06:25:29.851+00,15.9,0ba3023f7d72ae64498cd359,
2026-07-09 06:23:04.816+00,15.8,0ba3023f7d72ae64498cd359,
2026-07-09 06:20:39.872+00,15.7,0ba3023f7d72ae64498cd359,
2026-07-09 06:18:14.911+00,15.6,0ba3023f7d72ae64498cd359,
2026-07-09 06:15:49.894+00,15.5,0ba3023f7d72ae64498cd359,
2026-07-09 06:13:24.887+00,15.5,0ba3023f7d72ae64498cd359,
2026-07-09 06:10:59.961+00,15.4,0ba3023f7d72ae64498cd359,
2026-07-09 06:08:34.904+00,15.4,0ba3023f7d72ae64498cd359,
2026-07-09 06:06:09.824+00,15.3,0ba3023f7d72ae64498cd359,
2026-07-09 06:03:44.848+00,15.3,0ba3023f7d72ae64498cd359,
2026-07-09 06:01:19.908+00,15.3,0ba3023f7d72ae64498cd359,
2026-07-09 05:58:54.875+00,15.2,0ba3023f7d72ae64498cd359,
2026-07-09 05:56:29.922+00,15.2,0ba3023f7d72ae64498cd359,
2026-07-09 05:54:04.822+00,15.1,0ba3023f7d72ae64498cd359,
2026-07-09 05:51:39.888+00,15.1,0ba3023f7d72ae64498cd359,
2026-07-09 05:49:18.003+00,15.1,0ba3023f7d72ae64498cd359,
2026-07-09 05:46:50.028+00,15.1,0ba3023f7d72ae64498cd359,
2026-07-09 05:44:24.912+00,15,0ba3023f7d72ae64498cd359,
2026-07-09 05:42:03.28+00,15,0ba3023f7d72ae64498cd359,
2026-07-09 05:37:10.019+00,14.9,0ba3023f7d72ae64498cd359,
2026-07-09 05:34:44.903+00,14.9,0ba3023f7d72ae64498cd359,
2026-07-09 05:32:19.913+00,14.9,0ba3023f7d72ae64498cd359,
2026-07-09 05:29:54.899+00,14.8,0ba3023f7d72ae64498cd359,
2026-07-09 05:27:29.915+00,14.8,0ba3023f7d72ae64498cd359,
2026-07-09 05:25:05.049+00,14.7,0ba3023f7d72ae64498cd359,
2026-07-09 05:22:39.912+00,14.6,0ba3023f7d72ae64498cd359,
2026-07-09 05:20:14.81+00,14.6,0ba3023f7d72ae64498cd359,
2026-07-09 05:17:50.029+00,14.6,0ba3023f7d72ae64498cd359,
2026-07-09 05:15:24.803+00,14.5,0ba3023f7d72ae64498cd359,
2026-07-09 05:12:59.798+00,14.5,0ba3023f7d72ae64498cd359,
2026-07-09 05:10:34.953+00,14.5,0ba3023f7d72ae64498cd359,
2026-07-09 05:08:09.795+00,14.4,0ba3023f7d72ae64498cd359,
2026-07-09 05:05:44.812+00,14.5,0ba3023f7d72ae64498cd359,
2026-07-09 05:03:19.835+00,14.5,0ba3023f7d72ae64498cd359,
2026-07-09 05:00:54.817+00,14.5,0ba3023f7d72ae64498cd359,
2026-07-09 04:58:29.816+00,14.4,0ba3023f7d72ae64498cd359,
2026-07-09 04:56:04.951+00,14.4,0ba3023f7d72ae64498cd359,
2026-07-09 04:53:39.819+00,14.4,0ba3023f7d72ae64498cd359,
2026-07-09 04:51:14.784+00,14.4,0ba3023f7d72ae64498cd359,
2026-07-09 04:48:49.837+00,14.4,0ba3023f7d72ae64498cd359,
2026-07-09 04:46:24.784+00,14.4,0ba3023f7d72ae64498cd359,
2026-07-09 04:43:59.833+00,14.4,0ba3023f7d72ae64498cd359,
2026-07-09 04:41:34.849+00,14.4,0ba3023f7d72ae64498cd359,
2026-07-09 04:39:09.915+00,14.4,0ba3023f7d72ae64498cd359,
2026-07-09 04:36:44.829+00,14.4,0ba3023f7d72ae64498cd359,
2026-07-09 04:34:20.05+00,14.4,0ba3023f7d72ae64498cd359,
2026-07-09 04:31:54.824+00,14.3,0ba3023f7d72ae64498cd359,
2026-07-09 04:29:29.822+00,14.3,0ba3023f7d72ae64498cd359,
2026-07-09 04:27:04.84+00,14.3,0ba3023f7d72ae64498cd359,
2026-07-09 04:24:39.772+00,14.3,0ba3023f7d72ae64498cd359,
2026-07-09 04:22:14.773+00,14.3,0ba3023f7d72ae64498cd359,
2026-07-09 04:19:50.832+00,14.2,0ba3023f7d72ae64498cd359,
2026-07-09 04:17:24.8+00,14.2,0ba3023f7d72ae64498cd359,
2026-07-09 04:14:59.826+00,14.2,0ba3023f7d72ae64498cd359,
2026-07-09 04:12:34.809+00,14.2,0ba3023f7d72ae64498cd359,
2026-07-09 04:10:09.81+00,14.1,0ba3023f7d72ae64498cd359,
2026-07-09 04:07:44.828+00,14.1,0ba3023f7d72ae64498cd359,
2026-07-09 04:05:19.819+00,14.2,0ba3023f7d72ae64498cd359,
2026-07-09 04:02:57.885+00,14.2,0ba3023f7d72ae64498cd359,
2026-07-09 04:00:29.786+00,14.2,0ba3023f7d72ae64498cd359,
2026-07-09 03:58:04.864+00,14.2,0ba3023f7d72ae64498cd359,
2026-07-09 03:55:39.834+00,14.2,0ba3023f7d72ae64498cd359,
2026-07-09 03:53:14.94+00,14.2,0ba3023f7d72ae64498cd359,
2026-07-09 03:50:49.906+00,14.2,0ba3023f7d72ae64498cd359,
2026-07-09 03:48:24.832+00,14.2,0ba3023f7d72ae64498cd359,
2026-07-09 03:45:59.832+00,14.2,0ba3023f7d72ae64498cd359,
2026-07-09 03:43:34.781+00,14.2,0ba3023f7d72ae64498cd359,
2026-07-09 03:41:09.768+00,14.2,0ba3023f7d72ae64498cd359,
2026-07-09 03:38:44.824+00,14.2,0ba3023f7d72ae64498cd359,
2026-07-09 03:36:19.96+00,14.2,0ba3023f7d72ae64498cd359,
2026-07-09 03:33:54.924+00,14.2,0ba3023f7d72ae64498cd359,
2026-07-09 03:31:29.825+00,14.2,0ba3023f7d72ae64498cd359,
2026-07-09 03:29:04.852+00,14.2,0ba3023f7d72ae64498cd359,
2026-07-09 03:26:39.76+00,14.2,0ba3023f7d72ae64498cd359,
2026-07-09 03:24:14.826+00,14.1,0ba3023f7d72ae64498cd359,
2026-07-09 03:21:49.799+00,14.1,0ba3023f7d72ae64498cd359,
2026-07-09 03:19:24.836+00,14.1,0ba3023f7d72ae64498cd359,
2026-07-09 03:16:59.822+00,14.2,0ba3023f7d72ae64498cd359,
2026-07-09 03:14:34.889+00,14.2,0ba3023f7d72ae64498cd359,
2026-07-09 03:09:56.684+00,14.2,0ba3023f7d72ae64498cd359,
2026-07-09 03:07:19.858+00,14.2,0ba3023f7d72ae64498cd359,
2026-07-09 03:04:54.836+00,14.2,0ba3023f7d72ae64498cd359,
2026-07-09 03:02:29.849+00,14.2,0ba3023f7d72ae64498cd359,
2026-07-09 03:00:04.859+00,14.3,0ba3023f7d72ae64498cd359,
2026-07-09 02:57:39.837+00,14.3,0ba3023f7d72ae64498cd359,
2026-07-09 02:55:14.844+00,14.3,0ba3023f7d72ae64498cd359,
2026-07-09 02:52:49.848+00,14.3,0ba3023f7d72ae64498cd359,
2026-07-09 02:50:24.931+00,14.3,0ba3023f7d72ae64498cd359,
2026-07-09 02:47:59.848+00,14.3,0ba3023f7d72ae64498cd359,
2026-07-09 02:45:34.881+00,14.4,0ba3023f7d72ae64498cd359,
2026-07-09 02:43:09.847+00,14.4,0ba3023f7d72ae64498cd359,
2026-07-09 02:40:44.835+00,14.4,0ba3023f7d72ae64498cd359,
2026-07-09 02:38:19.86+00,14.4,0ba3023f7d72ae64498cd359,
2026-07-09 02:35:54.846+00,14.5,0ba3023f7d72ae64498cd359,
2026-07-09 02:33:29.846+00,14.5,0ba3023f7d72ae64498cd359,
2026-07-09 02:31:04.88+00,14.5,0ba3023f7d72ae64498cd359,
2026-07-09 02:28:39.757+00,14.5,0ba3023f7d72ae64498cd359,
2026-07-09 02:26:14.83+00,14.5,0ba3023f7d72ae64498cd359,
2026-07-09 02:23:49.866+00,14.5,0ba3023f7d72ae64498cd359,
2026-07-09 02:21:24.866+00,14.5,0ba3023f7d72ae64498cd359,
2026-07-09 02:18:59.876+00,14.5,0ba3023f7d72ae64498cd359,
2026-07-09 02:16:34.786+00,14.6,0ba3023f7d72ae64498cd359,
2026-07-09 02:14:09.767+00,14.6,0ba3023f7d72ae64498cd359,
2026-07-09 02:11:44.754+00,14.6,0ba3023f7d72ae64498cd359,
2026-07-09 02:09:19.803+00,14.6,0ba3023f7d72ae64498cd359,
2026-07-09 02:06:54.847+00,14.6,0ba3023f7d72ae64498cd359,
2026-07-09 02:04:29.87+00,14.7,0ba3023f7d72ae64498cd359,
2026-07-09 02:02:04.8+00,14.7,0ba3023f7d72ae64498cd359,
2026-07-09 01:59:39.781+00,14.7,0ba3023f7d72ae64498cd359,
2026-07-09 01:57:14.75+00,14.7,0ba3023f7d72ae64498cd359,
2026-07-09 01:54:50.249+00,14.7,0ba3023f7d72ae64498cd359,
2026-07-09 01:52:24.742+00,14.7,0ba3023f7d72ae64498cd359,
2026-07-09 01:49:59.77+00,14.7,0ba3023f7d72ae64498cd359,
2026-07-09 01:47:34.781+00,14.7,0ba3023f7d72ae64498cd359,
2026-07-09 01:45:09.771+00,14.8,0ba3023f7d72ae64498cd359,
2026-07-09 01:42:44.77+00,14.8,0ba3023f7d72ae64498cd359,
2026-07-09 01:40:19.797+00,14.7,0ba3023f7d72ae64498cd359,
2026-07-09 01:37:54.751+00,14.7,0ba3023f7d72ae64498cd359,
2026-07-09 01:35:29.743+00,14.7,0ba3023f7d72ae64498cd359,
2026-07-09 01:33:04.804+00,14.7,0ba3023f7d72ae64498cd359,
2026-07-09 01:30:39.744+00,14.7,0ba3023f7d72ae64498cd359,
2026-07-09 01:28:14.715+00,14.6,0ba3023f7d72ae64498cd359,
2026-07-09 01:25:49.751+00,14.7,0ba3023f7d72ae64498cd359,
2026-07-09 01:23:24.72+00,14.7,0ba3023f7d72ae64498cd359,
2026-07-09 01:20:59.754+00,14.7,0ba3023f7d72ae64498cd359,
2026-07-09 01:18:34.801+00,14.7,0ba3023f7d72ae64498cd359,
2026-07-09 01:16:09.761+00,14.7,0ba3023f7d72ae64498cd359,
2026-07-09 01:13:44.757+00,14.7,0ba3023f7d72ae64498cd359,
2026-07-09 01:11:19.792+00,14.7,0ba3023f7d72ae64498cd359,
2026-07-09 01:08:54.716+00,14.7,0ba3023f7d72ae64498cd359,
2026-07-09 01:06:29.702+00,14.7,0ba3023f7d72ae64498cd359,
2026-07-09 01:04:04.742+00,14.7,0ba3023f7d72ae64498cd359,
2026-07-09 01:01:40.035+00,14.7,0ba3023f7d72ae64498cd359,
2026-07-09 00:59:14.759+00,14.7,0ba3023f7d72ae64498cd359,
2026-07-09 00:56:49.816+00,14.7,0ba3023f7d72ae64498cd359,
2026-07-09 00:54:24.748+00,14.7,0ba3023f7d72ae64498cd359,
2026-07-09 00:51:59.744+00,14.6,0ba3023f7d72ae64498cd359,
2026-07-09 00:49:34.778+00,14.6,0ba3023f7d72ae64498cd359,
2026-07-09 00:47:09.765+00,14.6,0ba3023f7d72ae64498cd359,
2026-07-09 00:44:44.694+00,14.6,0ba3023f7d72ae64498cd359,
2026-07-09 00:42:19.716+00,14.6,0ba3023f7d72ae64498cd359,
2026-07-09 00:39:54.785+00,14.6,0ba3023f7d72ae64498cd359,
2026-07-09 00:37:31.221+00,14.6,0ba3023f7d72ae64498cd359,
2026-07-09 00:35:04.788+00,14.6,0ba3023f7d72ae64498cd359,
2026-07-09 00:32:39.769+00,14.7,0ba3023f7d72ae64498cd359,
2026-07-09 00:30:14.765+00,14.7,0ba3023f7d72ae64498cd359,
2026-07-09 00:27:49.808+00,14.7,0ba3023f7d72ae64498cd359,
2026-07-09 00:25:24.776+00,14.7,0ba3023f7d72ae64498cd359,
2026-07-09 00:22:59.772+00,14.7,0ba3023f7d72ae64498cd359,
2026-07-09 00:20:34.807+00,14.7,0ba3023f7d72ae64498cd359,
2026-07-09 00:18:09.8+00,14.8,0ba3023f7d72ae64498cd359,
2026-07-09 00:15:44.776+00,14.8,0ba3023f7d72ae64498cd359,
2026-07-09 00:13:19.822+00,14.8,0ba3023f7d72ae64498cd359,
2026-07-09 00:10:54.78+00,14.9,0ba3023f7d72ae64498cd359,
2026-07-09 00:08:29.766+00,14.9,0ba3023f7d72ae64498cd359,
2026-07-09 00:06:04.825+00,14.9,0ba3023f7d72ae64498cd359,
2026-07-09 00:03:39.76+00,15,0ba3023f7d72ae64498cd359,
2026-07-09 00:01:14.688+00,15,0ba3023f7d72ae64498cd359,
2026-07-08 23:58:49.712+00,15.1,0ba3023f7d72ae64498cd359,
2026-07-08 23:56:24.7+00,15.1,0ba3023f7d72ae64498cd359,
2026-07-08 23:53:59.692+00,15.2,0ba3023f7d72ae64498cd359,
2026-07-08 23:51:34.735+00,15.3,0ba3023f7d72ae64498cd359,
2026-07-08 23:49:09.678+00,15.3,0ba3023f7d72ae64498cd359,
2026-07-08 23:46:44.695+00,15.3,0ba3023f7d72ae64498cd359,
2026-07-08 23:44:19.812+00,15.4,0ba3023f7d72ae64498cd359,
2026-07-08 23:41:54.71+00,15.4,0ba3023f7d72ae64498cd359,
2026-07-08 23:39:29.881+00,15.4,0ba3023f7d72ae64498cd359,
2026-07-08 23:37:04.824+00,15.5,0ba3023f7d72ae64498cd359,
2026-07-08 23:34:39.788+00,15.6,0ba3023f7d72ae64498cd359,
2026-07-08 23:29:59.84+00,15.6,0ba3023f7d72ae64498cd359,
2026-07-08 23:27:24.67+00,15.7,0ba3023f7d72ae64498cd359,
2026-07-08 23:24:59.686+00,15.8,0ba3023f7d72ae64498cd359,
2026-07-08 23:22:34.719+00,15.8,0ba3023f7d72ae64498cd359,
2026-07-08 23:20:09.687+00,15.9,0ba3023f7d72ae64498cd359,
2026-07-08 23:17:44.69+00,16,0ba3023f7d72ae64498cd359,
2026-07-08 23:15:19.722+00,16,0ba3023f7d72ae64498cd359,
2026-07-08 23:12:54.662+00,16.1,0ba3023f7d72ae64498cd359,
2026-07-08 23:10:29.787+00,16.1,0ba3023f7d72ae64498cd359,
2026-07-08 23:08:04.748+00,16.1,0ba3023f7d72ae64498cd359,
2026-07-08 23:05:39.699+00,16.1,0ba3023f7d72ae64498cd359,
2026-07-08 23:03:14.684+00,16.2,0ba3023f7d72ae64498cd359,
2026-07-08 23:00:49.709+00,16.2,0ba3023f7d72ae64498cd359,
2026-07-08 22:58:24.668+00,16.2,0ba3023f7d72ae64498cd359,
2026-07-08 22:55:59.674+00,16.2,0ba3023f7d72ae64498cd359,
2026-07-08 22:53:34.709+00,16.2,0ba3023f7d72ae64498cd359,
2026-07-08 22:51:09.67+00,16.2,0ba3023f7d72ae64498cd359,
2026-07-08 22:48:44.645+00,16.2,0ba3023f7d72ae64498cd359,
2026-07-08 22:46:19.691+00,16.3,0ba3023f7d72ae64498cd359,
2026-07-08 22:43:54.651+00,16.3,0ba3023f7d72ae64498cd359,
2026-07-08 22:41:29.674+00,16.4,0ba3023f7d72ae64498cd359,
2026-07-08 22:39:04.681+00,16.4,0ba3023f7d72ae64498cd359,
2026-07-08 22:36:39.651+00,16.5,0ba3023f7d72ae64498cd359,
2026-07-08 22:34:14.643+00,16.6,0ba3023f7d72ae64498cd359,
2026-07-08 22:31:49.745+00,16.6,0ba3023f7d72ae64498cd359,
2026-07-08 22:29:24.697+00,16.7,0ba3023f7d72ae64498cd359,
2026-07-08 22:26:59.806+00,16.8,0ba3023f7d72ae64498cd359,
2026-07-08 22:24:35.068+00,16.9,0ba3023f7d72ae64498cd359,
2026-07-08 22:19:53.075+00,17,0ba3023f7d72ae64498cd359,
2026-07-08 22:17:19.735+00,17,0ba3023f7d72ae64498cd359,
2026-07-08 22:14:54.709+00,17.1,0ba3023f7d72ae64498cd359,
2026-07-08 22:12:29.688+00,17.2,0ba3023f7d72ae64498cd359,
2026-07-08 22:10:04.734+00,17.2,0ba3023f7d72ae64498cd359,
2026-07-08 22:07:39.684+00,17.3,0ba3023f7d72ae64498cd359,
2026-07-08 22:05:14.689+00,17.4,0ba3023f7d72ae64498cd359,
2026-07-08 22:02:49.739+00,17.4,0ba3023f7d72ae64498cd359,
2026-07-08 22:00:24.715+00,17.5,0ba3023f7d72ae64498cd359,
2026-07-08 21:57:59.735+00,17.6,0ba3023f7d72ae64498cd359,
2026-07-08 21:55:34.673+00,17.7,0ba3023f7d72ae64498cd359,
2026-07-08 21:53:09.631+00,17.8,0ba3023f7d72ae64498cd359,
2026-07-08 21:50:44.644+00,17.9,0ba3023f7d72ae64498cd359,
2026-07-08 21:48:19.745+00,18,0ba3023f7d72ae64498cd359,
2026-07-08 21:45:54.706+00,18.1,0ba3023f7d72ae64498cd359,
2026-07-08 21:43:29.707+00,18.2,0ba3023f7d72ae64498cd359,
2026-07-08 21:41:04.762+00,18.3,0ba3023f7d72ae64498cd359,
2026-07-08 21:38:39.727+00,18.4,0ba3023f7d72ae64498cd359,
2026-07-08 21:36:14.728+00,18.4,0ba3023f7d72ae64498cd359,
2026-07-08 21:33:49.74+00,18.5,0ba3023f7d72ae64498cd359,
2026-07-08 21:31:24.718+00,18.6,0ba3023f7d72ae64498cd359,
2026-07-08 21:28:59.716+00,18.6,0ba3023f7d72ae64498cd359,
2026-07-08 21:26:34.733+00,18.7,0ba3023f7d72ae64498cd359,
2026-07-08 21:24:09.717+00,18.7,0ba3023f7d72ae64498cd359,
2026-07-08 21:21:44.712+00,18.8,0ba3023f7d72ae64498cd359,
2026-07-08 21:19:19.655+00,18.8,0ba3023f7d72ae64498cd359,
2026-07-08 21:16:54.933+00,18.8,0ba3023f7d72ae64498cd359,
2026-07-08 21:12:04.658+00,18.9,0ba3023f7d72ae64498cd359,
2026-07-08 21:09:39.719+00,19,0ba3023f7d72ae64498cd359,
2026-07-08 21:07:14.716+00,19.1,0ba3023f7d72ae64498cd359,
2026-07-08 21:04:49.764+00,19.1,0ba3023f7d72ae64498cd359,
2026-07-08 21:02:24.732+00,19.2,0ba3023f7d72ae64498cd359,
2026-07-08 20:59:59.611+00,19.3,0ba3023f7d72ae64498cd359,
2026-07-08 20:57:34.656+00,19.4,0ba3023f7d72ae64498cd359,
2026-07-08 20:55:09.666+00,19.4,0ba3023f7d72ae64498cd359,
2026-07-08 20:52:44.626+00,19.5,0ba3023f7d72ae64498cd359,
2026-07-08 20:50:19.666+00,19.6,0ba3023f7d72ae64498cd359,
2026-07-08 20:47:54.624+00,19.6,0ba3023f7d72ae64498cd359,
2026-07-08 20:45:29.627+00,19.7,0ba3023f7d72ae64498cd359,
2026-07-08 20:43:04.67+00,19.8,0ba3023f7d72ae64498cd359,
2026-07-08 20:40:39.645+00,19.8,0ba3023f7d72ae64498cd359,
2026-07-08 20:38:14.62+00,19.9,0ba3023f7d72ae64498cd359,
2026-07-08 20:35:49.668+00,19.9,0ba3023f7d72ae64498cd359,
2026-07-08 20:33:24.596+00,20,0ba3023f7d72ae64498cd359,
2026-07-08 20:30:59.629+00,20.1,0ba3023f7d72ae64498cd359,
2026-07-08 20:28:34.647+00,20.1,0ba3023f7d72ae64498cd359,
2026-07-08 20:26:12.695+00,20.1,0ba3023f7d72ae64498cd359,
2026-07-08 20:23:44.608+00,20.2,0ba3023f7d72ae64498cd359,
2026-07-08 20:21:19.628+00,20.2,0ba3023f7d72ae64498cd359,
2026-07-08 20:18:54.637+00,20.3,0ba3023f7d72ae64498cd359,
2026-07-08 20:16:29.593+00,42.8,0ba3023f7d72ae64498cd359,
2026-07-08 20:14:04.606+00,20.4,0ba3023f7d72ae64498cd359,
2026-07-08 20:11:39.596+00,20.5,0ba3023f7d72ae64498cd359,
2026-07-08 20:09:14.599+00,20.5,0ba3023f7d72ae64498cd359,
2026-07-08 20:06:49.624+00,20.6,0ba3023f7d72ae64498cd359,
2026-07-08 20:04:24.585+00,20.7,0ba3023f7d72ae64498cd359,
2026-07-08 20:01:59.584+00,20.7,0ba3023f7d72ae64498cd359,
2026-07-08 19:59:34.676+00,20.8,0ba3023f7d72ae64498cd359,
2026-07-08 19:54:56.44+00,20.9,0ba3023f7d72ae64498cd359,
2026-07-08 19:52:19.617+00,20.9,0ba3023f7d72ae64498cd359,
2026-07-08 19:49:54.588+00,21,0ba3023f7d72ae64498cd359,
2026-07-08 19:47:29.669+00,21.1,0ba3023f7d72ae64498cd359,
2026-07-08 19:45:04.669+00,21.1,0ba3023f7d72ae64498cd359,
2026-07-08 19:42:39.642+00,21.2,0ba3023f7d72ae64498cd359,
2026-07-08 19:40:14.663+00,21.3,0ba3023f7d72ae64498cd359,
2026-07-08 19:37:49.686+00,21.3,0ba3023f7d72ae64498cd359,
2026-07-08 19:35:24.638+00,21.4,0ba3023f7d72ae64498cd359,
2026-07-08 19:32:59.652+00,21.4,0ba3023f7d72ae64498cd359,
2026-07-08 19:30:34.679+00,21.5,0ba3023f7d72ae64498cd359,
2026-07-08 19:28:09.639+00,21.6,0ba3023f7d72ae64498cd359,
2026-07-08 19:25:44.655+00,21.6,0ba3023f7d72ae64498cd359,
2026-07-08 19:23:19.676+00,21.7,0ba3023f7d72ae64498cd359,
2026-07-08 19:20:54.656+00,21.8,0ba3023f7d72ae64498cd359,
2026-07-08 19:18:29.585+00,21.8,0ba3023f7d72ae64498cd359,
2026-07-08 19:16:04.693+00,21.9,0ba3023f7d72ae64498cd359,
2026-07-08 19:13:39.578+00,21.9,0ba3023f7d72ae64498cd359,
2026-07-08 19:11:14.647+00,22,0ba3023f7d72ae64498cd359,
2026-07-08 19:08:49.675+00,22.1,0ba3023f7d72ae64498cd359,
2026-07-08 19:06:24.639+00,22.1,0ba3023f7d72ae64498cd359,
2026-07-08 19:03:59.652+00,22.2,0ba3023f7d72ae64498cd359,
2026-07-08 19:01:34.692+00,22.2,0ba3023f7d72ae64498cd359,
2026-07-08 18:59:09.647+00,22.3,0ba3023f7d72ae64498cd359,
2026-07-08 18:56:44.653+00,22.3,0ba3023f7d72ae64498cd359,
2026-07-08 18:54:19.698+00,22.4,0ba3023f7d72ae64498cd359,
2026-07-08 18:51:54.644+00,22.4,0ba3023f7d72ae64498cd359,
2026-07-08 18:49:29.667+00,22.4,0ba3023f7d72ae64498cd359,
2026-07-08 18:47:04.697+00,22.4,0ba3023f7d72ae64498cd359,
2026-07-08 18:44:39.664+00,22.5,0ba3023f7d72ae64498cd359,
2026-07-08 18:42:14.656+00,22.5,0ba3023f7d72ae64498cd359,
2026-07-08 18:39:49.682+00,22.5,0ba3023f7d72ae64498cd359,
2026-07-08 18:37:24.568+00,22.6,0ba3023f7d72ae64498cd359,
2026-07-08 18:34:59.57+00,22.6,0ba3023f7d72ae64498cd359,
2026-07-08 18:32:34.661+00,22.6,0ba3023f7d72ae64498cd359,
2026-07-08 18:30:09.558+00,22.7,0ba3023f7d72ae64498cd359,
2026-07-08 18:27:44.567+00,22.7,0ba3023f7d72ae64498cd359,
2026-07-08 18:25:19.577+00,22.8,0ba3023f7d72ae64498cd359,
2026-07-08 18:22:56.904+00,22.8,0ba3023f7d72ae64498cd359,
2026-07-08 18:18:04.575+00,22.9,0ba3023f7d72ae64498cd359,
2026-07-08 18:15:39.551+00,22.9,0ba3023f7d72ae64498cd359,
2026-07-08 18:13:14.561+00,23,0ba3023f7d72ae64498cd359,
2026-07-08 18:10:49.665+00,23.1,0ba3023f7d72ae64498cd359,
2026-07-08 18:08:24.577+00,23.1,0ba3023f7d72ae64498cd359,
2026-07-08 18:05:59.583+00,23.2,0ba3023f7d72ae64498cd359,
2026-07-08 18:03:34.599+00,23.2,0ba3023f7d72ae64498cd359,
2026-07-08 18:01:09.846+00,23.2,0ba3023f7d72ae64498cd359,
2026-07-08 17:58:44.508+00,23.3,0ba3023f7d72ae64498cd359,
2026-07-08 17:56:19.544+00,23.3,0ba3023f7d72ae64498cd359,
2026-07-08 17:53:54.528+00,23.4,0ba3023f7d72ae64498cd359,
2026-07-08 17:51:29.517+00,23.4,0ba3023f7d72ae64498cd359,
2026-07-08 17:49:04.521+00,23.5,0ba3023f7d72ae64498cd359,
2026-07-08 17:46:39.512+00,23.5,0ba3023f7d72ae64498cd359,
2026-07-08 17:44:14.502+00,23.5,0ba3023f7d72ae64498cd359,
2026-07-08 17:41:49.554+00,23.6,0ba3023f7d72ae64498cd359,
2026-07-08 17:39:24.533+00,23.7,0ba3023f7d72ae64498cd359,
2026-07-08 17:36:59.501+00,23.7,0ba3023f7d72ae64498cd359,
2026-07-08 17:34:34.557+00,23.8,0ba3023f7d72ae64498cd359,
2026-07-08 17:29:53.024+00,23.9,0ba3023f7d72ae64498cd359,
2026-07-08 17:27:19.548+00,24,0ba3023f7d72ae64498cd359,
2026-07-08 17:24:54.528+00,24,0ba3023f7d72ae64498cd359,
2026-07-08 17:22:29.571+00,24.1,0ba3023f7d72ae64498cd359,
2026-07-08 17:20:04.599+00,24.1,0ba3023f7d72ae64498cd359,
2026-07-08 17:17:39.584+00,24.2,0ba3023f7d72ae64498cd359,
2026-07-08 17:15:14.582+00,24.2,0ba3023f7d72ae64498cd359,
2026-07-08 17:12:49.611+00,24.2,0ba3023f7d72ae64498cd359,
2026-07-08 17:10:24.583+00,24.3,0ba3023f7d72ae64498cd359,
2026-07-08 17:07:59.54+00,24.4,0ba3023f7d72ae64498cd359,
2026-07-08 17:05:34.549+00,24.4,0ba3023f7d72ae64498cd359,
2026-07-08 17:03:09.497+00,24.5,0ba3023f7d72ae64498cd359,
2026-07-08 17:00:44.493+00,24.5,0ba3023f7d72ae64498cd359,
2026-07-08 16:58:19.625+00,24.6,0ba3023f7d72ae64498cd359,
2026-07-08 16:55:54.679+00,24.6,0ba3023f7d72ae64498cd359,
2026-07-08 16:53:29.575+00,24.7,0ba3023f7d72ae64498cd359,
2026-07-08 16:51:04.649+00,24.7,0ba3023f7d72ae64498cd359,
2026-07-08 16:48:39.579+00,24.7,0ba3023f7d72ae64498cd359,
2026-07-08 16:46:14.589+00,24.8,0ba3023f7d72ae64498cd359,
2026-07-08 16:43:49.613+00,24.8,0ba3023f7d72ae64498cd359,
2026-07-08 16:41:24.591+00,24.8,0ba3023f7d72ae64498cd359,
2026-07-08 16:38:59.638+00,24.9,0ba3023f7d72ae64498cd359,
2026-07-08 16:36:34.727+00,24.9,0ba3023f7d72ae64498cd359,
2026-07-08 16:34:09.5+00,24.9,0ba3023f7d72ae64498cd359,
2026-07-08 16:31:44.684+00,25,0ba3023f7d72ae64498cd359,
2026-07-08 16:29:19.551+00,25,0ba3023f7d72ae64498cd359,
2026-07-08 16:26:54.59+00,25,0ba3023f7d72ae64498cd359,
2026-07-08 16:24:29.499+00,25,0ba3023f7d72ae64498cd359,
2026-07-08 16:22:04.506+00,25,0ba3023f7d72ae64498cd359,
2026-07-08 16:19:39.488+00,25,0ba3023f7d72ae64498cd359,
2026-07-08 16:17:14.502+00,25,0ba3023f7d72ae64498cd359,
2026-07-08 16:14:52.879+00,25,0ba3023f7d72ae64498cd359,
2026-07-08 16:12:24.589+00,25,0ba3023f7d72ae64498cd359,
2026-07-08 16:09:59.494+00,25,0ba3023f7d72ae64498cd359,
2026-07-08 16:07:34.517+00,25,0ba3023f7d72ae64498cd359,
2026-07-08 16:05:09.489+00,25,0ba3023f7d72ae64498cd359,
2026-07-08 16:02:44.513+00,25,0ba3023f7d72ae64498cd359,
2026-07-08 16:00:19.505+00,25,0ba3023f7d72ae64498cd359,
2026-07-08 15:57:54.491+00,25,0ba3023f7d72ae64498cd359,
2026-07-08 15:55:29.502+00,24.9,0ba3023f7d72ae64498cd359,
2026-07-08 15:53:04.527+00,24.9,0ba3023f7d72ae64498cd359,
2026-07-08 15:50:39.495+00,24.9,0ba3023f7d72ae64498cd359,
2026-07-08 15:48:14.461+00,24.9,0ba3023f7d72ae64498cd359,
2026-07-08 15:45:49.485+00,24.9,0ba3023f7d72ae64498cd359,
2026-07-08 15:43:24.464+00,24.9,0ba3023f7d72ae64498cd359,
2026-07-08 15:40:59.474+00,25,0ba3023f7d72ae64498cd359,
2026-07-08 15:38:34.647+00,25,0ba3023f7d72ae64498cd359,
2026-07-08 15:36:09.505+00,25.1,0ba3023f7d72ae64498cd359,
2026-07-08 15:33:44.501+00,25.1,0ba3023f7d72ae64498cd359,
2026-07-08 15:31:19.534+00,25.1,0ba3023f7d72ae64498cd359,
2026-07-08 15:28:54.509+00,25.1,0ba3023f7d72ae64498cd359,
2026-07-08 15:26:29.501+00,25.1,0ba3023f7d72ae64498cd359,
2026-07-08 15:24:04.536+00,25.1,0ba3023f7d72ae64498cd359,
2026-07-08 15:21:39.493+00,25.1,0ba3023f7d72ae64498cd359,
2026-07-08 15:19:14.532+00,25.2,0ba3023f7d72ae64498cd359,
2026-07-08 15:16:49.873+00,25.2,0ba3023f7d72ae64498cd359,
2026-07-08 15:14:24.455+00,25.2,0ba3023f7d72ae64498cd359,
2026-07-08 15:11:59.451+00,25.2,0ba3023f7d72ae64498cd359,
2026-07-08 15:09:34.591+00,25.2,0ba3023f7d72ae64498cd359,
2026-07-08 15:04:50.242+00,25.2,0ba3023f7d72ae64498cd359,
2026-07-08 15:02:19.485+00,25.2,0ba3023f7d72ae64498cd359,
2026-07-08 14:59:54.443+00,25.2,0ba3023f7d72ae64498cd359,
2026-07-08 14:57:29.439+00,25.2,0ba3023f7d72ae64498cd359,
2026-07-08 14:55:04.499+00,25.2,0ba3023f7d72ae64498cd359,
2026-07-08 14:52:39.486+00,25.1,0ba3023f7d72ae64498cd359,
2026-07-08 14:50:14.444+00,25.1,0ba3023f7d72ae64498cd359,
2026-07-08 14:47:49.471+00,25.1,0ba3023f7d72ae64498cd359,
2026-07-08 14:45:24.439+00,25.1,0ba3023f7d72ae64498cd359,
2026-07-08 14:42:59.445+00,25.2,0ba3023f7d72ae64498cd359,
2026-07-08 14:40:34.45+00,25.2,0ba3023f7d72ae64498cd359,
2026-07-08 14:38:09.547+00,25.2,0ba3023f7d72ae64498cd359,
2026-07-08 14:35:44.523+00,25.3,0ba3023f7d72ae64498cd359,
2026-07-08 14:33:19.693+00,25.3,0ba3023f7d72ae64498cd359,
2026-07-08 14:30:54.521+00,25.3,0ba3023f7d72ae64498cd359,
2026-07-08 14:28:29.523+00,25.3,0ba3023f7d72ae64498cd359,
2026-07-08 14:26:04.559+00,25.3,0ba3023f7d72ae64498cd359,
2026-07-08 14:23:39.546+00,25.3,0ba3023f7d72ae64498cd359,
2026-07-08 14:21:14.54+00,25.3,0ba3023f7d72ae64498cd359,
2026-07-08 14:18:49.547+00,25.2,0ba3023f7d72ae64498cd359,
2026-07-08 14:16:24.439+00,25.2,0ba3023f7d72ae64498cd359,
2026-07-08 14:13:59.527+00,25.2,0ba3023f7d72ae64498cd359,
2026-07-08 14:11:34.709+00,25.2,0ba3023f7d72ae64498cd359,
2026-07-08 14:09:09.428+00,25.2,0ba3023f7d72ae64498cd359,
2026-07-08 14:06:44.547+00,25.2,0ba3023f7d72ae64498cd359,
2026-07-08 14:04:19.594+00,25.2,0ba3023f7d72ae64498cd359,
2026-07-08 14:01:54.437+00,25.3,0ba3023f7d72ae64498cd359,
2026-07-08 13:59:29.44+00,25.4,0ba3023f7d72ae64498cd359,
2026-07-08 13:57:06.79+00,25.4,0ba3023f7d72ae64498cd359,
2026-07-08 13:52:14.51+00,25.4,0ba3023f7d72ae64498cd359,
2026-07-08 13:49:49.441+00,33.2,0ba3023f7d72ae64498cd359,
2026-07-08 13:47:24.443+00,25.5,0ba3023f7d72ae64498cd359,
2026-07-08 13:44:59.443+00,25.6,0ba3023f7d72ae64498cd359,
2026-07-08 13:42:34.43+00,25.6,0ba3023f7d72ae64498cd359,
2026-07-08 13:40:09.439+00,25.6,0ba3023f7d72ae64498cd359,
2026-07-08 13:37:44.47+00,25.6,0ba3023f7d72ae64498cd359,
2026-07-08 13:35:19.421+00,25.6,0ba3023f7d72ae64498cd359,
2026-07-08 13:32:54.425+00,25.6,0ba3023f7d72ae64498cd359,
2026-07-08 13:30:29.416+00,25.6,0ba3023f7d72ae64498cd359,
2026-07-08 13:28:04.441+00,25.7,0ba3023f7d72ae64498cd359,
2026-07-08 13:25:39.426+00,25.7,0ba3023f7d72ae64498cd359,
2026-07-08 13:23:14.442+00,25.7,0ba3023f7d72ae64498cd359,
2026-07-08 13:20:49.423+00,25.7,0ba3023f7d72ae64498cd359,
2026-07-08 13:18:24.489+00,25.8,0ba3023f7d72ae64498cd359,
2026-07-08 13:15:59.392+00,25.8,0ba3023f7d72ae64498cd359,
2026-07-08 13:13:34.742+00,25.9,0ba3023f7d72ae64498cd359,
2026-07-08 13:11:09.442+00,26,0ba3023f7d72ae64498cd359,
2026-07-08 13:08:44.768+00,26.1,0ba3023f7d72ae64498cd359,
2026-07-08 13:06:19.398+00,26.1,0ba3023f7d72ae64498cd359,
2026-07-08 13:03:54.467+00,26.2,0ba3023f7d72ae64498cd359,
2026-07-08 13:01:29.406+00,26.2,0ba3023f7d72ae64498cd359,
2026-07-08 12:59:04.449+00,26.3,0ba3023f7d72ae64498cd359,
2026-07-08 12:56:39.444+00,26.4,0ba3023f7d72ae64498cd359,
2026-07-08 12:54:14.445+00,26.4,0ba3023f7d72ae64498cd359,
2026-07-08 12:51:49.761+00,26.5,0ba3023f7d72ae64498cd359,
2026-07-08 12:49:24.442+00,26.6,0ba3023f7d72ae64498cd359,
2026-07-08 12:46:59.414+00,26.7,0ba3023f7d72ae64498cd359,
2026-07-08 12:44:34.405+00,26.8,0ba3023f7d72ae64498cd359,
2026-07-08 12:42:12.675+00,26.8,0ba3023f7d72ae64498cd359,
2026-07-08 12:39:45.431+00,26.9,0ba3023f7d72ae64498cd359,
2026-07-08 12:37:19.405+00,27,0ba3023f7d72ae64498cd359,
2026-07-08 12:34:54.475+00,27.1,0ba3023f7d72ae64498cd359,
2026-07-08 12:32:29.388+00,27.2,0ba3023f7d72ae64498cd359,
2026-07-08 12:30:04.391+00,27.4,0ba3023f7d72ae64498cd359,
2026-07-08 12:27:39.419+00,27.5,0ba3023f7d72ae64498cd359,
2026-07-08 12:25:14.751+00,27.6,0ba3023f7d72ae64498cd359,
2026-07-08 12:22:49.383+00,27.7,0ba3023f7d72ae64498cd359,
2026-07-08 12:20:24.518+00,27.8,0ba3023f7d72ae64498cd359,
2026-07-08 12:17:59.372+00,28,0ba3023f7d72ae64498cd359,
2026-07-08 12:15:34.393+00,28.1,0ba3023f7d72ae64498cd359,
2026-07-08 12:13:09.425+00,28.3,0ba3023f7d72ae64498cd359,
2026-07-08 12:10:44.402+00,28.6,0ba3023f7d72ae64498cd359,
2026-07-08 12:08:19.395+00,28.7,0ba3023f7d72ae64498cd359,
2026-07-08 12:05:54.401+00,29,0ba3023f7d72ae64498cd359,
2026-07-08 12:03:29.384+00,29.2,0ba3023f7d72ae64498cd359,
2026-07-08 12:01:04.381+00,29.5,0ba3023f7d72ae64498cd359,
2026-07-08 11:58:39.411+00,29.8,0ba3023f7d72ae64498cd359,
2026-07-08 11:56:14.501+00,30,0ba3023f7d72ae64498cd359,
2026-07-08 11:53:49.374+00,30.1,0ba3023f7d72ae64498cd359,
2026-07-08 11:51:24.489+00,30.3,0ba3023f7d72ae64498cd359,
2026-07-08 11:48:59.367+00,30.7,0ba3023f7d72ae64498cd359,
2026-07-08 11:46:34.48+00,31.2,0ba3023f7d72ae64498cd359,
2026-07-08 11:44:09.394+00,31.4,0ba3023f7d72ae64498cd359,
2026-07-08 11:41:44.487+00,31.7,0ba3023f7d72ae64498cd359,
2026-07-08 11:39:19.382+00,31.8,0ba3023f7d72ae64498cd359,
2026-07-08 11:36:54.517+00,31.8,0ba3023f7d72ae64498cd359,
2026-07-08 11:34:29.376+00,31.7,0ba3023f7d72ae64498cd359,
2026-07-08 11:32:04.469+00,31.7,0ba3023f7d72ae64498cd359,
2026-07-08 11:29:39.418+00,31.9,0ba3023f7d72ae64498cd359,
2026-07-08 11:24:56.718+00,32.2,0ba3023f7d72ae64498cd359,
2026-07-08 11:22:24.382+00,32.4,0ba3023f7d72ae64498cd359,
2026-07-08 11:19:59.395+00,32.4,0ba3023f7d72ae64498cd359,
2026-07-08 11:17:34.495+00,32.3,0ba3023f7d72ae64498cd359,
2026-07-08 11:15:09.383+00,32.3,0ba3023f7d72ae64498cd359,
2026-07-08 11:12:44.412+00,32.5,0ba3023f7d72ae64498cd359,
2026-07-08 11:10:19.383+00,32.5,0ba3023f7d72ae64498cd359,
2026-07-08 11:07:54.376+00,32.3,0ba3023f7d72ae64498cd359,
2026-07-08 11:05:29.404+00,32.2,0ba3023f7d72ae64498cd359,
2026-07-08 11:03:04.366+00,32.3,0ba3023f7d72ae64498cd359,
2026-07-08 11:00:39.374+00,32.5,0ba3023f7d72ae64498cd359,
2026-07-08 10:58:14.394+00,32.4,0ba3023f7d72ae64498cd359,
2026-07-08 10:55:49.447+00,32.3,0ba3023f7d72ae64498cd359,
2026-07-08 10:53:24.385+00,32.2,0ba3023f7d72ae64498cd359,
2026-07-08 10:50:59.404+00,32,0ba3023f7d72ae64498cd359,
2026-07-08 10:48:34.36+00,32,0ba3023f7d72ae64498cd359,
2026-07-08 10:46:09.36+00,31.9,0ba3023f7d72ae64498cd359,
2026-07-08 10:43:44.421+00,31.6,0ba3023f7d72ae64498cd359,
2026-07-08 10:41:19.39+00,31.4,0ba3023f7d72ae64498cd359,
2026-07-08 10:38:54.388+00,31.4,0ba3023f7d72ae64498cd359,
2026-07-08 10:36:29.408+00,31.4,0ba3023f7d72ae64498cd359,
2026-07-08 10:34:04.364+00,31.5,0ba3023f7d72ae64498cd359,
2026-07-08 10:31:39.35+00,31.5,0ba3023f7d72ae64498cd359,
2026-07-08 10:29:14.393+00,31.3,0ba3023f7d72ae64498cd359,
2026-07-08 10:26:49.392+00,31.3,0ba3023f7d72ae64498cd359,
2026-07-08 10:24:24.383+00,31.5,0ba3023f7d72ae64498cd359,
2026-07-08 10:21:59.438+00,31.6,0ba3023f7d72ae64498cd359,
2026-07-08 10:19:34.375+00,31.9,0ba3023f7d72ae64498cd359,
2026-07-08 10:17:09.393+00,32.2,0ba3023f7d72ae64498cd359,
2026-07-08 10:14:44.503+00,32.2,0ba3023f7d72ae64498cd359,
2026-07-08 10:12:19.381+00,32.8,0ba3023f7d72ae64498cd359,
2026-07-08 10:09:54.365+00,33.6,0ba3023f7d72ae64498cd359,
2026-07-08 10:07:29.414+00,33.6,0ba3023f7d72ae64498cd359,
2026-07-08 10:05:05.149+00,34.1,0ba3023f7d72ae64498cd359,
2026-07-08 10:02:39.391+00,34.3,0ba3023f7d72ae64498cd359,
2026-07-08 10:00:14.422+00,34.3,0ba3023f7d72ae64498cd359,
2026-07-08 09:57:49.403+00,34.2,0ba3023f7d72ae64498cd359,
2026-07-08 09:55:24.393+00,34,0ba3023f7d72ae64498cd359,
2026-07-08 09:52:59.364+00,33.8,0ba3023f7d72ae64498cd359,
2026-07-08 09:50:34.442+00,33.5,0ba3023f7d72ae64498cd359,
2026-07-08 09:48:09.343+00,33.4,0ba3023f7d72ae64498cd359,
2026-07-08 09:45:44.392+00,33.5,0ba3023f7d72ae64498cd359,
2026-07-08 09:43:19.367+00,33.6,0ba3023f7d72ae64498cd359,
2026-07-08 09:40:54.318+00,33.8,0ba3023f7d72ae64498cd359,
2026-07-08 09:38:29.358+00,34,0ba3023f7d72ae64498cd359,
2026-07-08 09:36:04.442+00,33.9,0ba3023f7d72ae64498cd359,
2026-07-08 09:33:39.345+00,33.8,0ba3023f7d72ae64498cd359,
2026-07-08 09:31:14.356+00,33.6,0ba3023f7d72ae64498cd359,
2026-07-08 09:28:49.334+00,33.4,0ba3023f7d72ae64498cd359,
2026-07-08 09:26:24.345+00,33.4,0ba3023f7d72ae64498cd359,
2026-07-08 09:23:59.351+00,33.4,0ba3023f7d72ae64498cd359,
2026-07-08 09:21:34.657+00,33.3,0ba3023f7d72ae64498cd359,
2026-07-08 09:19:09.408+00,33.2,0ba3023f7d72ae64498cd359,
2026-07-08 09:16:44.48+00,33.3,0ba3023f7d72ae64498cd359,
2026-07-08 09:14:19.417+00,33.5,0ba3023f7d72ae64498cd359,
2026-07-08 09:11:54.522+00,33.7,0ba3023f7d72ae64498cd359,
2026-07-08 09:09:29.442+00,34,0ba3023f7d72ae64498cd359,
2026-07-08 09:04:47.686+00,34,0ba3023f7d72ae64498cd359,
2026-07-08 09:02:14.444+00,33.9,0ba3023f7d72ae64498cd359,
2026-07-08 08:59:49.403+00,33.8,0ba3023f7d72ae64498cd359,
2026-07-08 08:57:24.429+00,33.9,0ba3023f7d72ae64498cd359,
2026-07-08 08:54:59.437+00,34,0ba3023f7d72ae64498cd359,
2026-07-08 08:52:34.405+00,33.9,0ba3023f7d72ae64498cd359,
2026-07-08 08:50:09.4+00,33.7,0ba3023f7d72ae64498cd359,
2026-07-08 08:47:44.441+00,33.5,0ba3023f7d72ae64498cd359,
2026-07-08 08:45:19.398+00,33.1,0ba3023f7d72ae64498cd359,
2026-07-08 08:42:54.405+00,32.8,0ba3023f7d72ae64498cd359,
2026-07-08 08:40:29.446+00,32.4,0ba3023f7d72ae64498cd359,
2026-07-08 08:38:04.405+00,32.1,0ba3023f7d72ae64498cd359,
2026-07-08 08:35:39.434+00,32,0ba3023f7d72ae64498cd359,
2026-07-08 08:33:14.436+00,32.1,0ba3023f7d72ae64498cd359,
2026-07-08 08:30:49.399+00,32,0ba3023f7d72ae64498cd359,
2026-07-08 08:28:24.416+00,31.8,0ba3023f7d72ae64498cd359,
2026-07-08 08:25:59.471+00,31.4,0ba3023f7d72ae64498cd359,
2026-07-08 08:23:34.326+00,31.1,0ba3023f7d72ae64498cd359,
2026-07-08 08:21:09.322+00,30.8,0ba3023f7d72ae64498cd359,
2026-07-08 08:18:44.376+00,30.4,0ba3023f7d72ae64498cd359,
2026-07-08 08:16:19.431+00,30.3,0ba3023f7d72ae64498cd359,
2026-07-08 08:13:54.32+00,29.9,0ba3023f7d72ae64498cd359,
2026-07-08 08:11:29.364+00,29.6,0ba3023f7d72ae64498cd359,
2026-07-08 08:09:04.324+00,28.9,0ba3023f7d72ae64498cd359,
2026-07-08 08:06:39.333+00,28.1,0ba3023f7d72ae64498cd359,
2026-07-08 08:04:14.359+00,27.4,0ba3023f7d72ae64498cd359,
2026-07-08 08:01:49.306+00,26.8,0ba3023f7d72ae64498cd359,
2026-07-08 07:59:24.321+00,26.8,0ba3023f7d72ae64498cd359,
2026-07-08 07:56:59.334+00,26.6,0ba3023f7d72ae64498cd359,
2026-07-08 07:54:34.343+00,26.6,0ba3023f7d72ae64498cd359,
2026-07-08 07:52:09.619+00,26.2,0ba3023f7d72ae64498cd359,
2026-07-08 07:49:44.352+00,25.7,0ba3023f7d72ae64498cd359,
2026-07-08 07:47:19.356+00,25,0ba3023f7d72ae64498cd359,
2026-07-08 07:44:54.344+00,24.6,0ba3023f7d72ae64498cd359,
2026-07-08 07:42:29.353+00,24.3,0ba3023f7d72ae64498cd359,
2026-07-08 07:40:04.336+00,23.8,0ba3023f7d72ae64498cd359,
2026-07-08 07:37:39.327+00,23.4,0ba3023f7d72ae64498cd359,
2026-07-08 07:35:14.376+00,22.8,0ba3023f7d72ae64498cd359,
2026-07-08 07:32:49.337+00,22.4,0ba3023f7d72ae64498cd359,
2026-07-08 07:30:24.333+00,21.6,0ba3023f7d72ae64498cd359,
2026-07-08 07:27:59.361+00,21.2,0ba3023f7d72ae64498cd359,
2026-07-08 07:25:34.342+00,20.7,0ba3023f7d72ae64498cd359,
2026-07-08 07:23:09.344+00,20,0ba3023f7d72ae64498cd359,
2026-07-08 07:20:44.426+00,19.1,0ba3023f7d72ae64498cd359,
2026-07-08 07:18:19.353+00,18.4,0ba3023f7d72ae64498cd359,
2026-07-08 07:15:54.345+00,18.1,0ba3023f7d72ae64498cd359,
2026-07-08 07:13:29.302+00,17.8,0ba3023f7d72ae64498cd359,
2026-07-08 07:11:04.329+00,17.6,0ba3023f7d72ae64498cd359,
2026-07-08 07:08:39.278+00,17.5,0ba3023f7d72ae64498cd359,
2026-07-08 07:06:14.299+00,17.3,0ba3023f7d72ae64498cd359,
2026-07-08 07:03:49.274+00,17.2,0ba3023f7d72ae64498cd359,
2026-07-08 07:01:24.276+00,17.1,0ba3023f7d72ae64498cd359,
2026-07-08 06:58:59.309+00,17.1,0ba3023f7d72ae64498cd359,
2026-07-08 06:56:34.274+00,17.1,0ba3023f7d72ae64498cd359,
2026-07-08 06:54:09.27+00,17,0ba3023f7d72ae64498cd359,
2026-07-08 06:51:44.316+00,16.9,0ba3023f7d72ae64498cd359,
2026-07-08 06:49:19.275+00,16.9,0ba3023f7d72ae64498cd359,
2026-07-08 06:46:54.325+00,16.9,0ba3023f7d72ae64498cd359,
2026-07-08 06:44:29.298+00,16.9,0ba3023f7d72ae64498cd359,
2026-07-08 06:39:47.629+00,16.9,0ba3023f7d72ae64498cd359,
2026-07-08 06:37:14.256+00,17,0ba3023f7d72ae64498cd359,
2026-07-08 06:34:49.371+00,17.1,0ba3023f7d72ae64498cd359,
2026-07-08 06:32:24.351+00,17.1,0ba3023f7d72ae64498cd359,
2026-07-08 06:29:59.366+00,17.1,0ba3023f7d72ae64498cd359,
2026-07-08 06:27:34.405+00,17,0ba3023f7d72ae64498cd359,
2026-07-08 06:25:09.346+00,17,0ba3023f7d72ae64498cd359,
2026-07-08 06:22:44.349+00,16.9,0ba3023f7d72ae64498cd359,
2026-07-08 06:20:19.417+00,16.9,0ba3023f7d72ae64498cd359,
2026-07-08 06:17:54.344+00,16.9,0ba3023f7d72ae64498cd359,
2026-07-08 06:15:29.345+00,16.8,0ba3023f7d72ae64498cd359,
2026-07-08 06:13:04.39+00,16.8,0ba3023f7d72ae64498cd359,
2026-07-08 06:10:39.338+00,16.8,0ba3023f7d72ae64498cd359,
2026-07-08 06:08:14.347+00,16.7,0ba3023f7d72ae64498cd359,
2026-07-08 06:05:49.377+00,16.7,0ba3023f7d72ae64498cd359,
2026-07-08 06:03:24.345+00,16.6,0ba3023f7d72ae64498cd359,
2026-07-08 06:00:59.333+00,16.6,0ba3023f7d72ae64498cd359,
2026-07-08 05:58:34.263+00,16.5,0ba3023f7d72ae64498cd359,
2026-07-08 05:56:09.245+00,16.4,0ba3023f7d72ae64498cd359,
2026-07-08 05:53:44.268+00,16.4,0ba3023f7d72ae64498cd359,
2026-07-08 05:51:19.28+00,63.7,0ba3023f7d72ae64498cd359,
2026-07-08 05:48:54.389+00,16.4,0ba3023f7d72ae64498cd359,
2026-07-08 05:46:29.359+00,16.4,0ba3023f7d72ae64498cd359,
2026-07-08 05:44:04.271+00,16.4,0ba3023f7d72ae64498cd359,
2026-07-08 05:41:39.263+00,16.4,0ba3023f7d72ae64498cd359,
2026-07-08 05:39:14.251+00,16.4,0ba3023f7d72ae64498cd359,
2026-07-08 05:36:49.388+00,16.3,0ba3023f7d72ae64498cd359,
2026-07-08 05:34:24.281+00,16.2,0ba3023f7d72ae64498cd359,
2026-07-08 05:31:59.257+00,16.1,0ba3023f7d72ae64498cd359,
2026-07-08 05:29:34.281+00,16.1,0ba3023f7d72ae64498cd359,
2026-07-08 05:27:09.263+00,16.1,0ba3023f7d72ae64498cd359,
2026-07-08 05:24:44.278+00,16,0ba3023f7d72ae64498cd359,
2026-07-08 05:22:19.626+00,16,0ba3023f7d72ae64498cd359,
2026-07-08 05:19:55.538+00,16,0ba3023f7d72ae64498cd359,
2026-07-08 05:17:29.248+00,16,0ba3023f7d72ae64498cd359,
2026-07-08 05:15:04.288+00,15.9,0ba3023f7d72ae64498cd359,
2026-07-08 05:12:39.271+00,15.8,0ba3023f7d72ae64498cd359,
2026-07-08 05:10:14.268+00,15.6,0ba3023f7d72ae64498cd359,
2026-07-08 05:07:49.273+00,15.5,0ba3023f7d72ae64498cd359,
2026-07-08 05:05:24.274+00,15.5,0ba3023f7d72ae64498cd359,
2026-07-08 05:02:59.281+00,15.4,0ba3023f7d72ae64498cd359,
2026-07-08 05:00:34.312+00,15.4,0ba3023f7d72ae64498cd359,
2026-07-08 04:58:09.268+00,15.4,0ba3023f7d72ae64498cd359,
2026-07-08 04:55:44.251+00,15.4,0ba3023f7d72ae64498cd359,
2026-07-08 04:53:19.286+00,15.4,0ba3023f7d72ae64498cd359,
2026-07-08 04:50:54.255+00,15.5,0ba3023f7d72ae64498cd359,
2026-07-08 04:48:29.264+00,15.5,0ba3023f7d72ae64498cd359,
2026-07-08 04:46:04.309+00,15.5,0ba3023f7d72ae64498cd359,
2026-07-08 04:43:39.261+00,15.5,0ba3023f7d72ae64498cd359,
2026-07-08 04:41:14.374+00,15.5,0ba3023f7d72ae64498cd359,
2026-07-08 04:38:49.299+00,15.5,0ba3023f7d72ae64498cd359,
2026-07-08 04:36:24.264+00,15.5,0ba3023f7d72ae64498cd359,
2026-07-08 04:33:59.297+00,15.5,0ba3023f7d72ae64498cd359,
2026-07-08 04:31:34.297+00,15.5,0ba3023f7d72ae64498cd359,
2026-07-08 04:29:09.21+00,15.5,0ba3023f7d72ae64498cd359,
2026-07-08 04:26:44.268+00,15.5,0ba3023f7d72ae64498cd359,
2026-07-08 04:24:19.266+00,15.5,0ba3023f7d72ae64498cd359,
2026-07-08 04:21:54.291+00,15.5,0ba3023f7d72ae64498cd359,
2026-07-08 04:19:29.211+00,15.4,0ba3023f7d72ae64498cd359,
2026-07-08 04:17:04.253+00,15.5,0ba3023f7d72ae64498cd359,
2026-07-08 04:14:39.212+00,15.5,0ba3023f7d72ae64498cd359,
2026-07-08 04:12:14.193+00,15.6,0ba3023f7d72ae64498cd359,
2026-07-08 04:09:49.238+00,15.6,0ba3023f7d72ae64498cd359,
2026-07-08 04:07:28.885+00,15.6,0ba3023f7d72ae64498cd359,
2026-07-08 04:04:59.217+00,15.6,0ba3023f7d72ae64498cd359,
2026-07-08 04:02:34.251+00,15.7,0ba3023f7d72ae64498cd359,
2026-07-08 04:00:09.299+00,15.7,0ba3023f7d72ae64498cd359,
2026-07-08 03:57:44.205+00,15.7,0ba3023f7d72ae64498cd359,
2026-07-08 03:55:19.31+00,15.8,0ba3023f7d72ae64498cd359,
2026-07-08 03:52:54.285+00,15.8,0ba3023f7d72ae64498cd359,
2026-07-08 03:50:29.201+00,15.9,0ba3023f7d72ae64498cd359,
2026-07-08 03:48:04.23+00,16,0ba3023f7d72ae64498cd359,
2026-07-08 03:45:39.387+00,16,0ba3023f7d72ae64498cd359,
2026-07-08 03:43:14.291+00,16.1,0ba3023f7d72ae64498cd359,
2026-07-08 03:40:49.345+00,16.1,0ba3023f7d72ae64498cd359,
2026-07-08 03:38:24.388+00,16.2,0ba3023f7d72ae64498cd359,
2026-07-08 03:35:59.277+00,16.2,0ba3023f7d72ae64498cd359,
2026-07-08 03:33:34.332+00,16.2,0ba3023f7d72ae64498cd359,
2026-07-08 03:31:09.279+00,16.2,0ba3023f7d72ae64498cd359,
2026-07-08 03:28:44.28+00,16.2,0ba3023f7d72ae64498cd359,
2026-07-08 03:26:19.235+00,16.2,0ba3023f7d72ae64498cd359,
2026-07-08 03:23:54.295+00,16.2,0ba3023f7d72ae64498cd359,
2026-07-08 03:21:29.289+00,16.2,0ba3023f7d72ae64498cd359,
2026-07-08 03:19:04.318+00,16.2,0ba3023f7d72ae64498cd359,
2026-07-08 03:16:39.294+00,16.2,0ba3023f7d72ae64498cd359,
2026-07-08 03:14:14.274+00,16.2,0ba3023f7d72ae64498cd359,
2026-07-08 03:11:49.448+00,16.2,0ba3023f7d72ae64498cd359,
2026-07-08 03:09:24.298+00,16.2,0ba3023f7d72ae64498cd359,
2026-07-08 03:04:47.628+00,16.2,0ba3023f7d72ae64498cd359,
2026-07-08 03:02:09.3+00,16.3,0ba3023f7d72ae64498cd359,
2026-07-08 02:59:44.433+00,16.3,0ba3023f7d72ae64498cd359,
2026-07-08 02:57:19.292+00,16.4,0ba3023f7d72ae64498cd359,
2026-07-08 02:54:54.205+00,16.4,0ba3023f7d72ae64498cd359,
2026-07-08 02:52:29.33+00,16.4,0ba3023f7d72ae64498cd359,
2026-07-08 02:50:04.213+00,16.4,0ba3023f7d72ae64498cd359,
2026-07-08 02:47:39.195+00,16.5,0ba3023f7d72ae64498cd359,
2026-07-08 02:45:14.223+00,16.5,0ba3023f7d72ae64498cd359,
2026-07-08 02:42:49.191+00,16.6,0ba3023f7d72ae64498cd359,
2026-07-08 02:40:24.202+00,16.6,0ba3023f7d72ae64498cd359,
2026-07-08 02:37:59.226+00,16.7,0ba3023f7d72ae64498cd359,
2026-07-08 02:35:34.202+00,16.7,0ba3023f7d72ae64498cd359,
2026-07-08 02:33:09.22+00,16.7,0ba3023f7d72ae64498cd359,
2026-07-08 02:30:44.218+00,16.7,0ba3023f7d72ae64498cd359,
2026-07-08 02:28:19.17+00,16.7,0ba3023f7d72ae64498cd359,
2026-07-08 02:25:54.172+00,16.8,0ba3023f7d72ae64498cd359,
2026-07-08 02:23:29.204+00,16.9,0ba3023f7d72ae64498cd359,
2026-07-08 02:21:04.203+00,16.9,0ba3023f7d72ae64498cd359,
2026-07-08 02:18:39.216+00,17,0ba3023f7d72ae64498cd359,
2026-07-08 02:16:14.227+00,17,0ba3023f7d72ae64498cd359,
2026-07-08 02:13:49.2+00,17.1,0ba3023f7d72ae64498cd359,
2026-07-08 02:11:24.244+00,17.1,0ba3023f7d72ae64498cd359,
2026-07-08 02:08:59.245+00,17.1,0ba3023f7d72ae64498cd359,
2026-07-08 02:06:34.223+00,17.1,0ba3023f7d72ae64498cd359,
2026-07-08 02:04:09.2+00,17.2,0ba3023f7d72ae64498cd359,
2026-07-08 02:01:44.329+00,17.2,0ba3023f7d72ae64498cd359,
2026-07-08 01:59:19.201+00,17.2,0ba3023f7d72ae64498cd359,
2026-07-08 01:56:54.194+00,17.2,0ba3023f7d72ae64498cd359,
2026-07-08 01:54:29.179+00,17.2,0ba3023f7d72ae64498cd359,
2026-07-08 01:52:04.162+00,17.2,0ba3023f7d72ae64498cd359,
2026-07-08 01:49:39.147+00,17.2,0ba3023f7d72ae64498cd359,
2026-07-08 01:47:14.22+00,17.2,0ba3023f7d72ae64498cd359,
2026-07-08 01:44:49.164+00,17.2,0ba3023f7d72ae64498cd359,
2026-07-08 01:42:24.166+00,17.2,0ba3023f7d72ae64498cd359,
2026-07-08 01:39:59.18+00,17.2,0ba3023f7d72ae64498cd359,
2026-07-08 01:37:34.151+00,17.1,0ba3023f7d72ae64498cd359,
2026-07-08 01:35:09.15+00,17.1,0ba3023f7d72ae64498cd359,
2026-07-08 01:32:44.432+00,17.1,0ba3023f7d72ae64498cd359,
2026-07-08 01:30:19.144+00,17.1,0ba3023f7d72ae64498cd359,
2026-07-08 01:27:54.158+00,17.1,0ba3023f7d72ae64498cd359,
2026-07-08 01:25:29.238+00,17.2,0ba3023f7d72ae64498cd359,
2026-07-08 01:23:04.575+00,17.2,0ba3023f7d72ae64498cd359,
2026-07-08 01:20:39.148+00,17.2,0ba3023f7d72ae64498cd359,
2026-07-08 01:18:14.249+00,17.2,0ba3023f7d72ae64498cd359,
2026-07-08 01:15:51.298+00,17.2,0ba3023f7d72ae64498cd359,
2026-07-08 01:13:24.202+00,17.2,0ba3023f7d72ae64498cd359,
2026-07-08 01:10:59.254+00,17.2,0ba3023f7d72ae64498cd359,
2026-07-08 01:08:34.155+00,17.3,0ba3023f7d72ae64498cd359,
2026-07-08 01:06:09.222+00,17.3,0ba3023f7d72ae64498cd359,
2026-07-08 01:03:44.164+00,17.3,0ba3023f7d72ae64498cd359,
2026-07-08 01:01:19.222+00,17.3,0ba3023f7d72ae64498cd359,
2026-07-08 00:58:54.282+00,17.3,0ba3023f7d72ae64498cd359,
2026-07-08 00:56:29.248+00,17.4,0ba3023f7d72ae64498cd359,
2026-07-08 00:54:04.14+00,17.4,0ba3023f7d72ae64498cd359,
2026-07-08 00:51:39.22+00,17.5,0ba3023f7d72ae64498cd359,
2026-07-08 00:49:14.482+00,17.5,0ba3023f7d72ae64498cd359,
2026-07-08 00:46:49.241+00,17.6,0ba3023f7d72ae64498cd359,
2026-07-08 00:44:24.237+00,17.6,0ba3023f7d72ae64498cd359,
2026-07-08 00:41:59.266+00,17.7,0ba3023f7d72ae64498cd359,
2026-07-08 00:39:34.146+00,17.8,0ba3023f7d72ae64498cd359,
2026-07-08 00:37:09.206+00,17.8,0ba3023f7d72ae64498cd359,
2026-07-08 00:34:44.272+00,17.9,0ba3023f7d72ae64498cd359,
2026-07-08 00:32:19.239+00,18,0ba3023f7d72ae64498cd359,
2026-07-08 00:29:54.219+00,18.1,0ba3023f7d72ae64498cd359,
2026-07-08 00:27:29.262+00,18.3,0ba3023f7d72ae64498cd359,
2026-07-08 00:25:04.22+00,18.4,0ba3023f7d72ae64498cd359,
2026-07-08 00:22:39.223+00,18.5,0ba3023f7d72ae64498cd359,
2026-07-08 00:20:14.255+00,18.6,0ba3023f7d72ae64498cd359,
2026-07-08 00:17:49.232+00,18.6,0ba3023f7d72ae64498cd359,
2026-07-08 00:15:24.421+00,18.7,0ba3023f7d72ae64498cd359,
2026-07-08 00:12:59.153+00,18.7,0ba3023f7d72ae64498cd359,
2026-07-08 00:10:34.157+00,18.8,0ba3023f7d72ae64498cd359,
2026-07-08 00:08:09.122+00,18.8,0ba3023f7d72ae64498cd359,
2026-07-08 00:05:44.179+00,18.7,0ba3023f7d72ae64498cd359,
2026-07-08 00:03:19.129+00,18.7,0ba3023f7d72ae64498cd359,
2026-07-08 00:00:54.125+00,18.7,0ba3023f7d72ae64498cd359,
2026-07-07 23:58:29.168+00,18.8,0ba3023f7d72ae64498cd359,
2026-07-07 23:56:04.139+00,18.8,0ba3023f7d72ae64498cd359,
2026-07-07 23:53:39.133+00,18.8,0ba3023f7d72ae64498cd359,
2026-07-07 23:51:14.173+00,18.9,0ba3023f7d72ae64498cd359,
2026-07-07 23:48:49.258+00,18.9,0ba3023f7d72ae64498cd359,
2026-07-07 23:46:24.136+00,18.9,0ba3023f7d72ae64498cd359,
2026-07-07 23:43:59.219+00,18.9,0ba3023f7d72ae64498cd359,
2026-07-07 23:41:34.123+00,18.9,0ba3023f7d72ae64498cd359,
2026-07-07 23:39:09.109+00,18.9,0ba3023f7d72ae64498cd359,
2026-07-07 23:36:44.159+00,18.9,0ba3023f7d72ae64498cd359,
2026-07-07 23:34:19.093+00,19,0ba3023f7d72ae64498cd359,
2026-07-07 23:31:54.157+00,19,0ba3023f7d72ae64498cd359,
2026-07-07 23:29:29.182+00,19,0ba3023f7d72ae64498cd359,
2026-07-07 23:27:04.142+00,19,0ba3023f7d72ae64498cd359,
2026-07-07 23:24:39.134+00,19,0ba3023f7d72ae64498cd359,
2026-07-07 23:22:16.54+00,19,0ba3023f7d72ae64498cd359,
2026-07-07 23:19:49.214+00,19,0ba3023f7d72ae64498cd359,
2026-07-07 23:17:24.112+00,19,0ba3023f7d72ae64498cd359,
2026-07-07 23:14:59.138+00,19,0ba3023f7d72ae64498cd359,
2026-07-07 23:12:34.112+00,19,0ba3023f7d72ae64498cd359,
2026-07-07 23:10:09.105+00,19,0ba3023f7d72ae64498cd359,
2026-07-07 23:07:44.169+00,19,0ba3023f7d72ae64498cd359,
2026-07-07 23:05:19.109+00,19,0ba3023f7d72ae64498cd359,
2026-07-07 23:02:54.105+00,18.9,0ba3023f7d72ae64498cd359,
2026-07-07 23:00:29.293+00,19,0ba3023f7d72ae64498cd359,
2026-07-07 22:58:04.101+00,19,0ba3023f7d72ae64498cd359,
2026-07-07 22:55:39.164+00,19,0ba3023f7d72ae64498cd359,
2026-07-07 22:53:14.216+00,19,0ba3023f7d72ae64498cd359,
2026-07-07 22:50:49.116+00,19,0ba3023f7d72ae64498cd359,
2026-07-07 22:48:24.104+00,19,0ba3023f7d72ae64498cd359,
2026-07-07 22:45:59.128+00,18.9,0ba3023f7d72ae64498cd359,
2026-07-07 22:43:34.1+00,18.9,0ba3023f7d72ae64498cd359,
2026-07-07 22:41:09.094+00,18.9,0ba3023f7d72ae64498cd359,
2026-07-07 22:38:44.182+00,18.9,0ba3023f7d72ae64498cd359,
2026-07-07 22:36:19.156+00,19,0ba3023f7d72ae64498cd359,
2026-07-07 22:33:54.138+00,18.9,0ba3023f7d72ae64498cd359,
2026-07-07 22:31:29.211+00,18.9,0ba3023f7d72ae64498cd359,
2026-07-07 22:29:04.169+00,18.9,0ba3023f7d72ae64498cd359,
2026-07-07 22:26:39.153+00,18.9,0ba3023f7d72ae64498cd359,
2026-07-07 22:24:14.112+00,18.9,0ba3023f7d72ae64498cd359,
2026-07-07 22:21:49.184+00,18.9,0ba3023f7d72ae64498cd359,
2026-07-07 22:19:24.081+00,18.9,0ba3023f7d72ae64498cd359,
2026-07-07 22:16:59.204+00,18.9,0ba3023f7d72ae64498cd359,
2026-07-07 22:14:34.154+00,18.9,0ba3023f7d72ae64498cd359,
2026-07-07 22:09:53.701+00,18.9,0ba3023f7d72ae64498cd359,
2026-07-07 22:07:19.166+00,18.9,0ba3023f7d72ae64498cd359,
2026-07-07 22:04:54.149+00,19,0ba3023f7d72ae64498cd359,
2026-07-07 22:02:29.193+00,19,0ba3023f7d72ae64498cd359,
2026-07-07 22:00:04.147+00,19,0ba3023f7d72ae64498cd359,
2026-07-07 21:57:39.167+00,19,0ba3023f7d72ae64498cd359,
2026-07-07 21:55:14.216+00,19,0ba3023f7d72ae64498cd359,
2026-07-07 21:52:49.099+00,19,0ba3023f7d72ae64498cd359,
2026-07-07 21:50:24.163+00,19,0ba3023f7d72ae64498cd359,
2026-07-07 21:47:59.209+00,19.1,0ba3023f7d72ae64498cd359,
2026-07-07 21:45:34.173+00,19.1,0ba3023f7d72ae64498cd359,
2026-07-07 21:43:09.174+00,19.1,0ba3023f7d72ae64498cd359,
2026-07-07 21:40:44.206+00,19.1,0ba3023f7d72ae64498cd359,
2026-07-07 21:38:19.173+00,19.2,0ba3023f7d72ae64498cd359,
2026-07-07 21:35:54.158+00,19.2,0ba3023f7d72ae64498cd359,
2026-07-07 21:33:29.092+00,19.2,0ba3023f7d72ae64498cd359,
2026-07-07 21:31:04.088+00,19.3,0ba3023f7d72ae64498cd359,
2026-07-07 21:28:39.077+00,19.3,0ba3023f7d72ae64498cd359,
2026-07-07 21:26:14.096+00,19.3,0ba3023f7d72ae64498cd359,
2026-07-07 21:23:49.129+00,19.4,0ba3023f7d72ae64498cd359,
2026-07-07 21:21:24.078+00,19.4,0ba3023f7d72ae64498cd359,
2026-07-07 21:18:59.088+00,19.4,0ba3023f7d72ae64498cd359,
2026-07-07 21:16:34.06+00,19.4,0ba3023f7d72ae64498cd359,
2026-07-07 21:14:09.075+00,19.4,0ba3023f7d72ae64498cd359,
2026-07-07 21:11:44.158+00,19.4,0ba3023f7d72ae64498cd359,
2026-07-07 21:09:19.07+00,19.4,0ba3023f7d72ae64498cd359,
2026-07-07 21:06:54.064+00,19.4,0ba3023f7d72ae64498cd359,
2026-07-07 21:04:29.116+00,19.4,0ba3023f7d72ae64498cd359,
2026-07-07 21:02:04.069+00,19.4,0ba3023f7d72ae64498cd359,
2026-07-07 20:59:39.055+00,19.4,0ba3023f7d72ae64498cd359,
2026-07-07 20:57:14.114+00,19.4,0ba3023f7d72ae64498cd359,
2026-07-07 20:54:49.108+00,19.4,0ba3023f7d72ae64498cd359,
2026-07-07 20:52:24.066+00,19.4,0ba3023f7d72ae64498cd359,
2026-07-07 20:50:00.811+00,19.4,0ba3023f7d72ae64498cd359,
2026-07-07 20:47:34.04+00,19.4,0ba3023f7d72ae64498cd359,
2026-07-07 20:45:09.038+00,19.4,0ba3023f7d72ae64498cd359,
2026-07-07 20:42:44.073+00,19.4,0ba3023f7d72ae64498cd359,
2026-07-07 20:40:19.042+00,19.3,0ba3023f7d72ae64498cd359,
2026-07-07 20:37:54.035+00,19.4,0ba3023f7d72ae64498cd359,
2026-07-07 20:35:29.077+00,19.3,0ba3023f7d72ae64498cd359,
2026-07-07 20:33:04.028+00,19.3,0ba3023f7d72ae64498cd359,
2026-07-07 20:30:39.087+00,19.3,0ba3023f7d72ae64498cd359,
2026-07-07 20:28:14.071+00,19.3,0ba3023f7d72ae64498cd359,
2026-07-07 20:25:51.366+00,19.3,0ba3023f7d72ae64498cd359,
2026-07-07 20:23:24.031+00,19.3,0ba3023f7d72ae64498cd359,
2026-07-07 20:21:00.257+00,19.2,0ba3023f7d72ae64498cd359,
2026-07-07 20:18:34.029+00,19.2,0ba3023f7d72ae64498cd359,
2026-07-07 20:16:09.013+00,19.2,0ba3023f7d72ae64498cd359,
2026-07-07 20:13:44.117+00,19.2,0ba3023f7d72ae64498cd359,
2026-07-07 20:11:19.098+00,19.2,0ba3023f7d72ae64498cd359,
2026-07-07 20:08:54.089+00,19.2,0ba3023f7d72ae64498cd359,
2026-07-07 20:06:29.325+00,19.2,0ba3023f7d72ae64498cd359,
2026-07-07 20:01:39.115+00,19.1,0ba3023f7d72ae64498cd359,
2026-07-07 19:59:14.086+00,19.1,0ba3023f7d72ae64498cd359,
2026-07-07 19:56:49.201+00,19.2,0ba3023f7d72ae64498cd359,
2026-07-07 19:54:24.078+00,19.2,0ba3023f7d72ae64498cd359,
2026-07-07 19:51:59.096+00,19.2,0ba3023f7d72ae64498cd359,
2026-07-07 19:49:34.154+00,19.2,0ba3023f7d72ae64498cd359,
2026-07-07 19:44:52.234+00,19.1,0ba3023f7d72ae64498cd359,
2026-07-07 19:42:19.119+00,19.2,0ba3023f7d72ae64498cd359,
2026-07-07 19:39:54.093+00,19.2,0ba3023f7d72ae64498cd359,
2026-07-07 19:37:29.09+00,19.1,0ba3023f7d72ae64498cd359,
2026-07-07 19:35:04.138+00,19.1,0ba3023f7d72ae64498cd359,
2026-07-07 19:32:39.099+00,19.1,0ba3023f7d72ae64498cd359,
2026-07-07 19:30:14.118+00,19.1,0ba3023f7d72ae64498cd359,
2026-07-07 19:27:49.368+00,19.1,0ba3023f7d72ae64498cd359,
2026-07-07 19:22:59.133+00,19,0ba3023f7d72ae64498cd359,
2026-07-07 19:20:34.107+00,19.1,0ba3023f7d72ae64498cd359,
2026-07-07 19:18:09.136+00,19.1,0ba3023f7d72ae64498cd359,
2026-07-07 19:15:44.203+00,19.1,0ba3023f7d72ae64498cd359,
2026-07-07 19:13:19.099+00,19.1,0ba3023f7d72ae64498cd359,
2026-07-07 19:10:54.132+00,19.1,0ba3023f7d72ae64498cd359,
2026-07-07 19:08:29.108+00,19.1,0ba3023f7d72ae64498cd359,
2026-07-07 19:06:04.108+00,19,0ba3023f7d72ae64498cd359,
2026-07-07 19:03:39.186+00,19.1,0ba3023f7d72ae64498cd359,
2026-07-07 19:01:14.13+00,19.1,0ba3023f7d72ae64498cd359,
2026-07-07 18:58:49.028+00,19.1,0ba3023f7d72ae64498cd359,
2026-07-07 18:56:24.151+00,19.1,0ba3023f7d72ae64498cd359,
2026-07-07 18:53:59.085+00,19.1,0ba3023f7d72ae64498cd359,
2026-07-07 18:51:33.986+00,19.2,0ba3023f7d72ae64498cd359,
2026-07-07 18:49:09.047+00,19.2,0ba3023f7d72ae64498cd359,
2026-07-07 18:46:44.007+00,19.3,0ba3023f7d72ae64498cd359,
2026-07-07 18:44:19.015+00,19.4,0ba3023f7d72ae64498cd359,
2026-07-07 18:41:54.045+00,19.5,0ba3023f7d72ae64498cd359,
2026-07-07 18:39:29.013+00,19.6,0ba3023f7d72ae64498cd359,
2026-07-07 18:37:04.006+00,19.6,0ba3023f7d72ae64498cd359,
2026-07-07 18:34:39.299+00,19.7,0ba3023f7d72ae64498cd359,
2026-07-07 18:32:14.036+00,19.8,0ba3023f7d72ae64498cd359,
2026-07-07 18:29:49.261+00,19.9,0ba3023f7d72ae64498cd359,
2026-07-07 18:27:24.05+00,20,0ba3023f7d72ae64498cd359,
2026-07-07 18:24:59.001+00,20,0ba3023f7d72ae64498cd359,
2026-07-07 18:22:34.031+00,20.1,0ba3023f7d72ae64498cd359,
2026-07-07 18:20:09.038+00,20.2,0ba3023f7d72ae64498cd359,
2026-07-07 18:17:44.015+00,20.2,0ba3023f7d72ae64498cd359,
2026-07-07 18:15:21.441+00,20.3,0ba3023f7d72ae64498cd359,
2026-07-07 18:12:54.022+00,20.4,0ba3023f7d72ae64498cd359,
2026-07-07 18:10:29.005+00,20.5,0ba3023f7d72ae64498cd359,
2026-07-07 18:08:04.023+00,20.6,0ba3023f7d72ae64498cd359,
2026-07-07 18:05:39.036+00,20.8,0ba3023f7d72ae64498cd359,
2026-07-07 18:03:13.998+00,20.9,0ba3023f7d72ae64498cd359,
2026-07-07 18:00:48.992+00,20.9,0ba3023f7d72ae64498cd359,
2026-07-07 17:58:24.029+00,21.1,0ba3023f7d72ae64498cd359,
2026-07-07 17:55:58.977+00,21.2,0ba3023f7d72ae64498cd359,
2026-07-07 17:53:34+00,21.4,0ba3023f7d72ae64498cd359,
2026-07-07 17:51:09.027+00,21.5,0ba3023f7d72ae64498cd359,
2026-07-07 17:48:43.997+00,21.7,0ba3023f7d72ae64498cd359,
2026-07-07 17:46:18.985+00,21.8,0ba3023f7d72ae64498cd359,
2026-07-07 17:43:54.077+00,21.9,0ba3023f7d72ae64498cd359,
2026-07-07 17:41:29.052+00,22,0ba3023f7d72ae64498cd359,
2026-07-07 17:39:03.972+00,22.1,0ba3023f7d72ae64498cd359,
2026-07-07 17:36:38.994+00,22.1,0ba3023f7d72ae64498cd359,
2026-07-07 17:34:13.991+00,22.1,0ba3023f7d72ae64498cd359,
2026-07-07 17:31:48.996+00,22.1,0ba3023f7d72ae64498cd359,
2026-07-07 17:29:24.159+00,22.2,0ba3023f7d72ae64498cd359,
2026-07-07 17:26:59.038+00,22.2,0ba3023f7d72ae64498cd359,
2026-07-07 17:24:34.137+00,22.2,0ba3023f7d72ae64498cd359,
2026-07-07 17:22:09.071+00,22.3,0ba3023f7d72ae64498cd359,
2026-07-07 17:19:44.054+00,22.3,0ba3023f7d72ae64498cd359,
2026-07-07 17:17:19.01+00,22.3,0ba3023f7d72ae64498cd359,
2026-07-07 17:14:54.008+00,22.4,0ba3023f7d72ae64498cd359,
2026-07-07 17:10:09.323+00,22.4,0ba3023f7d72ae64498cd359,
2026-07-07 17:07:39.058+00,22.5,0ba3023f7d72ae64498cd359,
2026-07-07 17:05:14.077+00,22.5,0ba3023f7d72ae64498cd359,
2026-07-07 17:02:49.031+00,22.6,0ba3023f7d72ae64498cd359,
2026-07-07 17:00:23.975+00,22.7,0ba3023f7d72ae64498cd359,
2026-07-07 16:57:59.099+00,22.7,0ba3023f7d72ae64498cd359,
2026-07-07 16:55:34.243+00,22.8,0ba3023f7d72ae64498cd359,
2026-07-07 16:53:09.039+00,22.9,0ba3023f7d72ae64498cd359,
2026-07-07 16:50:44.076+00,23,0ba3023f7d72ae64498cd359,
2026-07-07 16:48:19.034+00,23.2,0ba3023f7d72ae64498cd359,
2026-07-07 16:45:54.044+00,23.4,0ba3023f7d72ae64498cd359,
2026-07-07 16:43:29.081+00,23.5,0ba3023f7d72ae64498cd359,
2026-07-07 16:41:04.061+00,23.7,0ba3023f7d72ae64498cd359,
2026-07-07 16:38:39.044+00,23.8,0ba3023f7d72ae64498cd359,
2026-07-07 16:36:16.281+00,23.8,0ba3023f7d72ae64498cd359,
2026-07-07 16:33:49.072+00,23.9,0ba3023f7d72ae64498cd359,
2026-07-07 16:31:24.914+00,23.9,0ba3023f7d72ae64498cd359,
2026-07-07 16:28:59.123+00,24,0ba3023f7d72ae64498cd359,
2026-07-07 16:26:34.158+00,24,0ba3023f7d72ae64498cd359,
2026-07-07 16:24:09.044+00,24.1,0ba3023f7d72ae64498cd359,
2026-07-07 16:21:44.069+00,24.1,0ba3023f7d72ae64498cd359,
2026-07-07 16:19:18.939+00,24.2,0ba3023f7d72ae64498cd359,
2026-07-07 16:16:54.054+00,24.3,0ba3023f7d72ae64498cd359,
2026-07-07 16:14:29.076+00,24.4,0ba3023f7d72ae64498cd359,
2026-07-07 16:12:04.045+00,24.5,0ba3023f7d72ae64498cd359,
2026-07-07 16:09:39.025+00,24.6,0ba3023f7d72ae64498cd359,
2026-07-07 16:07:14.083+00,24.6,0ba3023f7d72ae64498cd359,
2026-07-07 16:04:49.013+00,24.7,0ba3023f7d72ae64498cd359,
2026-07-07 16:02:23.939+00,24.7,0ba3023f7d72ae64498cd359,
2026-07-07 16:00:02.678+00,24.8,0ba3023f7d72ae64498cd359,
2026-07-07 15:57:33.964+00,24.8,0ba3023f7d72ae64498cd359,
2026-07-07 15:55:08.94+00,24.9,0ba3023f7d72ae64498cd359,
2026-07-07 15:52:43.984+00,24.9,0ba3023f7d72ae64498cd359,
2026-07-07 15:50:18.955+00,24.9,0ba3023f7d72ae64498cd359,
2026-07-07 15:47:53.954+00,24.9,0ba3023f7d72ae64498cd359,
2026-07-07 15:45:31.303+00,24.9,0ba3023f7d72ae64498cd359,
2026-07-07 15:40:38.955+00,24.9,0ba3023f7d72ae64498cd359,
2026-07-07 15:38:14.227+00,25,0ba3023f7d72ae64498cd359,
2026-07-07 15:35:48.999+00,25.1,0ba3023f7d72ae64498cd359,
2026-07-07 15:33:23.96+00,25.1,0ba3023f7d72ae64498cd359,
2026-07-07 15:30:58.952+00,25.2,0ba3023f7d72ae64498cd359,
2026-07-07 15:28:33.96+00,25.3,0ba3023f7d72ae64498cd359,
2026-07-07 15:23:54.589+00,25.3,0ba3023f7d72ae64498cd359,
2026-07-07 15:21:18.922+00,25.4,0ba3023f7d72ae64498cd359,
2026-07-07 15:18:54.019+00,25.4,0ba3023f7d72ae64498cd359,
2026-07-07 15:16:28.941+00,25.4,0ba3023f7d72ae64498cd359,
2026-07-07 15:14:03.914+00,25.5,0ba3023f7d72ae64498cd359,
2026-07-07 15:11:38.961+00,25.6,0ba3023f7d72ae64498cd359,
2026-07-07 15:09:13.903+00,25.7,0ba3023f7d72ae64498cd359,
2026-07-07 15:06:48.941+00,25.7,0ba3023f7d72ae64498cd359,
2026-07-07 15:04:27.303+00,25.8,0ba3023f7d72ae64498cd359,
2026-07-07 15:01:58.979+00,25.8,0ba3023f7d72ae64498cd359,
2026-07-07 14:59:33.968+00,25.9,0ba3023f7d72ae64498cd359,
2026-07-07 14:57:09.001+00,25.9,0ba3023f7d72ae64498cd359,
2026-07-07 14:54:43.975+00,25.9,0ba3023f7d72ae64498cd359,
2026-07-07 14:52:18.964+00,25.9,0ba3023f7d72ae64498cd359,
2026-07-07 14:49:56.242+00,25.9,0ba3023f7d72ae64498cd359,
2026-07-07 14:45:03.964+00,25.7,0ba3023f7d72ae64498cd359,
2026-07-07 14:42:38.99+00,25.7,0ba3023f7d72ae64498cd359,
2026-07-07 14:40:13.975+00,25.7,0ba3023f7d72ae64498cd359,
2026-07-07 14:37:49.048+00,25.6,0ba3023f7d72ae64498cd359,
2026-07-07 14:35:24.03+00,25.6,0ba3023f7d72ae64498cd359,
2026-07-07 14:32:58.982+00,25.6,0ba3023f7d72ae64498cd359,
2026-07-07 14:30:34.045+00,25.5,0ba3023f7d72ae64498cd359,
2026-07-07 14:28:09.035+00,25.4,0ba3023f7d72ae64498cd359,
2026-07-07 14:25:43.979+00,25.4,0ba3023f7d72ae64498cd359,
2026-07-07 14:23:18.97+00,25.4,0ba3023f7d72ae64498cd359,
2026-07-07 14:20:54.001+00,25.4,0ba3023f7d72ae64498cd359,
2026-07-07 14:18:28.971+00,25.4,0ba3023f7d72ae64498cd359,
2026-07-07 14:16:03.916+00,25.5,0ba3023f7d72ae64498cd359,
2026-07-07 14:13:39.007+00,25.6,0ba3023f7d72ae64498cd359,
2026-07-07 14:11:13.903+00,25.6,0ba3023f7d72ae64498cd359,
2026-07-07 14:08:48.989+00,25.7,0ba3023f7d72ae64498cd359,
2026-07-07 14:06:23.917+00,25.8,0ba3023f7d72ae64498cd359,
2026-07-07 14:03:58.977+00,25.9,0ba3023f7d72ae64498cd359,
2026-07-07 14:01:33.992+00,25.9,0ba3023f7d72ae64498cd359,
2026-07-07 13:59:09.115+00,26.1,0ba3023f7d72ae64498cd359,
2026-07-07 13:56:43.984+00,26.2,0ba3023f7d72ae64498cd359,
2026-07-07 13:54:19.117+00,26.3,0ba3023f7d72ae64498cd359,
2026-07-07 13:51:54.014+00,26.4,0ba3023f7d72ae64498cd359,
2026-07-07 13:49:28.99+00,26.4,0ba3023f7d72ae64498cd359,
2026-07-07 13:44:49.845+00,26.6,0ba3023f7d72ae64498cd359,
2026-07-07 13:42:13.992+00,26.8,0ba3023f7d72ae64498cd359,
2026-07-07 13:39:49.116+00,26.9,0ba3023f7d72ae64498cd359,
2026-07-07 13:37:23.898+00,27.1,0ba3023f7d72ae64498cd359,
2026-07-07 13:34:59.032+00,27.3,0ba3023f7d72ae64498cd359,
2026-07-07 13:32:33.999+00,27.4,0ba3023f7d72ae64498cd359,
2026-07-07 13:30:08.967+00,27.5,0ba3023f7d72ae64498cd359,
2026-07-07 13:27:44.047+00,27.7,0ba3023f7d72ae64498cd359,
2026-07-07 13:25:19.007+00,27.8,0ba3023f7d72ae64498cd359,
2026-07-07 13:22:54.004+00,27.8,0ba3023f7d72ae64498cd359,
2026-07-07 13:20:28.875+00,27.9,0ba3023f7d72ae64498cd359,
2026-07-07 13:18:04.034+00,27.9,0ba3023f7d72ae64498cd359,
2026-07-07 13:15:38.895+00,27.9,0ba3023f7d72ae64498cd359,
2026-07-07 13:13:13.899+00,27.9,0ba3023f7d72ae64498cd359,
2026-07-07 13:10:48.951+00,27.8,0ba3023f7d72ae64498cd359,
2026-07-07 13:08:23.904+00,27.7,0ba3023f7d72ae64498cd359,
2026-07-07 13:05:58.907+00,27.5,0ba3023f7d72ae64498cd359,
2026-07-07 13:03:33.949+00,27.4,0ba3023f7d72ae64498cd359,
2026-07-07 13:01:08.918+00,27.2,0ba3023f7d72ae64498cd359,
2026-07-07 12:58:43.903+00,27,0ba3023f7d72ae64498cd359,
2026-07-07 12:56:18.962+00,26.9,0ba3023f7d72ae64498cd359,
2026-07-07 12:53:53.893+00,26.8,0ba3023f7d72ae64498cd359,
2026-07-07 12:51:28.875+00,26.7,0ba3023f7d72ae64498cd359,
2026-07-07 12:49:03.921+00,26.7,0ba3023f7d72ae64498cd359,
2026-07-07 12:46:38.868+00,26.7,0ba3023f7d72ae64498cd359,
2026-07-07 12:44:13.86+00,26.8,0ba3023f7d72ae64498cd359,
2026-07-07 12:41:48.899+00,26.8,0ba3023f7d72ae64498cd359,
2026-07-07 12:39:23.92+00,26.9,0ba3023f7d72ae64498cd359,
2026-07-07 12:36:58.921+00,27.1,0ba3023f7d72ae64498cd359,
2026-07-07 12:34:33.912+00,27.2,0ba3023f7d72ae64498cd359,
2026-07-07 12:32:08.912+00,27.3,0ba3023f7d72ae64498cd359,
2026-07-07 12:29:43.886+00,27.3,0ba3023f7d72ae64498cd359,
2026-07-07 12:27:18.891+00,27.4,0ba3023f7d72ae64498cd359,
2026-07-07 12:24:53.858+00,27.3,0ba3023f7d72ae64498cd359,
2026-07-07 12:22:28.878+00,27.2,0ba3023f7d72ae64498cd359,
2026-07-07 12:20:03.938+00,27.2,0ba3023f7d72ae64498cd359,
2026-07-07 12:17:38.901+00,27.2,0ba3023f7d72ae64498cd359,
2026-07-07 12:15:15.737+00,27.2,0ba3023f7d72ae64498cd359,
2026-07-07 12:12:48.945+00,27.2,0ba3023f7d72ae64498cd359,
2026-07-07 12:10:23.902+00,27.2,0ba3023f7d72ae64498cd359,
2026-07-07 12:07:58.899+00,27.2,0ba3023f7d72ae64498cd359,
2026-07-07 12:05:33.938+00,27.1,0ba3023f7d72ae64498cd359,
2026-07-07 12:03:08.982+00,27,0ba3023f7d72ae64498cd359,
2026-07-07 12:00:43.929+00,27,0ba3023f7d72ae64498cd359,
2026-07-07 11:58:18.956+00,27.1,0ba3023f7d72ae64498cd359,
2026-07-07 11:55:53.908+00,27.2,0ba3023f7d72ae64498cd359,
2026-07-07 11:53:28.93+00,27.4,0ba3023f7d72ae64498cd359,
2026-07-07 11:51:03.949+00,27.8,0ba3023f7d72ae64498cd359,
2026-07-07 11:48:38.943+00,28.1,0ba3023f7d72ae64498cd359,
2026-07-07 11:46:13.926+00,28.3,0ba3023f7d72ae64498cd359,
2026-07-07 11:43:48.944+00,28.5,0ba3023f7d72ae64498cd359,
2026-07-07 11:41:23.878+00,28.6,0ba3023f7d72ae64498cd359,
2026-07-07 11:38:58.922+00,28.6,0ba3023f7d72ae64498cd359,
2026-07-07 11:36:33.957+00,28.6,0ba3023f7d72ae64498cd359,
2026-07-07 11:34:09.026+00,28.8,0ba3023f7d72ae64498cd359,
2026-07-07 11:31:43.916+00,28.7,0ba3023f7d72ae64498cd359,
2026-07-07 11:29:19.046+00,28.5,0ba3023f7d72ae64498cd359,
2026-07-07 11:26:53.857+00,28.2,0ba3023f7d72ae64498cd359,
2026-07-07 11:24:28.916+00,27.9,0ba3023f7d72ae64498cd359,
2026-07-07 11:22:03.869+00,27.4,0ba3023f7d72ae64498cd359,
2026-07-07 11:19:38.93+00,26.9,0ba3023f7d72ae64498cd359,
2026-07-07 11:17:13.915+00,26.9,0ba3023f7d72ae64498cd359,
2026-07-07 11:14:50.513+00,26.6,0ba3023f7d72ae64498cd359,
2026-07-07 11:12:23.868+00,26.6,0ba3023f7d72ae64498cd359,
2026-07-07 11:09:58.964+00,26.5,0ba3023f7d72ae64498cd359,
2026-07-07 11:07:33.963+00,26.4,0ba3023f7d72ae64498cd359,
2026-07-07 11:05:08.921+00,26.3,0ba3023f7d72ae64498cd359,
2026-07-07 11:02:43.926+00,26.4,0ba3023f7d72ae64498cd359,
2026-07-07 11:00:18.943+00,26.6,0ba3023f7d72ae64498cd359,
2026-07-07 10:57:53.91+00,26.8,0ba3023f7d72ae64498cd359,
2026-07-07 10:55:28.917+00,27.1,0ba3023f7d72ae64498cd359,
2026-07-07 10:53:03.953+00,27.3,0ba3023f7d72ae64498cd359,
2026-07-07 10:50:38.935+00,27.6,0ba3023f7d72ae64498cd359,
2026-07-07 10:48:13.918+00,27.9,0ba3023f7d72ae64498cd359,
2026-07-07 10:45:48.955+00,28.3,0ba3023f7d72ae64498cd359,
2026-07-07 10:43:23.933+00,28.7,0ba3023f7d72ae64498cd359,
2026-07-07 10:40:58.834+00,29.1,0ba3023f7d72ae64498cd359,
2026-07-07 10:38:33.98+00,29.7,0ba3023f7d72ae64498cd359,
2026-07-07 10:36:08.838+00,30,0ba3023f7d72ae64498cd359,
2026-07-07 10:33:43.842+00,30.4,0ba3023f7d72ae64498cd359,
2026-07-07 10:31:18.885+00,30.8,0ba3023f7d72ae64498cd359,
2026-07-07 10:28:53.904+00,31.2,0ba3023f7d72ae64498cd359,
2026-07-07 10:26:28.851+00,31.6,0ba3023f7d72ae64498cd359,
2026-07-07 10:24:03.838+00,31.7,0ba3023f7d72ae64498cd359,
2026-07-07 10:21:38.824+00,31.8,0ba3023f7d72ae64498cd359,
2026-07-07 10:19:13.81+00,32.2,0ba3023f7d72ae64498cd359,
2026-07-07 10:16:48.862+00,32.6,0ba3023f7d72ae64498cd359,
2026-07-07 10:14:23.829+00,33,0ba3023f7d72ae64498cd359,
2026-07-07 10:11:58.818+00,33.5,0ba3023f7d72ae64498cd359,
2026-07-07 10:09:33.835+00,33.3,0ba3023f7d72ae64498cd359,
2026-07-07 10:04:52.95+00,33,0ba3023f7d72ae64498cd359,
2026-07-07 10:02:18.831+00,32.5,0ba3023f7d72ae64498cd359,
2026-07-07 09:59:53.841+00,32.1,0ba3023f7d72ae64498cd359,
2026-07-07 09:57:28.858+00,31.7,0ba3023f7d72ae64498cd359,
2026-07-07 09:55:03.833+00,31.7,0ba3023f7d72ae64498cd359,
2026-07-07 09:52:38.793+00,31.8,0ba3023f7d72ae64498cd359,
2026-07-07 09:50:13.813+00,32.1,0ba3023f7d72ae64498cd359,
2026-07-07 09:47:48.826+00,32.3,0ba3023f7d72ae64498cd359,
2026-07-07 09:45:23.8+00,32.4,0ba3023f7d72ae64498cd359,
2026-07-07 09:42:58.79+00,32.2,0ba3023f7d72ae64498cd359,
2026-07-07 09:40:33.825+00,31.8,0ba3023f7d72ae64498cd359,
2026-07-07 09:38:08.85+00,31.3,0ba3023f7d72ae64498cd359,
2026-07-07 09:35:43.799+00,30.7,0ba3023f7d72ae64498cd359,
2026-07-07 09:33:18.883+00,30.2,0ba3023f7d72ae64498cd359,
2026-07-07 09:30:53.79+00,29.8,0ba3023f7d72ae64498cd359,
2026-07-07 09:28:28.852+00,29.3,0ba3023f7d72ae64498cd359,
2026-07-07 09:26:03.858+00,28.8,0ba3023f7d72ae64498cd359,
2026-07-07 09:23:38.862+00,28.6,0ba3023f7d72ae64498cd359,
2026-07-07 09:21:13.886+00,28.5,0ba3023f7d72ae64498cd359,
2026-07-07 09:18:48.908+00,28.4,0ba3023f7d72ae64498cd359,
2026-07-07 09:16:23.801+00,28.2,0ba3023f7d72ae64498cd359,
2026-07-07 09:13:58.859+00,28.2,0ba3023f7d72ae64498cd359,
2026-07-07 09:11:33.814+00,27.9,0ba3023f7d72ae64498cd359,
2026-07-07 09:09:08.885+00,27.9,0ba3023f7d72ae64498cd359,
2026-07-07 09:06:43.786+00,27.7,0ba3023f7d72ae64498cd359,
2026-07-07 09:04:18.87+00,27.6,0ba3023f7d72ae64498cd359,
2026-07-07 09:01:53.766+00,27.3,0ba3023f7d72ae64498cd359,
2026-07-07 08:59:28.872+00,26.9,0ba3023f7d72ae64498cd359,
2026-07-07 08:57:03.815+00,26.5,0ba3023f7d72ae64498cd359,
2026-07-07 08:54:38.852+00,26.2,0ba3023f7d72ae64498cd359,
2026-07-07 08:52:13.777+00,26,0ba3023f7d72ae64498cd359,
2026-07-07 08:49:48.897+00,25.8,0ba3023f7d72ae64498cd359,
2026-07-07 08:47:23.769+00,25.5,0ba3023f7d72ae64498cd359,
2026-07-07 08:44:58.869+00,25.3,0ba3023f7d72ae64498cd359,
2026-07-07 08:42:33.825+00,25.1,0ba3023f7d72ae64498cd359,
2026-07-07 08:40:08.874+00,24.9,0ba3023f7d72ae64498cd359,
2026-07-07 08:37:43.766+00,24.9,0ba3023f7d72ae64498cd359,
2026-07-07 08:35:18.875+00,24.9,0ba3023f7d72ae64498cd359,
2026-07-07 08:32:58.453+00,24.8,0ba3023f7d72ae64498cd359,
2026-07-07 08:30:28.875+00,24.8,0ba3023f7d72ae64498cd359,
2026-07-07 08:28:03.805+00,24.8,0ba3023f7d72ae64498cd359,
2026-07-07 08:25:38.869+00,24.9,0ba3023f7d72ae64498cd359,
2026-07-07 08:23:13.763+00,24.9,0ba3023f7d72ae64498cd359,
2026-07-07 08:20:48.878+00,25,0ba3023f7d72ae64498cd359,
2026-07-07 08:18:23.773+00,25,0ba3023f7d72ae64498cd359,
2026-07-07 08:15:58.871+00,25,0ba3023f7d72ae64498cd359,
2026-07-07 08:13:33.795+00,25,0ba3023f7d72ae64498cd359,
2026-07-07 08:11:08.873+00,25,0ba3023f7d72ae64498cd359,
2026-07-07 08:08:43.874+00,25,0ba3023f7d72ae64498cd359,
2026-07-07 08:06:18.889+00,25.1,0ba3023f7d72ae64498cd359,
2026-07-07 08:03:53.759+00,25,0ba3023f7d72ae64498cd359,
2026-07-07 08:01:28.895+00,24.9,0ba3023f7d72ae64498cd359,
2026-07-07 07:59:03.834+00,24.8,0ba3023f7d72ae64498cd359,
2026-07-07 07:56:38.771+00,24.6,0ba3023f7d72ae64498cd359,
2026-07-07 07:54:13.759+00,24.5,0ba3023f7d72ae64498cd359,
2026-07-07 07:51:48.821+00,24.5,0ba3023f7d72ae64498cd359,
2026-07-07 07:49:23.766+00,24.6,0ba3023f7d72ae64498cd359,
2026-07-07 07:46:58.793+00,24.8,0ba3023f7d72ae64498cd359,
2026-07-07 07:44:33.85+00,24.9,0ba3023f7d72ae64498cd359,
2026-07-07 07:42:08.758+00,25.1,0ba3023f7d72ae64498cd359,
2026-07-07 07:37:29.159+00,25.2,0ba3023f7d72ae64498cd359,
2026-07-07 07:34:53.78+00,25.4,0ba3023f7d72ae64498cd359,
2026-07-07 07:32:28.811+00,25.4,0ba3023f7d72ae64498cd359,
2026-07-07 07:30:03.768+00,25.4,0ba3023f7d72ae64498cd359,
2026-07-07 07:27:38.75+00,25.3,0ba3023f7d72ae64498cd359,
2026-07-07 07:25:13.774+00,25,0ba3023f7d72ae64498cd359,
2026-07-07 07:22:48.74+00,24.8,0ba3023f7d72ae64498cd359,
2026-07-07 07:20:23.737+00,24.8,0ba3023f7d72ae64498cd359,
2026-07-07 07:18:01.784+00,24.6,0ba3023f7d72ae64498cd359,
2026-07-07 07:15:33.761+00,24.4,0ba3023f7d72ae64498cd359,
2026-07-07 07:13:08.744+00,24.3,0ba3023f7d72ae64498cd359,
2026-07-07 07:10:43.773+00,24.2,0ba3023f7d72ae64498cd359,
2026-07-07 07:08:18.745+00,24.2,0ba3023f7d72ae64498cd359,
2026-07-07 07:05:53.735+00,24.2,0ba3023f7d72ae64498cd359,
2026-07-07 07:03:31.097+00,24.2,0ba3023f7d72ae64498cd359,
2026-07-07 06:58:38.779+00,24.1,0ba3023f7d72ae64498cd359,
2026-07-07 06:56:13.785+00,24.1,0ba3023f7d72ae64498cd359,
2026-07-07 06:53:49.191+00,24,0ba3023f7d72ae64498cd359,
2026-07-07 06:51:23.806+00,23.9,0ba3023f7d72ae64498cd359,
2026-07-07 06:48:58.765+00,23.8,0ba3023f7d72ae64498cd359,
2026-07-07 06:46:33.943+00,23.6,0ba3023f7d72ae64498cd359,
2026-07-07 06:41:53.809+00,23.5,0ba3023f7d72ae64498cd359,
2026-07-07 06:39:18.782+00,23.4,0ba3023f7d72ae64498cd359,
2026-07-07 06:36:53.818+00,23.2,0ba3023f7d72ae64498cd359,
2026-07-07 06:34:28.791+00,23,0ba3023f7d72ae64498cd359,
2026-07-07 06:32:03.818+00,22.9,0ba3023f7d72ae64498cd359,
2026-07-07 06:29:38.819+00,22.8,0ba3023f7d72ae64498cd359,
2026-07-07 06:27:13.793+00,22.7,0ba3023f7d72ae64498cd359,
2026-07-07 06:24:48.832+00,22.7,0ba3023f7d72ae64498cd359,
2026-07-07 06:22:26.19+00,22.6,0ba3023f7d72ae64498cd359,
2026-07-07 06:19:58.788+00,22.6,0ba3023f7d72ae64498cd359,
2026-07-07 06:17:33.801+00,22.5,0ba3023f7d72ae64498cd359,
2026-07-07 06:15:08.822+00,22.4,0ba3023f7d72ae64498cd359,
2026-07-07 06:12:43.796+00,22.3,0ba3023f7d72ae64498cd359,
2026-07-07 06:10:18.806+00,22.3,0ba3023f7d72ae64498cd359,
2026-07-07 06:07:56.067+00,22.3,0ba3023f7d72ae64498cd359,
2026-07-07 06:03:03.8+00,22.1,0ba3023f7d72ae64498cd359,
2026-07-07 06:00:38.931+00,22.1,0ba3023f7d72ae64498cd359,
2026-07-07 05:58:13.804+00,22,0ba3023f7d72ae64498cd359,
2026-07-07 05:55:50.79+00,22,0ba3023f7d72ae64498cd359,
2026-07-07 05:53:23.757+00,21.9,0ba3023f7d72ae64498cd359,
2026-07-07 05:50:58.805+00,21.7,0ba3023f7d72ae64498cd359,
2026-07-07 05:46:17.163+00,21.6,0ba3023f7d72ae64498cd359,
2026-07-07 05:43:43.719+00,21.5,0ba3023f7d72ae64498cd359,
2026-07-07 05:41:18.81+00,21.4,0ba3023f7d72ae64498cd359,
2026-07-07 05:38:53.847+00,21.3,0ba3023f7d72ae64498cd359,
2026-07-07 05:36:30.764+00,21.3,0ba3023f7d72ae64498cd359,
2026-07-07 05:34:03.824+00,21,0ba3023f7d72ae64498cd359,
2026-07-07 05:31:41.07+00,21,0ba3023f7d72ae64498cd359,
2026-07-07 05:26:48.826+00,20.7,0ba3023f7d72ae64498cd359,
2026-07-07 05:24:23.825+00,20.6,0ba3023f7d72ae64498cd359,
2026-07-07 05:21:58.83+00,20.5,0ba3023f7d72ae64498cd359,
2026-07-07 05:19:33.811+00,20.4,0ba3023f7d72ae64498cd359,
2026-07-07 05:17:08.802+00,20.3,0ba3023f7d72ae64498cd359,
2026-07-07 05:14:43.838+00,20.1,0ba3023f7d72ae64498cd359,
2026-07-07 05:10:07.966+00,20,0ba3023f7d72ae64498cd359,
2026-07-07 05:07:28.838+00,19.9,0ba3023f7d72ae64498cd359,
2026-07-07 05:05:03.819+00,19.9,0ba3023f7d72ae64498cd359,
2026-07-07 05:02:38.71+00,19.8,0ba3023f7d72ae64498cd359,
2026-07-07 05:00:13.734+00,19.7,0ba3023f7d72ae64498cd359,
2026-07-07 04:57:48.721+00,19.6,0ba3023f7d72ae64498cd359,
2026-07-07 04:55:23.711+00,19.6,0ba3023f7d72ae64498cd359,
2026-07-07 04:52:58.762+00,19.5,0ba3023f7d72ae64498cd359,
2026-07-07 04:50:33.697+00,19.5,0ba3023f7d72ae64498cd359,
2026-07-07 04:48:08.704+00,19.5,0ba3023f7d72ae64498cd359,
2026-07-07 04:45:47.426+00,19.5,0ba3023f7d72ae64498cd359,
2026-07-07 04:43:18.699+00,19.3,0ba3023f7d72ae64498cd359,
2026-07-07 04:40:53.699+00,19.3,0ba3023f7d72ae64498cd359,
2026-07-07 04:38:28.74+00,19.2,0ba3023f7d72ae64498cd359,
2026-07-07 04:36:03.724+00,19.2,0ba3023f7d72ae64498cd359,
2026-07-07 04:33:38.717+00,19.1,0ba3023f7d72ae64498cd359,
2026-07-07 04:31:16.011+00,19.1,0ba3023f7d72ae64498cd359,
2026-07-07 04:26:23.736+00,19,0ba3023f7d72ae64498cd359,
2026-07-07 04:23:58.741+00,18.9,0ba3023f7d72ae64498cd359,
2026-07-07 04:21:33.755+00,18.8,0ba3023f7d72ae64498cd359,
2026-07-07 04:19:08.718+00,18.8,0ba3023f7d72ae64498cd359,
2026-07-07 04:16:43.707+00,18.8,0ba3023f7d72ae64498cd359,
2026-07-07 04:14:18.711+00,18.7,0ba3023f7d72ae64498cd359,
2026-07-07 04:09:39.251+00,18.7,0ba3023f7d72ae64498cd359,
2026-07-07 04:07:03.767+00,18.6,0ba3023f7d72ae64498cd359,
2026-07-07 04:04:38.822+00,18.5,0ba3023f7d72ae64498cd359,
2026-07-07 04:02:13.73+00,18.5,0ba3023f7d72ae64498cd359,
2026-07-07 03:59:48.763+00,18.5,0ba3023f7d72ae64498cd359,
2026-07-07 03:57:24.321+00,18.4,0ba3023f7d72ae64498cd359,
2026-07-07 03:54:58.732+00,18.4,0ba3023f7d72ae64498cd359,
2026-07-07 03:52:33.963+00,18.4,0ba3023f7d72ae64498cd359,
2026-07-07 03:47:52.632+00,18.4,0ba3023f7d72ae64498cd359,
2026-07-07 03:45:18.739+00,18.3,0ba3023f7d72ae64498cd359,
2026-07-07 03:42:53.778+00,18.3,0ba3023f7d72ae64498cd359,
2026-07-07 03:40:28.73+00,18.2,0ba3023f7d72ae64498cd359,
2026-07-07 03:38:03.844+00,18.2,0ba3023f7d72ae64498cd359,
2026-07-07 03:35:38.758+00,18.1,0ba3023f7d72ae64498cd359,
2026-07-07 03:33:13.722+00,18,0ba3023f7d72ae64498cd359,
2026-07-07 03:28:29.099+00,18,0ba3023f7d72ae64498cd359,
2026-07-07 03:25:58.746+00,17.9,0ba3023f7d72ae64498cd359,
2026-07-07 03:23:33.775+00,17.8,0ba3023f7d72ae64498cd359,
2026-07-07 03:21:08.865+00,17.8,0ba3023f7d72ae64498cd359,
2026-07-07 03:18:43.668+00,17.8,0ba3023f7d72ae64498cd359,
2026-07-07 03:16:18.864+00,17.8,0ba3023f7d72ae64498cd359,
2026-07-07 03:13:56.235+00,17.8,0ba3023f7d72ae64498cd359,
2026-07-07 03:09:03.742+00,17.8,0ba3023f7d72ae64498cd359,
2026-07-07 03:06:38.777+00,17.9,0ba3023f7d72ae64498cd359,
2026-07-07 03:04:13.744+00,17.9,0ba3023f7d72ae64498cd359,
2026-07-07 03:01:48.727+00,18,0ba3023f7d72ae64498cd359,
2026-07-07 02:59:23.708+00,18,0ba3023f7d72ae64498cd359,
2026-07-07 02:56:58.744+00,18,0ba3023f7d72ae64498cd359,
2026-07-07 02:52:20.787+00,18,0ba3023f7d72ae64498cd359,
2026-07-07 02:49:43.744+00,18,0ba3023f7d72ae64498cd359,
2026-07-07 02:47:18.739+00,18,0ba3023f7d72ae64498cd359,
2026-07-07 02:44:53.787+00,18.1,0ba3023f7d72ae64498cd359,
2026-07-07 02:42:28.749+00,18,0ba3023f7d72ae64498cd359,
2026-07-07 02:40:03.779+00,18,0ba3023f7d72ae64498cd359,
2026-07-07 02:37:38.779+00,18,0ba3023f7d72ae64498cd359,
2026-07-07 02:35:13.772+00,18,0ba3023f7d72ae64498cd359,
2026-07-07 02:30:34.391+00,18,0ba3023f7d72ae64498cd359,
2026-07-07 02:27:58.76+00,18,0ba3023f7d72ae64498cd359,
2026-07-07 02:25:33.881+00,18,0ba3023f7d72ae64498cd359,
2026-07-07 02:23:08.786+00,18,0ba3023f7d72ae64498cd359,
2026-07-07 02:20:43.777+00,18,0ba3023f7d72ae64498cd359,
2026-07-07 02:18:18.902+00,18,0ba3023f7d72ae64498cd359,
2026-07-07 02:15:53.649+00,18,0ba3023f7d72ae64498cd359,
2026-07-07 02:13:28.665+00,18,0ba3023f7d72ae64498cd359,
2026-07-07 02:11:06.782+00,18,0ba3023f7d72ae64498cd359,
2026-07-07 02:08:38.645+00,18,0ba3023f7d72ae64498cd359,
2026-07-07 02:06:13.756+00,18,0ba3023f7d72ae64498cd359,
2026-07-07 02:03:48.685+00,18,0ba3023f7d72ae64498cd359,
2026-07-07 02:01:23.639+00,18,0ba3023f7d72ae64498cd359,
2026-07-07 01:58:58.647+00,17.9,0ba3023f7d72ae64498cd359,
2026-07-07 01:56:35.954+00,17.9,0ba3023f7d72ae64498cd359,
2026-07-07 01:51:43.626+00,18,0ba3023f7d72ae64498cd359,
2026-07-07 01:49:18.647+00,18,0ba3023f7d72ae64498cd359,
2026-07-07 01:46:53.652+00,18.1,0ba3023f7d72ae64498cd359,
2026-07-07 01:44:28.654+00,18.2,0ba3023f7d72ae64498cd359,
2026-07-07 01:42:03.654+00,18.2,0ba3023f7d72ae64498cd359,
2026-07-07 01:39:38.708+00,18.2,0ba3023f7d72ae64498cd359,
2026-07-07 01:34:58.954+00,18.2,0ba3023f7d72ae64498cd359,
2026-07-07 01:32:23.684+00,18.3,0ba3023f7d72ae64498cd359,
2026-07-07 01:29:58.643+00,18.3,0ba3023f7d72ae64498cd359,
2026-07-07 01:27:33.623+00,18.3,0ba3023f7d72ae64498cd359,
2026-07-07 01:25:08.683+00,18.3,0ba3023f7d72ae64498cd359,
2026-07-07 01:22:43.67+00,18.3,0ba3023f7d72ae64498cd359,
2026-07-07 01:20:18.638+00,18.3,0ba3023f7d72ae64498cd359,
2026-07-07 01:17:53.781+00,18.3,0ba3023f7d72ae64498cd359,
2026-07-07 01:15:31.27+00,18.3,0ba3023f7d72ae64498cd359,
2026-07-07 01:13:03.677+00,18.3,0ba3023f7d72ae64498cd359,
2026-07-07 01:10:38.704+00,18.3,0ba3023f7d72ae64498cd359,
2026-07-07 01:08:13.677+00,18.3,0ba3023f7d72ae64498cd359,
2026-07-07 01:05:48.619+00,18.3,0ba3023f7d72ae64498cd359,
2026-07-07 01:03:23.704+00,18.3,0ba3023f7d72ae64498cd359,
2026-07-07 01:00:58.683+00,18.4,0ba3023f7d72ae64498cd359,
2026-07-07 00:56:23.469+00,18.5,0ba3023f7d72ae64498cd359,
2026-07-07 00:53:43.656+00,18.5,0ba3023f7d72ae64498cd359,
2026-07-07 00:51:18.712+00,18.6,0ba3023f7d72ae64498cd359,
2026-07-07 00:48:53.693+00,18.7,0ba3023f7d72ae64498cd359,
2026-07-07 00:46:28.675+00,18.7,0ba3023f7d72ae64498cd359,
2026-07-07 00:44:03.76+00,18.8,0ba3023f7d72ae64498cd359,
2026-07-07 00:41:38.683+00,18.8,0ba3023f7d72ae64498cd359,
2026-07-07 00:36:55.654+00,18.9,0ba3023f7d72ae64498cd359,
2026-07-07 00:34:23.68+00,18.9,0ba3023f7d72ae64498cd359,
2026-07-07 00:31:58.665+00,19,0ba3023f7d72ae64498cd359,
2026-07-07 00:29:33.709+00,19,0ba3023f7d72ae64498cd359,
2026-07-07 00:27:08.676+00,19.1,0ba3023f7d72ae64498cd359,
2026-07-07 00:24:43.688+00,19.1,0ba3023f7d72ae64498cd359,
2026-07-07 00:22:20.991+00,19.1,0ba3023f7d72ae64498cd359,
2026-07-07 00:17:28.692+00,19.2,0ba3023f7d72ae64498cd359,
2026-07-07 00:15:03.67+00,19.3,0ba3023f7d72ae64498cd359,
2026-07-07 00:12:38.695+00,19.4,0ba3023f7d72ae64498cd359,
2026-07-07 00:10:13.722+00,19.4,0ba3023f7d72ae64498cd359,
2026-07-07 00:07:48.74+00,19.5,0ba3023f7d72ae64498cd359,
2026-07-07 00:05:23.686+00,19.6,0ba3023f7d72ae64498cd359,
2026-07-07 00:00:47.48+00,19.7,0ba3023f7d72ae64498cd359,
2026-07-06 23:58:08.695+00,19.7,0ba3023f7d72ae64498cd359,
2026-07-06 23:55:43.602+00,19.8,0ba3023f7d72ae64498cd359,
2026-07-06 23:53:18.699+00,19.9,0ba3023f7d72ae64498cd359,
2026-07-06 23:50:53.605+00,19.9,0ba3023f7d72ae64498cd359,
2026-07-06 23:48:28.735+00,19.9,0ba3023f7d72ae64498cd359,
2026-07-06 23:46:03.694+00,19.9,0ba3023f7d72ae64498cd359,
2026-07-06 23:41:20.18+00,19.9,0ba3023f7d72ae64498cd359,
2026-07-06 23:38:48.732+00,19.9,0ba3023f7d72ae64498cd359,
2026-07-06 23:36:23.596+00,19.9,0ba3023f7d72ae64498cd359,
2026-07-06 23:33:58.617+00,19.9,0ba3023f7d72ae64498cd359,
2026-07-06 23:31:33.602+00,19.9,0ba3023f7d72ae64498cd359,
2026-07-06 23:29:08.61+00,19.9,0ba3023f7d72ae64498cd359,
2026-07-06 23:26:43.616+00,19.9,0ba3023f7d72ae64498cd359,
2026-07-06 23:24:18.591+00,19.9,0ba3023f7d72ae64498cd359,
2026-07-06 23:21:53.611+00,19.9,0ba3023f7d72ae64498cd359,
2026-07-06 23:19:28.615+00,19.9,0ba3023f7d72ae64498cd359,
2026-07-06 23:17:03.586+00,19.9,0ba3023f7d72ae64498cd359,
2026-07-06 23:14:38.592+00,19.9,0ba3023f7d72ae64498cd359,
2026-07-06 23:12:13.779+00,19.9,0ba3023f7d72ae64498cd359,
2026-07-06 23:07:23.575+00,19.9,0ba3023f7d72ae64498cd359,
2026-07-06 23:04:58.583+00,20,0ba3023f7d72ae64498cd359,
2026-07-06 23:02:33.624+00,20,0ba3023f7d72ae64498cd359,
2026-07-06 23:00:08.6+00,20,0ba3023f7d72ae64498cd359,
2026-07-06 22:57:43.59+00,20,0ba3023f7d72ae64498cd359,
2026-07-06 22:55:18.651+00,20,0ba3023f7d72ae64498cd359,
2026-07-06 22:52:53.609+00,20,0ba3023f7d72ae64498cd359,
2026-07-06 22:50:28.578+00,20,0ba3023f7d72ae64498cd359,
2026-07-06 22:48:03.645+00,20,0ba3023f7d72ae64498cd359,
2026-07-06 22:45:38.573+00,20,0ba3023f7d72ae64498cd359,
2026-07-06 22:43:13.605+00,20,0ba3023f7d72ae64498cd359,
2026-07-06 22:40:48.625+00,20,0ba3023f7d72ae64498cd359,
2026-07-06 22:38:23.623+00,20,0ba3023f7d72ae64498cd359,
2026-07-06 22:35:58.609+00,19.9,0ba3023f7d72ae64498cd359,
2026-07-06 22:33:33.663+00,20,0ba3023f7d72ae64498cd359,
2026-07-06 22:31:08.612+00,20,0ba3023f7d72ae64498cd359,
2026-07-06 22:28:43.713+00,20,0ba3023f7d72ae64498cd359,
2026-07-06 22:26:18.641+00,20,0ba3023f7d72ae64498cd359,
2026-07-06 22:23:53.622+00,20,0ba3023f7d72ae64498cd359,
2026-07-06 22:21:28.6+00,20,0ba3023f7d72ae64498cd359,
2026-07-06 22:19:03.663+00,20,0ba3023f7d72ae64498cd359,
2026-07-06 22:16:38.602+00,20,0ba3023f7d72ae64498cd359,
2026-07-06 22:14:13.621+00,20,0ba3023f7d72ae64498cd359,
2026-07-06 22:11:48.641+00,20,0ba3023f7d72ae64498cd359,
2026-07-06 22:09:23.75+00,20,0ba3023f7d72ae64498cd359,
2026-07-06 22:06:58.631+00,20,0ba3023f7d72ae64498cd359,
2026-07-06 22:04:33.787+00,20,0ba3023f7d72ae64498cd359,
2026-07-06 21:59:43.616+00,20,0ba3023f7d72ae64498cd359,
2026-07-06 21:57:18.635+00,20,0ba3023f7d72ae64498cd359,
2026-07-06 21:54:53.617+00,20.1,0ba3023f7d72ae64498cd359,
2026-07-06 21:52:28.613+00,20.1,0ba3023f7d72ae64498cd359,
2026-07-06 21:50:03.644+00,20.1,0ba3023f7d72ae64498cd359,
2026-07-06 21:47:38.604+00,20.1,0ba3023f7d72ae64498cd359,
2026-07-06 21:45:13.617+00,20.1,0ba3023f7d72ae64498cd359,
2026-07-06 21:42:48.652+00,20.1,0ba3023f7d72ae64498cd359,
2026-07-06 21:40:23.632+00,20.1,0ba3023f7d72ae64498cd359,
2026-07-06 21:37:58.622+00,20.1,0ba3023f7d72ae64498cd359,
2026-07-06 21:35:33.571+00,20.1,0ba3023f7d72ae64498cd359,
2026-07-06 21:33:08.62+00,20.1,0ba3023f7d72ae64498cd359,
2026-07-06 21:30:43.623+00,20.1,0ba3023f7d72ae64498cd359,
2026-07-06 21:28:18.677+00,20.2,0ba3023f7d72ae64498cd359,
2026-07-06 21:25:53.599+00,20.2,0ba3023f7d72ae64498cd359,
2026-07-06 21:23:28.63+00,20.2,0ba3023f7d72ae64498cd359,
2026-07-06 21:21:03.668+00,20.2,0ba3023f7d72ae64498cd359,
2026-07-06 21:18:38.641+00,20.2,0ba3023f7d72ae64498cd359,
2026-07-06 21:16:13.629+00,20.1,0ba3023f7d72ae64498cd359,
2026-07-06 21:13:48.676+00,20.1,0ba3023f7d72ae64498cd359,
2026-07-06 21:11:23.649+00,20.1,0ba3023f7d72ae64498cd359,
2026-07-06 21:08:58.619+00,20,0ba3023f7d72ae64498cd359,
2026-07-06 21:06:33.718+00,20,0ba3023f7d72ae64498cd359,
2026-07-06 21:04:08.639+00,20,0ba3023f7d72ae64498cd359,
2026-07-06 21:01:43.557+00,19.9,0ba3023f7d72ae64498cd359,
2026-07-06 20:59:18.584+00,19.9,0ba3023f7d72ae64498cd359,
2026-07-06 20:56:53.542+00,19.9,0ba3023f7d72ae64498cd359,
2026-07-06 20:54:28.558+00,19.9,0ba3023f7d72ae64498cd359,
2026-07-06 20:52:03.577+00,19.9,0ba3023f7d72ae64498cd359,
2026-07-06 20:49:38.651+00,19.9,0ba3023f7d72ae64498cd359,
2026-07-06 20:47:13.527+00,19.8,0ba3023f7d72ae64498cd359,
2026-07-06 20:44:48.573+00,19.8,0ba3023f7d72ae64498cd359,
2026-07-06 20:42:23.539+00,19.8,0ba3023f7d72ae64498cd359,
2026-07-06 20:40:01.701+00,19.8,0ba3023f7d72ae64498cd359,
2026-07-06 20:37:33.694+00,19.8,0ba3023f7d72ae64498cd359,
2026-07-06 20:35:08.526+00,19.7,0ba3023f7d72ae64498cd359,
2026-07-06 20:32:43.539+00,19.7,0ba3023f7d72ae64498cd359,
2026-07-06 20:30:18.578+00,19.7,0ba3023f7d72ae64498cd359,
2026-07-06 20:27:53.535+00,19.7,0ba3023f7d72ae64498cd359,
2026-07-06 20:25:28.525+00,19.7,0ba3023f7d72ae64498cd359,
2026-07-06 20:23:03.56+00,19.7,0ba3023f7d72ae64498cd359,
2026-07-06 20:20:38.528+00,19.8,0ba3023f7d72ae64498cd359,
2026-07-06 20:18:13.547+00,19.8,0ba3023f7d72ae64498cd359,
2026-07-06 20:15:48.567+00,19.8,0ba3023f7d72ae64498cd359,
2026-07-06 20:13:23.529+00,19.8,0ba3023f7d72ae64498cd359,
2026-07-06 20:10:58.507+00,19.8,0ba3023f7d72ae64498cd359,
2026-07-06 20:08:33.606+00,19.8,0ba3023f7d72ae64498cd359,
2026-07-06 20:06:08.519+00,19.8,0ba3023f7d72ae64498cd359,
2026-07-06 20:03:43.7+00,19.7,0ba3023f7d72ae64498cd359,
2026-07-06 20:01:18.59+00,19.7,0ba3023f7d72ae64498cd359,
2026-07-06 19:58:53.618+00,19.7,0ba3023f7d72ae64498cd359,
2026-07-06 19:56:28.561+00,19.7,0ba3023f7d72ae64498cd359,
2026-07-06 19:54:03.569+00,19.7,0ba3023f7d72ae64498cd359,
2026-07-06 19:51:38.559+00,19.8,0ba3023f7d72ae64498cd359,
2026-07-06 19:49:13.578+00,19.8,0ba3023f7d72ae64498cd359,
2026-07-06 19:46:48.576+00,19.8,0ba3023f7d72ae64498cd359,
2026-07-06 19:44:23.535+00,19.8,0ba3023f7d72ae64498cd359,
2026-07-06 19:41:58.698+00,19.8,0ba3023f7d72ae64498cd359,
2026-07-06 19:39:34.627+00,19.8,0ba3023f7d72ae64498cd359,
2026-07-06 19:37:08.549+00,19.8,0ba3023f7d72ae64498cd359,
2026-07-06 19:34:43.553+00,19.8,0ba3023f7d72ae64498cd359,
2026-07-06 19:32:18.585+00,19.9,0ba3023f7d72ae64498cd359,
2026-07-06 19:29:53.569+00,19.9,0ba3023f7d72ae64498cd359,
2026-07-06 19:27:28.571+00,19.9,0ba3023f7d72ae64498cd359,
2026-07-06 19:25:03.594+00,19.9,0ba3023f7d72ae64498cd359,
2026-07-06 19:22:38.561+00,19.8,0ba3023f7d72ae64498cd359,
2026-07-06 19:20:13.578+00,19.8,0ba3023f7d72ae64498cd359,
2026-07-06 19:17:48.6+00,19.8,0ba3023f7d72ae64498cd359,
2026-07-06 19:15:23.567+00,19.8,0ba3023f7d72ae64498cd359,
2026-07-06 19:12:58.551+00,19.8,0ba3023f7d72ae64498cd359,
2026-07-06 19:10:33.623+00,19.8,0ba3023f7d72ae64498cd359,
2026-07-06 19:08:08.564+00,19.8,0ba3023f7d72ae64498cd359,
2026-07-06 19:05:43.568+00,19.8,0ba3023f7d72ae64498cd359,
2026-07-06 19:03:18.628+00,19.9,0ba3023f7d72ae64498cd359,
2026-07-06 19:00:53.558+00,20,0ba3023f7d72ae64498cd359,
2026-07-06 18:58:28.55+00,20,0ba3023f7d72ae64498cd359,
2026-07-06 18:56:03.542+00,20.1,0ba3023f7d72ae64498cd359,
2026-07-06 18:53:38.561+00,20.2,0ba3023f7d72ae64498cd359,
2026-07-06 18:51:13.504+00,20.2,0ba3023f7d72ae64498cd359,
2026-07-06 18:48:48.601+00,20.2,0ba3023f7d72ae64498cd359,
2026-07-06 18:46:23.576+00,20.2,0ba3023f7d72ae64498cd359,
2026-07-06 18:43:58.556+00,20.2,0ba3023f7d72ae64498cd359,
2026-07-06 18:41:33.601+00,20.2,0ba3023f7d72ae64498cd359,
2026-07-06 18:39:08.584+00,20.2,0ba3023f7d72ae64498cd359,
2026-07-06 18:36:43.573+00,20.1,0ba3023f7d72ae64498cd359,
2026-07-06 18:34:18.603+00,20.1,0ba3023f7d72ae64498cd359,
2026-07-06 18:31:53.49+00,20.1,0ba3023f7d72ae64498cd359,
2026-07-06 18:29:28.483+00,20,0ba3023f7d72ae64498cd359,
2026-07-06 18:27:03.554+00,20,0ba3023f7d72ae64498cd359,
2026-07-06 18:24:38.488+00,20,0ba3023f7d72ae64498cd359,
2026-07-06 18:22:13.499+00,19.9,0ba3023f7d72ae64498cd359,
2026-07-06 18:19:48.516+00,19.9,0ba3023f7d72ae64498cd359,
2026-07-06 18:17:23.539+00,19.9,0ba3023f7d72ae64498cd359,
2026-07-06 18:14:58.472+00,19.9,0ba3023f7d72ae64498cd359,
2026-07-06 18:12:33.535+00,19.8,0ba3023f7d72ae64498cd359,
2026-07-06 18:10:08.481+00,70.5,0ba3023f7d72ae64498cd359,
2026-07-06 18:05:24.944+00,19.8,0ba3023f7d72ae64498cd359,
2026-07-06 18:02:53.491+00,19.7,0ba3023f7d72ae64498cd359,
2026-07-06 18:00:28.485+00,19.7,0ba3023f7d72ae64498cd359,
2026-07-06 17:58:03.733+00,19.7,0ba3023f7d72ae64498cd359,
2026-07-06 17:55:38.584+00,19.7,0ba3023f7d72ae64498cd359,
2026-07-06 17:53:13.583+00,19.6,0ba3023f7d72ae64498cd359,
2026-07-06 17:50:48.688+00,19.6,0ba3023f7d72ae64498cd359,
2026-07-06 17:48:23.708+00,19.6,0ba3023f7d72ae64498cd359,
2026-07-06 17:45:58.491+00,19.5,0ba3023f7d72ae64498cd359,
2026-07-06 17:43:33.621+00,19.5,0ba3023f7d72ae64498cd359,
2026-07-06 17:41:08.59+00,19.5,0ba3023f7d72ae64498cd359,
2026-07-06 17:38:43.48+00,19.4,0ba3023f7d72ae64498cd359,
2026-07-06 17:36:18.523+00,19.5,0ba3023f7d72ae64498cd359,
2026-07-06 17:33:53.475+00,19.5,0ba3023f7d72ae64498cd359,
2026-07-06 17:31:28.488+00,19.5,0ba3023f7d72ae64498cd359,
2026-07-06 17:29:03.511+00,19.5,0ba3023f7d72ae64498cd359,
2026-07-06 17:26:38.505+00,19.5,0ba3023f7d72ae64498cd359,
2026-07-06 17:24:13.485+00,19.6,0ba3023f7d72ae64498cd359,
2026-07-06 17:21:48.529+00,19.6,0ba3023f7d72ae64498cd359,
2026-07-06 17:19:23.486+00,19.7,0ba3023f7d72ae64498cd359,
2026-07-06 17:16:58.527+00,19.7,0ba3023f7d72ae64498cd359,
2026-07-06 17:14:33.555+00,19.7,0ba3023f7d72ae64498cd359,
2026-07-06 17:12:08.49+00,19.7,0ba3023f7d72ae64498cd359,
2026-07-06 17:09:43.506+00,19.7,0ba3023f7d72ae64498cd359,
2026-07-06 17:07:18.55+00,19.7,0ba3023f7d72ae64498cd359,
2026-07-06 17:04:53.493+00,19.7,0ba3023f7d72ae64498cd359,
2026-07-06 17:00:10.048+00,19.7,0ba3023f7d72ae64498cd359,
2026-07-06 16:57:38.504+00,19.6,0ba3023f7d72ae64498cd359,
2026-07-06 16:55:13.517+00,19.7,0ba3023f7d72ae64498cd359,
2026-07-06 16:52:48.544+00,19.8,0ba3023f7d72ae64498cd359,
2026-07-06 16:50:23.49+00,19.9,0ba3023f7d72ae64498cd359,
2026-07-06 16:47:58.494+00,20,0ba3023f7d72ae64498cd359,
2026-07-06 16:45:33.547+00,20.1,0ba3023f7d72ae64498cd359,
2026-07-06 16:43:08.493+00,20.2,0ba3023f7d72ae64498cd359,
2026-07-06 16:40:43.499+00,20.3,0ba3023f7d72ae64498cd359,
2026-07-06 16:38:18.517+00,20.3,0ba3023f7d72ae64498cd359,
2026-07-06 16:35:53.507+00,20.4,0ba3023f7d72ae64498cd359,
2026-07-06 16:33:28.614+00,20.5,0ba3023f7d72ae64498cd359,
2026-07-06 16:31:03.534+00,20.5,0ba3023f7d72ae64498cd359,
2026-07-06 16:28:38.515+00,20.5,0ba3023f7d72ae64498cd359,
2026-07-06 16:26:13.526+00,20.5,0ba3023f7d72ae64498cd359,
2026-07-06 16:23:48.609+00,20.5,0ba3023f7d72ae64498cd359,
2026-07-06 16:21:23.503+00,20.6,0ba3023f7d72ae64498cd359,
2026-07-06 16:18:58.514+00,20.6,0ba3023f7d72ae64498cd359,
2026-07-06 16:16:33.473+00,20.7,0ba3023f7d72ae64498cd359,
2026-07-06 16:14:08.5+00,20.7,0ba3023f7d72ae64498cd359,
2026-07-06 16:11:43.446+00,20.6,0ba3023f7d72ae64498cd359,
2026-07-06 16:09:18.527+00,20.6,0ba3023f7d72ae64498cd359,
2026-07-06 16:06:53.455+00,20.6,0ba3023f7d72ae64498cd359,
2026-07-06 16:04:28.516+00,20.6,0ba3023f7d72ae64498cd359,
2026-07-06 16:02:03.541+00,20.6,0ba3023f7d72ae64498cd359,
2026-07-06 15:59:38.473+00,20.6,0ba3023f7d72ae64498cd359,
2026-07-06 15:57:13.455+00,20.6,0ba3023f7d72ae64498cd359,
2026-07-06 15:54:48.481+00,20.6,0ba3023f7d72ae64498cd359,
2026-07-06 15:52:23.437+00,20.6,0ba3023f7d72ae64498cd359,
2026-07-06 15:49:58.748+00,20.6,0ba3023f7d72ae64498cd359,
2026-07-06 15:47:34.562+00,20.7,0ba3023f7d72ae64498cd359,
2026-07-06 15:45:08.44+00,20.8,0ba3023f7d72ae64498cd359,
2026-07-06 15:42:43.489+00,20.9,0ba3023f7d72ae64498cd359,
2026-07-06 15:40:18.462+00,20.9,0ba3023f7d72ae64498cd359,
2026-07-06 15:37:53.446+00,20.9,0ba3023f7d72ae64498cd359,
2026-07-06 15:35:28.443+00,20.9,0ba3023f7d72ae64498cd359,
2026-07-06 15:33:03.482+00,21,0ba3023f7d72ae64498cd359,
2026-07-06 15:30:38.43+00,21,0ba3023f7d72ae64498cd359,
2026-07-06 15:28:13.44+00,21,0ba3023f7d72ae64498cd359,
2026-07-06 15:25:48.59+00,21,0ba3023f7d72ae64498cd359,
2026-07-06 15:23:23.533+00,21.1,0ba3023f7d72ae64498cd359,
2026-07-06 15:20:58.505+00,21.1,0ba3023f7d72ae64498cd359,
2026-07-06 15:18:33.556+00,21,0ba3023f7d72ae64498cd359,
2026-07-06 15:16:08.585+00,20.9,0ba3023f7d72ae64498cd359,
2026-07-06 15:13:43.55+00,20.8,0ba3023f7d72ae64498cd359,
2026-07-06 15:11:18.54+00,20.8,0ba3023f7d72ae64498cd359,
2026-07-06 15:08:53.453+00,20.8,0ba3023f7d72ae64498cd359,
2026-07-06 15:06:28.514+00,20.8,0ba3023f7d72ae64498cd359,
2026-07-06 15:04:03.57+00,20.8,0ba3023f7d72ae64498cd359,
2026-07-06 15:01:38.557+00,20.8,0ba3023f7d72ae64498cd359,
2026-07-06 14:59:13.515+00,20.8,0ba3023f7d72ae64498cd359,
2026-07-06 14:56:48.445+00,20.8,0ba3023f7d72ae64498cd359,
2026-07-06 14:54:23.534+00,20.8,0ba3023f7d72ae64498cd359,
2026-07-06 14:51:58.531+00,20.8,0ba3023f7d72ae64498cd359,
2026-07-06 14:49:33.456+00,20.8,0ba3023f7d72ae64498cd359,
2026-07-06 14:47:08.416+00,20.8,0ba3023f7d72ae64498cd359,
2026-07-06 14:44:43.445+00,20.9,0ba3023f7d72ae64498cd359,
2026-07-06 14:42:18.479+00,20.9,0ba3023f7d72ae64498cd359,
2026-07-06 14:39:53.398+00,21,0ba3023f7d72ae64498cd359,
2026-07-06 14:37:28.425+00,21,0ba3023f7d72ae64498cd359,
2026-07-06 14:35:05.796+00,21,0ba3023f7d72ae64498cd359,
2026-07-06 14:30:13.453+00,21,0ba3023f7d72ae64498cd359,
2026-07-06 14:27:48.45+00,21,0ba3023f7d72ae64498cd359,
2026-07-06 14:25:23.459+00,21,0ba3023f7d72ae64498cd359,
2026-07-06 14:22:58.445+00,20.9,0ba3023f7d72ae64498cd359,
2026-07-06 14:20:33.465+00,20.9,0ba3023f7d72ae64498cd359,
2026-07-06 14:18:08.496+00,20.9,0ba3023f7d72ae64498cd359,
2026-07-06 14:15:43.465+00,20.9,0ba3023f7d72ae64498cd359,
2026-07-06 14:13:18.402+00,20.9,0ba3023f7d72ae64498cd359,
2026-07-06 14:10:53.424+00,20.8,0ba3023f7d72ae64498cd359,
2026-07-06 14:08:28.446+00,20.9,0ba3023f7d72ae64498cd359,
2026-07-06 14:06:03.43+00,20.9,0ba3023f7d72ae64498cd359,
2026-07-06 14:03:38.467+00,20.9,0ba3023f7d72ae64498cd359,
2026-07-06 14:01:13.442+00,20.9,0ba3023f7d72ae64498cd359,
2026-07-06 13:58:48.489+00,20.9,0ba3023f7d72ae64498cd359,
2026-07-06 13:56:23.492+00,20.9,0ba3023f7d72ae64498cd359,
2026-07-06 13:53:58.428+00,20.9,0ba3023f7d72ae64498cd359,
2026-07-06 13:51:33.461+00,20.9,0ba3023f7d72ae64498cd359,
2026-07-06 13:49:08.482+00,20.9,0ba3023f7d72ae64498cd359,
2026-07-06 13:46:43.448+00,20.8,0ba3023f7d72ae64498cd359,
2026-07-06 13:44:18.444+00,20.8,0ba3023f7d72ae64498cd359,
2026-07-06 13:41:53.416+00,20.8,0ba3023f7d72ae64498cd359,
2026-07-06 13:39:28.428+00,20.9,0ba3023f7d72ae64498cd359,
2026-07-06 13:37:03.461+00,20.9,0ba3023f7d72ae64498cd359,
2026-07-06 13:34:38.455+00,20.9,0ba3023f7d72ae64498cd359,
2026-07-06 13:29:56.702+00,20.9,0ba3023f7d72ae64498cd359,
2026-07-06 13:27:23.479+00,20.9,0ba3023f7d72ae64498cd359,
2026-07-06 13:24:58.376+00,21,0ba3023f7d72ae64498cd359,
2026-07-06 13:22:33.445+00,21,0ba3023f7d72ae64498cd359,
2026-07-06 13:20:08.486+00,21.1,0ba3023f7d72ae64498cd359,
2026-07-06 13:17:43.365+00,21,0ba3023f7d72ae64498cd359,
2026-07-06 13:15:18.992+00,21,0ba3023f7d72ae64498cd359,
2026-07-06 13:12:53.47+00,20.9,0ba3023f7d72ae64498cd359,
2026-07-06 13:10:28.39+00,20.9,0ba3023f7d72ae64498cd359,
2026-07-06 13:08:03.362+00,20.8,0ba3023f7d72ae64498cd359,
2026-07-06 13:05:38.41+00,20.6,0ba3023f7d72ae64498cd359,
2026-07-06 13:03:13.449+00,20.4,0ba3023f7d72ae64498cd359,
2026-07-06 13:00:48.465+00,20.2,0ba3023f7d72ae64498cd359,
2026-07-06 12:58:23.5+00,20,0ba3023f7d72ae64498cd359,
2026-07-06 12:55:58.432+00,19.8,0ba3023f7d72ae64498cd359,
2026-07-06 12:53:33.45+00,19.7,0ba3023f7d72ae64498cd359,
2026-07-06 12:51:08.591+00,19.5,0ba3023f7d72ae64498cd359,
2026-07-06 12:48:43.507+00,19.3,0ba3023f7d72ae64498cd359,
2026-07-06 12:46:18.453+00,19.2,0ba3023f7d72ae64498cd359,
2026-07-06 12:43:53.481+00,19,0ba3023f7d72ae64498cd359,
2026-07-06 12:41:28.446+00,18.9,0ba3023f7d72ae64498cd359,
2026-07-06 12:39:03.461+00,18.9,0ba3023f7d72ae64498cd359,
2026-07-06 12:36:38.67+00,18.7,0ba3023f7d72ae64498cd359,
2026-07-06 12:34:13.479+00,18.6,0ba3023f7d72ae64498cd359,
2026-07-06 12:31:48.452+00,18.6,0ba3023f7d72ae64498cd359,
2026-07-06 12:29:23.485+00,18.6,0ba3023f7d72ae64498cd359,
2026-07-06 12:26:58.46+00,18.5,0ba3023f7d72ae64498cd359,
2026-07-06 12:24:33.472+00,18.5,0ba3023f7d72ae64498cd359,
2026-07-06 12:22:08.496+00,18.5,0ba3023f7d72ae64498cd359,
2026-07-06 12:19:43.457+00,18.4,0ba3023f7d72ae64498cd359,
2026-07-06 12:17:18.367+00,18.4,0ba3023f7d72ae64498cd359,
2026-07-06 12:14:53.394+00,18.4,0ba3023f7d72ae64498cd359,
2026-07-06 12:10:12.077+00,18.5,0ba3023f7d72ae64498cd359,
2026-07-06 12:07:38.411+00,18.7,0ba3023f7d72ae64498cd359,
2026-07-06 12:05:13.38+00,19,0ba3023f7d72ae64498cd359,
2026-07-06 12:02:48.362+00,19.2,0ba3023f7d72ae64498cd359,
2026-07-06 12:00:23.384+00,19.4,0ba3023f7d72ae64498cd359,
2026-07-06 11:57:58.514+00,19.4,0ba3023f7d72ae64498cd359,
2026-07-06 11:55:33.38+00,19.4,0ba3023f7d72ae64498cd359,
2026-07-06 11:53:08.39+00,19.5,0ba3023f7d72ae64498cd359,
2026-07-06 11:50:43.361+00,19.5,0ba3023f7d72ae64498cd359,
2026-07-06 11:48:18.37+00,19.5,0ba3023f7d72ae64498cd359,
2026-07-06 11:45:53.399+00,19.4,0ba3023f7d72ae64498cd359,
2026-07-06 11:43:28.474+00,19.4,0ba3023f7d72ae64498cd359,
2026-07-06 11:41:03.362+00,19.4,0ba3023f7d72ae64498cd359,
2026-07-06 11:38:38.404+00,19.5,0ba3023f7d72ae64498cd359,
2026-07-06 11:36:13.376+00,19.6,0ba3023f7d72ae64498cd359,
2026-07-06 11:33:48.388+00,19.7,0ba3023f7d72ae64498cd359,
2026-07-06 11:31:23.398+00,19.8,0ba3023f7d72ae64498cd359,
2026-07-06 11:28:58.384+00,20,0ba3023f7d72ae64498cd359,
2026-07-06 11:26:33.411+00,20.2,0ba3023f7d72ae64498cd359,
2026-07-06 11:24:08.409+00,20.4,0ba3023f7d72ae64498cd359,
2026-07-06 11:21:43.372+00,20.6,0ba3023f7d72ae64498cd359,
2026-07-06 11:19:18.402+00,20.8,0ba3023f7d72ae64498cd359,
2026-07-06 11:16:53.403+00,20.9,0ba3023f7d72ae64498cd359,
2026-07-06 11:14:28.376+00,21.1,0ba3023f7d72ae64498cd359,
2026-07-06 11:12:03.372+00,21.3,0ba3023f7d72ae64498cd359,
2026-07-06 11:09:38.406+00,21.3,0ba3023f7d72ae64498cd359,
2026-07-06 11:07:15.889+00,21.3,0ba3023f7d72ae64498cd359,
2026-07-06 11:04:48.384+00,21.8,0ba3023f7d72ae64498cd359,
2026-07-06 11:02:23.366+00,21.9,0ba3023f7d72ae64498cd359,
2026-07-06 10:59:58.38+00,22.2,0ba3023f7d72ae64498cd359,
2026-07-06 10:57:33.497+00,22.5,0ba3023f7d72ae64498cd359,
2026-07-06 10:55:08.404+00,22.8,0ba3023f7d72ae64498cd359,
2026-07-06 10:52:43.393+00,22.8,0ba3023f7d72ae64498cd359,
2026-07-06 10:50:18.361+00,22.8,0ba3023f7d72ae64498cd359,
2026-07-06 10:47:53.328+00,22.9,0ba3023f7d72ae64498cd359,
2026-07-06 10:45:28.314+00,22.9,0ba3023f7d72ae64498cd359,
2026-07-06 10:43:03.304+00,22.8,0ba3023f7d72ae64498cd359,
2026-07-06 10:40:38.346+00,22.8,0ba3023f7d72ae64498cd359,
2026-07-06 10:38:13.307+00,22.8,0ba3023f7d72ae64498cd359,
2026-07-06 10:35:48.308+00,22.9,0ba3023f7d72ae64498cd359,
2026-07-06 10:33:23.331+00,23,0ba3023f7d72ae64498cd359,
2026-07-06 10:30:58.319+00,23,0ba3023f7d72ae64498cd359,
2026-07-06 10:28:33.311+00,23,0ba3023f7d72ae64498cd359,
2026-07-06 10:26:08.353+00,23.2,0ba3023f7d72ae64498cd359,
2026-07-06 10:23:43.463+00,23.4,0ba3023f7d72ae64498cd359,
2026-07-06 10:21:18.305+00,23.6,0ba3023f7d72ae64498cd359,
2026-07-06 10:18:53.469+00,23.6,0ba3023f7d72ae64498cd359,
2026-07-06 10:16:28.285+00,23.7,0ba3023f7d72ae64498cd359,
2026-07-06 10:14:03.315+00,23.6,0ba3023f7d72ae64498cd359,
2026-07-06 10:11:38.43+00,23.6,0ba3023f7d72ae64498cd359,
2026-07-06 10:09:13.382+00,23.5,0ba3023f7d72ae64498cd359,
2026-07-06 10:06:48.417+00,23.6,0ba3023f7d72ae64498cd359,
2026-07-06 10:04:23.447+00,23.7,0ba3023f7d72ae64498cd359,
2026-07-06 10:01:58.405+00,23.7,0ba3023f7d72ae64498cd359,
2026-07-06 09:59:33.398+00,23.7,0ba3023f7d72ae64498cd359,
2026-07-06 09:57:08.446+00,23.7,0ba3023f7d72ae64498cd359,
2026-07-06 09:54:43.389+00,23.6,0ba3023f7d72ae64498cd359,
2026-07-06 09:52:18.392+00,23.6,0ba3023f7d72ae64498cd359,
2026-07-06 09:49:53.328+00,23.4,0ba3023f7d72ae64498cd359,
2026-07-06 09:47:28.385+00,23.3,0ba3023f7d72ae64498cd359,
2026-07-06 09:45:03.393+00,23.4,0ba3023f7d72ae64498cd359,
2026-07-06 09:42:38.561+00,23.4,0ba3023f7d72ae64498cd359,
2026-07-06 09:40:16.847+00,23.5,0ba3023f7d72ae64498cd359,
2026-07-06 09:37:48.42+00,23.7,0ba3023f7d72ae64498cd359,
2026-07-06 09:35:23.339+00,23.8,0ba3023f7d72ae64498cd359,
2026-07-06 09:32:58.327+00,23.7,0ba3023f7d72ae64498cd359,
2026-07-06 09:30:33.297+00,23.7,0ba3023f7d72ae64498cd359,
2026-07-06 09:28:08.344+00,23.8,0ba3023f7d72ae64498cd359,
2026-07-06 09:25:43.299+00,23.8,0ba3023f7d72ae64498cd359,
2026-07-06 09:23:18.321+00,24,0ba3023f7d72ae64498cd359,
2026-07-06 09:20:53.33+00,24.2,0ba3023f7d72ae64498cd359,
2026-07-06 09:18:28.297+00,24.5,0ba3023f7d72ae64498cd359,
2026-07-06 09:16:03.303+00,24.8,0ba3023f7d72ae64498cd359,
2026-07-06 09:13:38.308+00,25.1,0ba3023f7d72ae64498cd359,
2026-07-06 09:11:13.315+00,25.3,0ba3023f7d72ae64498cd359,
2026-07-06 09:08:48.37+00,25.3,0ba3023f7d72ae64498cd359,
2026-07-06 09:06:23.329+00,25.2,0ba3023f7d72ae64498cd359,
2026-07-06 09:03:58.317+00,25,0ba3023f7d72ae64498cd359,
2026-07-06 09:01:33.302+00,24.8,0ba3023f7d72ae64498cd359,
2026-07-06 08:59:08.325+00,24.6,0ba3023f7d72ae64498cd359,
2026-07-06 08:56:43.306+00,24.3,0ba3023f7d72ae64498cd359,
2026-07-06 08:54:18.317+00,23.9,0ba3023f7d72ae64498cd359,
2026-07-06 08:51:53.337+00,23.7,0ba3023f7d72ae64498cd359,
2026-07-06 08:49:28.317+00,23.6,0ba3023f7d72ae64498cd359,
2026-07-06 08:47:03.302+00,23.6,0ba3023f7d72ae64498cd359,
2026-07-06 08:44:38.305+00,23.8,0ba3023f7d72ae64498cd359,
2026-07-06 08:39:54.274+00,23.9,0ba3023f7d72ae64498cd359,
2026-07-06 08:37:23.262+00,24,0ba3023f7d72ae64498cd359,
2026-07-06 08:34:58.317+00,24,0ba3023f7d72ae64498cd359,
2026-07-06 08:32:33.28+00,24.1,0ba3023f7d72ae64498cd359,
2026-07-06 08:30:08.257+00,24.2,0ba3023f7d72ae64498cd359,
2026-07-06 08:27:43.355+00,24.2,0ba3023f7d72ae64498cd359,
2026-07-06 08:25:18.347+00,24.1,0ba3023f7d72ae64498cd359,
2026-07-06 08:22:53.341+00,24,0ba3023f7d72ae64498cd359,
2026-07-06 08:20:28.378+00,23.8,0ba3023f7d72ae64498cd359,
2026-07-06 08:18:03.326+00,23.7,0ba3023f7d72ae64498cd359,
2026-07-06 08:15:38.346+00,23.6,0ba3023f7d72ae64498cd359,
2026-07-06 08:13:13.367+00,23.6,0ba3023f7d72ae64498cd359,
2026-07-06 08:10:48.258+00,23.5,0ba3023f7d72ae64498cd359,
2026-07-06 08:08:23.253+00,23.5,0ba3023f7d72ae64498cd359,
2026-07-06 08:05:58.38+00,23.3,0ba3023f7d72ae64498cd359,
2026-07-06 08:03:33.414+00,23.3,0ba3023f7d72ae64498cd359,
2026-07-06 08:01:08.27+00,23.6,0ba3023f7d72ae64498cd359,
2026-07-06 07:58:43.32+00,23.9,0ba3023f7d72ae64498cd359,
2026-07-06 07:56:18.247+00,24.1,0ba3023f7d72ae64498cd359,
2026-07-06 07:53:53.256+00,24.2,0ba3023f7d72ae64498cd359,
2026-07-06 07:51:28.273+00,24.2,0ba3023f7d72ae64498cd359,
2026-07-06 07:49:03.259+00,23.9,0ba3023f7d72ae64498cd359,
2026-07-06 07:46:38.327+00,23.4,0ba3023f7d72ae64498cd359,
2026-07-06 07:44:13.278+00,23,0ba3023f7d72ae64498cd359,
2026-07-06 07:41:48.258+00,22.5,0ba3023f7d72ae64498cd359,
2026-07-06 07:39:23.352+00,21.9,0ba3023f7d72ae64498cd359,
2026-07-06 07:36:58.31+00,21.2,0ba3023f7d72ae64498cd359,
2026-07-06 07:34:33.324+00,20.8,0ba3023f7d72ae64498cd359,
2026-07-06 07:32:08.33+00,20.7,0ba3023f7d72ae64498cd359,
2026-07-06 07:29:43.393+00,20.6,0ba3023f7d72ae64498cd359,
2026-07-06 07:27:18.352+00,20.5,0ba3023f7d72ae64498cd359,
2026-07-06 07:22:39.07+00,20.3,0ba3023f7d72ae64498cd359,
2026-07-06 07:20:03.334+00,20.1,0ba3023f7d72ae64498cd359,
2026-07-06 07:17:38.376+00,19.9,0ba3023f7d72ae64498cd359,
2026-07-06 07:15:13.34+00,19.6,0ba3023f7d72ae64498cd359,
2026-07-06 07:12:48.36+00,19.5,0ba3023f7d72ae64498cd359,
2026-07-06 07:10:23.368+00,19.5,0ba3023f7d72ae64498cd359,
2026-07-06 07:07:58.227+00,19.4,0ba3023f7d72ae64498cd359,
2026-07-06 07:05:33.334+00,19.4,0ba3023f7d72ae64498cd359,
2026-07-06 07:03:08.368+00,19.4,0ba3023f7d72ae64498cd359,
2026-07-06 07:00:45.427+00,19.4,0ba3023f7d72ae64498cd359,
2026-07-06 06:58:18.248+00,19.4,0ba3023f7d72ae64498cd359,
2026-07-06 06:55:53.285+00,19.4,0ba3023f7d72ae64498cd359,
2026-07-06 06:53:28.255+00,19.4,0ba3023f7d72ae64498cd359,
2026-07-06 06:51:03.233+00,19.3,0ba3023f7d72ae64498cd359,
2026-07-06 06:48:38.265+00,19.2,0ba3023f7d72ae64498cd359,
2026-07-06 06:46:13.257+00,19.1,0ba3023f7d72ae64498cd359,
2026-07-06 06:43:48.334+00,19.1,0ba3023f7d72ae64498cd359,
2026-07-06 06:41:23.274+00,19,0ba3023f7d72ae64498cd359,
2026-07-06 06:38:58.236+00,18.9,0ba3023f7d72ae64498cd359,
2026-07-06 06:36:33.238+00,18.9,0ba3023f7d72ae64498cd359,
2026-07-06 06:34:08.249+00,18.8,0ba3023f7d72ae64498cd359,
2026-07-06 06:31:43.25+00,18.8,0ba3023f7d72ae64498cd359,
2026-07-06 06:29:18.21+00,18.7,0ba3023f7d72ae64498cd359,
2026-07-06 06:26:53.251+00,18.6,0ba3023f7d72ae64498cd359,
2026-07-06 06:24:28.269+00,18.5,0ba3023f7d72ae64498cd359,
2026-07-06 06:22:03.246+00,18.5,0ba3023f7d72ae64498cd359,
2026-07-06 06:19:40.04+00,18.4,0ba3023f7d72ae64498cd359,
2026-07-06 06:17:13.271+00,18.4,0ba3023f7d72ae64498cd359,
2026-07-06 06:14:48.228+00,18.4,0ba3023f7d72ae64498cd359,
2026-07-06 06:12:23.897+00,18.4,0ba3023f7d72ae64498cd359,
2026-07-06 06:07:33.245+00,18.4,0ba3023f7d72ae64498cd359,
2026-07-06 06:05:08.201+00,18.3,0ba3023f7d72ae64498cd359,
2026-07-06 06:02:43.277+00,18.2,0ba3023f7d72ae64498cd359,
2026-07-06 06:00:18.315+00,18.1,0ba3023f7d72ae64498cd359,
2026-07-06 05:57:53.249+00,18.1,0ba3023f7d72ae64498cd359,
2026-07-06 05:55:28.229+00,18.1,0ba3023f7d72ae64498cd359,
2026-07-06 05:53:03.206+00,18.2,0ba3023f7d72ae64498cd359,
2026-07-06 05:50:38.223+00,18.3,0ba3023f7d72ae64498cd359,
2026-07-06 05:48:13.3+00,18.3,0ba3023f7d72ae64498cd359,
2026-07-06 05:45:48.206+00,18.4,0ba3023f7d72ae64498cd359,
2026-07-06 05:43:23.441+00,18.4,0ba3023f7d72ae64498cd359,
2026-07-06 05:40:58.243+00,18.4,0ba3023f7d72ae64498cd359,
2026-07-06 05:38:33.221+00,18.4,0ba3023f7d72ae64498cd359,
2026-07-06 05:36:08.219+00,18.5,0ba3023f7d72ae64498cd359,
2026-07-06 05:33:43.24+00,18.6,0ba3023f7d72ae64498cd359,
2026-07-06 05:31:18.2+00,18.6,0ba3023f7d72ae64498cd359,
2026-07-06 05:28:53.214+00,18.6,0ba3023f7d72ae64498cd359,
2026-07-06 05:26:28.239+00,18.6,0ba3023f7d72ae64498cd359,
2026-07-06 05:24:03.198+00,18.6,0ba3023f7d72ae64498cd359,
2026-07-06 05:21:38.195+00,18.6,0ba3023f7d72ae64498cd359,
2026-07-06 05:19:13.234+00,18.6,0ba3023f7d72ae64498cd359,
2026-07-06 05:16:48.278+00,18.6,0ba3023f7d72ae64498cd359,
2026-07-06 05:14:23.285+00,18.5,0ba3023f7d72ae64498cd359,
2026-07-06 05:11:58.237+00,18.4,0ba3023f7d72ae64498cd359,
2026-07-06 05:09:33.277+00,18.4,0ba3023f7d72ae64498cd359,
2026-07-06 05:07:10.091+00,18.4,0ba3023f7d72ae64498cd359,
2026-07-06 05:04:43.228+00,18.4,0ba3023f7d72ae64498cd359,
2026-07-06 05:02:18.202+00,18.4,0ba3023f7d72ae64498cd359,
2026-07-06 04:59:53.195+00,18.3,0ba3023f7d72ae64498cd359,
2026-07-06 04:57:28.228+00,18.3,0ba3023f7d72ae64498cd359,
2026-07-06 04:55:03.251+00,18.3,0ba3023f7d72ae64498cd359,
2026-07-06 04:52:38.199+00,18.3,0ba3023f7d72ae64498cd359,
2026-07-06 04:50:13.309+00,18.3,0ba3023f7d72ae64498cd359,
2026-07-06 04:47:48.193+00,18.3,0ba3023f7d72ae64498cd359,
2026-07-06 04:45:23.267+00,18.3,0ba3023f7d72ae64498cd359,
2026-07-06 04:42:58.194+00,18.3,0ba3023f7d72ae64498cd359,
2026-07-06 04:40:33.29+00,18.3,0ba3023f7d72ae64498cd359,
2026-07-06 04:38:08.175+00,18.3,0ba3023f7d72ae64498cd359,
2026-07-06 04:35:43.303+00,18.3,0ba3023f7d72ae64498cd359,
2026-07-06 04:33:18.163+00,18.3,0ba3023f7d72ae64498cd359,
2026-07-06 04:30:53.182+00,18.3,0ba3023f7d72ae64498cd359,
2026-07-06 04:28:28.25+00,18.3,0ba3023f7d72ae64498cd359,
2026-07-06 04:26:03.176+00,18.2,0ba3023f7d72ae64498cd359,
2026-07-06 04:23:38.196+00,18.2,0ba3023f7d72ae64498cd359,
2026-07-06 04:21:13.234+00,18.3,0ba3023f7d72ae64498cd359,
2026-07-06 04:18:48.183+00,18.3,0ba3023f7d72ae64498cd359,
2026-07-06 04:16:23.294+00,18.3,0ba3023f7d72ae64498cd359,
2026-07-06 04:13:58.328+00,18.3,0ba3023f7d72ae64498cd359,
2026-07-06 04:11:33.213+00,18.2,0ba3023f7d72ae64498cd359,
2026-07-06 04:09:08.183+00,18.2,0ba3023f7d72ae64498cd359,
2026-07-06 04:06:43.228+00,18.2,0ba3023f7d72ae64498cd359,
2026-07-06 04:04:18.183+00,18.2,0ba3023f7d72ae64498cd359,
2026-07-06 04:01:53.192+00,18.2,0ba3023f7d72ae64498cd359,
2026-07-06 03:59:28.266+00,18.2,0ba3023f7d72ae64498cd359,
2026-07-06 03:57:03.186+00,18.2,0ba3023f7d72ae64498cd359,
2026-07-06 03:54:38.186+00,18.2,0ba3023f7d72ae64498cd359,
2026-07-06 03:52:13.817+00,18.2,0ba3023f7d72ae64498cd359,
2026-07-06 03:47:23.229+00,18.2,0ba3023f7d72ae64498cd359,
2026-07-06 03:44:58.198+00,18.2,0ba3023f7d72ae64498cd359,
2026-07-06 03:42:33.228+00,18.2,0ba3023f7d72ae64498cd359,
2026-07-06 03:40:08.179+00,18.3,0ba3023f7d72ae64498cd359,
2026-07-06 03:37:43.197+00,18.3,0ba3023f7d72ae64498cd359,
2026-07-06 03:35:18.209+00,18.2,0ba3023f7d72ae64498cd359,
2026-07-06 03:32:53.215+00,18.2,0ba3023f7d72ae64498cd359,
2026-07-06 03:30:28.214+00,18.2,0ba3023f7d72ae64498cd359,
2026-07-06 03:28:03.217+00,18.3,0ba3023f7d72ae64498cd359,
2026-07-06 03:25:38.201+00,18.3,0ba3023f7d72ae64498cd359,
2026-07-06 03:23:13.191+00,18.2,0ba3023f7d72ae64498cd359,
2026-07-06 03:20:48.243+00,18.2,0ba3023f7d72ae64498cd359,
2026-07-06 03:18:23.178+00,18.2,0ba3023f7d72ae64498cd359,
2026-07-06 03:15:58.203+00,18.1,0ba3023f7d72ae64498cd359,
2026-07-06 03:13:33.228+00,18.1,0ba3023f7d72ae64498cd359,
2026-07-06 03:11:08.171+00,18.1,0ba3023f7d72ae64498cd359,
2026-07-06 03:08:43.187+00,18.1,0ba3023f7d72ae64498cd359,
2026-07-06 03:06:18.231+00,18.1,0ba3023f7d72ae64498cd359,
2026-07-06 03:03:53.156+00,18.1,0ba3023f7d72ae64498cd359,
2026-07-06 03:01:28.148+00,18.1,0ba3023f7d72ae64498cd359,
2026-07-06 02:59:03.185+00,18,0ba3023f7d72ae64498cd359,
2026-07-06 02:56:38.135+00,18,0ba3023f7d72ae64498cd359,
2026-07-06 02:54:13.153+00,18,0ba3023f7d72ae64498cd359,
2026-07-06 02:51:48.428+00,18,0ba3023f7d72ae64498cd359,
2026-07-06 02:49:23.145+00,18,0ba3023f7d72ae64498cd359,
2026-07-06 02:46:58.15+00,18,0ba3023f7d72ae64498cd359,
2026-07-06 02:44:33.2+00,17.9,0ba3023f7d72ae64498cd359,
2026-07-06 02:39:55.017+00,17.9,0ba3023f7d72ae64498cd359,
2026-07-06 02:37:18.266+00,18,0ba3023f7d72ae64498cd359,
2026-07-06 02:34:53.252+00,70.7,0ba3023f7d72ae64498cd359,
2026-07-06 02:32:28.226+00,18.1,0ba3023f7d72ae64498cd359,
2026-07-06 02:30:03.339+00,18.1,0ba3023f7d72ae64498cd359,
2026-07-06 02:27:38.13+00,18.1,0ba3023f7d72ae64498cd359,
2026-07-06 02:25:13.226+00,18.1,0ba3023f7d72ae64498cd359,
2026-07-06 02:22:48.246+00,18.1,0ba3023f7d72ae64498cd359,
2026-07-06 02:20:23.235+00,18.1,0ba3023f7d72ae64498cd359,
2026-07-06 02:17:58.244+00,18.1,0ba3023f7d72ae64498cd359,
2026-07-06 02:15:33.214+00,18.1,0ba3023f7d72ae64498cd359,
2026-07-06 02:13:08.22+00,18.1,0ba3023f7d72ae64498cd359,
2026-07-06 02:10:43.194+00,18.2,0ba3023f7d72ae64498cd359,
2026-07-06 02:08:18.276+00,18.2,0ba3023f7d72ae64498cd359,
2026-07-06 02:05:53.121+00,18.2,0ba3023f7d72ae64498cd359,
2026-07-06 02:03:28.219+00,18.2,0ba3023f7d72ae64498cd359,
2026-07-06 02:01:03.248+00,18.3,0ba3023f7d72ae64498cd359,
2026-07-06 01:58:38.229+00,18.2,0ba3023f7d72ae64498cd359,
2026-07-06 01:56:13.222+00,18.2,0ba3023f7d72ae64498cd359,
2026-07-06 01:53:48.295+00,18.2,0ba3023f7d72ae64498cd359,
2026-07-06 01:51:23.218+00,18.2,0ba3023f7d72ae64498cd359,
2026-07-06 01:48:58.206+00,18.2,0ba3023f7d72ae64498cd359,
2026-07-06 01:46:33.255+00,18.2,0ba3023f7d72ae64498cd359,
2026-07-06 01:44:08.208+00,18.2,0ba3023f7d72ae64498cd359,
2026-07-06 01:41:43.22+00,18.2,0ba3023f7d72ae64498cd359,
2026-07-06 01:39:18.245+00,18.2,0ba3023f7d72ae64498cd359,
2026-07-06 01:36:53.256+00,18.2,0ba3023f7d72ae64498cd359,
2026-07-06 01:34:28.223+00,18.2,0ba3023f7d72ae64498cd359,
2026-07-06 01:32:03.247+00,18.2,0ba3023f7d72ae64498cd359,
2026-07-06 01:29:38.122+00,18.3,0ba3023f7d72ae64498cd359,
2026-07-06 01:27:13.118+00,18.3,0ba3023f7d72ae64498cd359,
2026-07-06 01:24:49.357+00,18.4,0ba3023f7d72ae64498cd359,
2026-07-06 01:22:23.112+00,18.4,0ba3023f7d72ae64498cd359,
2026-07-06 01:19:58.13+00,18.4,0ba3023f7d72ae64498cd359,
2026-07-06 01:17:33.138+00,18.4,0ba3023f7d72ae64498cd359,
2026-07-06 01:15:08.135+00,18.5,0ba3023f7d72ae64498cd359,
2026-07-06 01:12:43.118+00,18.5,0ba3023f7d72ae64498cd359,
2026-07-06 01:10:18.152+00,18.6,0ba3023f7d72ae64498cd359,
2026-07-06 01:07:53.128+00,18.6,0ba3023f7d72ae64498cd359,
2026-07-06 01:05:28.12+00,18.7,0ba3023f7d72ae64498cd359,
2026-07-06 01:03:03.163+00,18.7,0ba3023f7d72ae64498cd359,
2026-07-06 01:00:38.126+00,18.8,0ba3023f7d72ae64498cd359,
2026-07-06 00:58:13.113+00,18.8,0ba3023f7d72ae64498cd359,
2026-07-06 00:55:48.164+00,18.8,0ba3023f7d72ae64498cd359,
2026-07-06 00:53:23.089+00,18.8,0ba3023f7d72ae64498cd359,
2026-07-06 00:50:58.098+00,18.9,0ba3023f7d72ae64498cd359,
2026-07-06 00:48:33.167+00,18.8,0ba3023f7d72ae64498cd359,
2026-07-06 00:46:08.116+00,18.9,0ba3023f7d72ae64498cd359,
2026-07-06 00:43:43.131+00,18.9,0ba3023f7d72ae64498cd359,
2026-07-06 00:41:18.188+00,18.9,0ba3023f7d72ae64498cd359,
2026-07-06 00:38:53.109+00,18.8,0ba3023f7d72ae64498cd359,
2026-07-06 00:36:28.119+00,18.9,0ba3023f7d72ae64498cd359,
2026-07-06 00:34:03.164+00,18.9,0ba3023f7d72ae64498cd359,
2026-07-06 00:31:38.094+00,18.9,0ba3023f7d72ae64498cd359,
2026-07-06 00:29:13.101+00,18.9,0ba3023f7d72ae64498cd359,
2026-07-06 00:26:48.156+00,18.9,0ba3023f7d72ae64498cd359,
2026-07-06 00:24:23.093+00,18.9,0ba3023f7d72ae64498cd359,
2026-07-06 00:21:58.106+00,18.9,0ba3023f7d72ae64498cd359,
2026-07-06 00:19:33.12+00,18.9,0ba3023f7d72ae64498cd359,
2026-07-06 00:17:08.103+00,18.9,0ba3023f7d72ae64498cd359,
2026-07-06 00:14:43.222+00,18.9,0ba3023f7d72ae64498cd359,
2026-07-06 00:12:18.225+00,19,0ba3023f7d72ae64498cd359,
2026-07-06 00:09:53.115+00,19,0ba3023f7d72ae64498cd359,
2026-07-06 00:05:10.63+00,19,0ba3023f7d72ae64498cd359,
2026-07-06 00:02:38.131+00,18.9,0ba3023f7d72ae64498cd359,
2026-07-06 00:00:13.072+00,18.9,0ba3023f7d72ae64498cd359,
2026-07-05 23:57:48.168+00,19,0ba3023f7d72ae64498cd359,
2026-07-05 23:55:23.139+00,19,0ba3023f7d72ae64498cd359,
2026-07-05 23:52:58.139+00,19,0ba3023f7d72ae64498cd359,
2026-07-05 23:50:33.278+00,19,0ba3023f7d72ae64498cd359,
2026-07-05 23:48:08.149+00,19,0ba3023f7d72ae64498cd359,
2026-07-05 23:45:43.146+00,19,0ba3023f7d72ae64498cd359,
2026-07-05 23:43:18.154+00,19,0ba3023f7d72ae64498cd359,
2026-07-05 23:40:53.089+00,19,0ba3023f7d72ae64498cd359,
2026-07-05 23:38:28.172+00,19,0ba3023f7d72ae64498cd359,
2026-07-05 23:36:03.171+00,19,0ba3023f7d72ae64498cd359,
2026-07-05 23:33:38.418+00,19,0ba3023f7d72ae64498cd359,
2026-07-05 23:31:13.174+00,19,0ba3023f7d72ae64498cd359,
2026-07-05 23:28:48.105+00,19,0ba3023f7d72ae64498cd359,
2026-07-05 23:26:23.172+00,19,0ba3023f7d72ae64498cd359,
2026-07-05 23:23:58.196+00,19,0ba3023f7d72ae64498cd359,
2026-07-05 23:21:33.216+00,19.1,0ba3023f7d72ae64498cd359,
2026-07-05 23:19:08.169+00,19,0ba3023f7d72ae64498cd359,
2026-07-05 23:16:43.399+00,19,0ba3023f7d72ae64498cd359,
2026-07-05 23:14:18.308+00,19.1,0ba3023f7d72ae64498cd359,
2026-07-05 23:11:53.168+00,19.1,0ba3023f7d72ae64498cd359,
2026-07-05 23:09:28.159+00,19.1,0ba3023f7d72ae64498cd359,
2026-07-05 23:07:03.171+00,19.1,0ba3023f7d72ae64498cd359,
2026-07-05 23:04:38.478+00,19.1,0ba3023f7d72ae64498cd359,
2026-07-05 23:02:13.977+00,19.1,0ba3023f7d72ae64498cd359,
2026-07-05 22:59:48.171+00,19.1,0ba3023f7d72ae64498cd359,
2026-07-05 22:57:23.139+00,19.1,0ba3023f7d72ae64498cd359,
2026-07-05 22:54:58.162+00,19.1,0ba3023f7d72ae64498cd359,
2026-07-05 22:52:33.175+00,19.1,0ba3023f7d72ae64498cd359,
2026-07-05 22:50:08.159+00,19.1,0ba3023f7d72ae64498cd359,
2026-07-05 22:47:43.173+00,19.1,0ba3023f7d72ae64498cd359,
2026-07-05 22:45:18.083+00,19.1,0ba3023f7d72ae64498cd359,
2026-07-05 22:42:53.325+00,19.1,0ba3023f7d72ae64498cd359,
2026-07-05 22:40:28.059+00,19.1,0ba3023f7d72ae64498cd359,
2026-07-05 22:38:03.197+00,19.1,0ba3023f7d72ae64498cd359,
2026-07-05 22:35:38.171+00,19.1,0ba3023f7d72ae64498cd359,
2026-07-05 22:33:13.17+00,19.1,0ba3023f7d72ae64498cd359,
2026-07-05 22:30:48.3+00,19.1,0ba3023f7d72ae64498cd359,
2026-07-05 22:28:23.054+00,19.1,0ba3023f7d72ae64498cd359,
2026-07-05 22:25:58.059+00,19.1,0ba3023f7d72ae64498cd359,
2026-07-05 22:23:33.091+00,19.1,0ba3023f7d72ae64498cd359,
2026-07-05 22:21:08.083+00,19.1,0ba3023f7d72ae64498cd359,
2026-07-05 22:18:43.061+00,19.1,0ba3023f7d72ae64498cd359,
2026-07-05 22:16:18.086+00,19.1,0ba3023f7d72ae64498cd359,
2026-07-05 22:13:53.083+00,19.1,0ba3023f7d72ae64498cd359,
2026-07-05 22:11:28.078+00,19.1,0ba3023f7d72ae64498cd359,
2026-07-05 22:09:03.153+00,19.1,0ba3023f7d72ae64498cd359,
2026-07-05 22:06:38.067+00,19.1,0ba3023f7d72ae64498cd359,
2026-07-05 22:04:13.06+00,19.1,0ba3023f7d72ae64498cd359,
2026-07-05 22:01:48.087+00,19.1,0ba3023f7d72ae64498cd359,
2026-07-05 21:59:23.085+00,19.1,0ba3023f7d72ae64498cd359,
2026-07-05 21:56:58.066+00,19.1,0ba3023f7d72ae64498cd359,
2026-07-05 21:54:33.11+00,19.1,0ba3023f7d72ae64498cd359,
2026-07-05 21:52:08.052+00,19.1,0ba3023f7d72ae64498cd359,
2026-07-05 21:49:43.362+00,19.1,0ba3023f7d72ae64498cd359,
2026-07-05 21:47:18.864+00,19.1,0ba3023f7d72ae64498cd359,
2026-07-05 21:44:53.032+00,19.1,0ba3023f7d72ae64498cd359,
2026-07-05 21:42:28.061+00,19.1,0ba3023f7d72ae64498cd359,
2026-07-05 21:40:03.069+00,19.1,0ba3023f7d72ae64498cd359,
2026-07-05 21:37:38.027+00,19.1,0ba3023f7d72ae64498cd359,
2026-07-05 21:35:13.028+00,19.1,0ba3023f7d72ae64498cd359,
2026-07-05 21:32:48.069+00,19.1,0ba3023f7d72ae64498cd359,
2026-07-05 21:30:23.158+00,19.1,0ba3023f7d72ae64498cd359,
2026-07-05 21:27:58.096+00,19,0ba3023f7d72ae64498cd359,
2026-07-05 21:25:33.111+00,19,0ba3023f7d72ae64498cd359,
2026-07-05 21:23:08.079+00,19,0ba3023f7d72ae64498cd359,
2026-07-05 21:20:43.094+00,19,0ba3023f7d72ae64498cd359,
2026-07-05 21:18:18.067+00,19,0ba3023f7d72ae64498cd359,
2026-07-05 21:15:53.064+00,19,0ba3023f7d72ae64498cd359,
2026-07-05 21:13:28.026+00,19,0ba3023f7d72ae64498cd359,
2026-07-05 21:11:03.051+00,19,0ba3023f7d72ae64498cd359,
2026-07-05 21:08:38.105+00,19,0ba3023f7d72ae64498cd359,
2026-07-05 21:06:13.039+00,19,0ba3023f7d72ae64498cd359,
2026-07-05 21:03:48.112+00,19,0ba3023f7d72ae64498cd359,
2026-07-05 21:01:23.063+00,19,0ba3023f7d72ae64498cd359,
2026-07-05 20:58:58.039+00,19,0ba3023f7d72ae64498cd359,
2026-07-05 20:56:33.114+00,19,0ba3023f7d72ae64498cd359,
2026-07-05 20:54:08.017+00,19.1,0ba3023f7d72ae64498cd359,
2026-07-05 20:51:43.095+00,19.1,0ba3023f7d72ae64498cd359,
2026-07-05 20:49:18.059+00,19.1,0ba3023f7d72ae64498cd359,
2026-07-05 20:46:53.012+00,19.1,0ba3023f7d72ae64498cd359,
2026-07-05 20:44:28.012+00,19.1,0ba3023f7d72ae64498cd359,
2026-07-05 20:42:03.041+00,19.1,0ba3023f7d72ae64498cd359,
2026-07-05 20:39:38.004+00,19.1,0ba3023f7d72ae64498cd359,
2026-07-05 20:37:13.107+00,19.2,0ba3023f7d72ae64498cd359,
2026-07-05 20:34:48.132+00,19.2,0ba3023f7d72ae64498cd359,
2026-07-05 20:30:05.148+00,19.2,0ba3023f7d72ae64498cd359,
2026-07-05 20:27:33.153+00,19.3,0ba3023f7d72ae64498cd359,
2026-07-05 20:25:08.094+00,19.3,0ba3023f7d72ae64498cd359,
2026-07-05 20:22:43.124+00,19.3,0ba3023f7d72ae64498cd359,
2026-07-05 20:20:18.158+00,19.4,0ba3023f7d72ae64498cd359,
2026-07-05 20:17:53.12+00,19.4,0ba3023f7d72ae64498cd359,
2026-07-05 20:15:28.137+00,19.5,0ba3023f7d72ae64498cd359,
2026-07-05 20:13:03.129+00,19.5,0ba3023f7d72ae64498cd359,
2026-07-05 20:10:38.117+00,19.6,0ba3023f7d72ae64498cd359,
2026-07-05 20:08:13.138+00,19.6,0ba3023f7d72ae64498cd359,
2026-07-05 20:05:48.162+00,19.6,0ba3023f7d72ae64498cd359,
2026-07-05 20:03:22.992+00,19.6,0ba3023f7d72ae64498cd359,
2026-07-05 20:00:57.996+00,19.7,0ba3023f7d72ae64498cd359,
2026-07-05 19:58:33.131+00,19.7,0ba3023f7d72ae64498cd359,
2026-07-05 19:56:08.022+00,19.7,0ba3023f7d72ae64498cd359,
2026-07-05 19:53:43.132+00,19.8,0ba3023f7d72ae64498cd359,
2026-07-05 19:51:18.117+00,19.8,0ba3023f7d72ae64498cd359,
2026-07-05 19:48:53.03+00,19.9,0ba3023f7d72ae64498cd359,
2026-07-05 19:46:28.098+00,19.9,0ba3023f7d72ae64498cd359,
2026-07-05 19:44:03.054+00,20,0ba3023f7d72ae64498cd359,
2026-07-05 19:41:37.998+00,20.1,0ba3023f7d72ae64498cd359,
2026-07-05 19:39:13.001+00,20.1,0ba3023f7d72ae64498cd359,
2026-07-05 19:36:48.031+00,20.2,0ba3023f7d72ae64498cd359,
2026-07-05 19:34:23.022+00,20.3,0ba3023f7d72ae64498cd359,
2026-07-05 19:31:57.995+00,20.3,0ba3023f7d72ae64498cd359,
2026-07-05 19:29:33.029+00,20.4,0ba3023f7d72ae64498cd359,
2026-07-05 19:27:08.034+00,20.4,0ba3023f7d72ae64498cd359,
2026-07-05 19:24:42.994+00,20.4,0ba3023f7d72ae64498cd359,
2026-07-05 19:22:18.043+00,20.4,0ba3023f7d72ae64498cd359,
2026-07-05 19:19:55.79+00,20.4,0ba3023f7d72ae64498cd359,
2026-07-05 19:17:28.015+00,20.5,0ba3023f7d72ae64498cd359,
2026-07-05 19:15:03.018+00,20.5,0ba3023f7d72ae64498cd359,
2026-07-05 19:12:37.974+00,20.6,0ba3023f7d72ae64498cd359,
2026-07-05 19:10:12.976+00,20.7,0ba3023f7d72ae64498cd359,
2026-07-05 19:07:48.006+00,20.7,0ba3023f7d72ae64498cd359,
2026-07-05 19:05:23.006+00,20.8,0ba3023f7d72ae64498cd359,
2026-07-05 19:02:57.994+00,20.9,0ba3023f7d72ae64498cd359,
2026-07-05 19:00:33.089+00,21,0ba3023f7d72ae64498cd359,
2026-07-05 18:58:08.025+00,21,0ba3023f7d72ae64498cd359,
2026-07-05 18:55:43.049+00,21.1,0ba3023f7d72ae64498cd359,
2026-07-05 18:53:18.079+00,21.1,0ba3023f7d72ae64498cd359,
2026-07-05 18:50:53.031+00,21.2,0ba3023f7d72ae64498cd359,
2026-07-05 18:48:28.023+00,21.2,0ba3023f7d72ae64498cd359,
2026-07-05 18:46:03.067+00,21.3,0ba3023f7d72ae64498cd359,
2026-07-05 18:43:38.029+00,21.4,0ba3023f7d72ae64498cd359,
2026-07-05 18:41:13.04+00,21.4,0ba3023f7d72ae64498cd359,
2026-07-05 18:38:48.079+00,21.5,0ba3023f7d72ae64498cd359,
2026-07-05 18:36:23.04+00,21.6,0ba3023f7d72ae64498cd359,
2026-07-05 18:33:58.616+00,21.6,0ba3023f7d72ae64498cd359,
2026-07-05 18:31:33.007+00,21.6,0ba3023f7d72ae64498cd359,
2026-07-05 18:29:08.051+00,21.6,0ba3023f7d72ae64498cd359,
2026-07-05 18:26:43.138+00,21.7,0ba3023f7d72ae64498cd359,
2026-07-05 18:24:18.081+00,21.8,0ba3023f7d72ae64498cd359,
2026-07-05 18:21:53.041+00,21.8,0ba3023f7d72ae64498cd359,
2026-07-05 18:19:28.049+00,21.8,0ba3023f7d72ae64498cd359,
2026-07-05 18:17:03.068+00,21.9,0ba3023f7d72ae64498cd359,
2026-07-05 18:14:38.037+00,21.9,0ba3023f7d72ae64498cd359,
2026-07-05 18:12:13.027+00,22,0ba3023f7d72ae64498cd359,
2026-07-05 18:09:48.034+00,22,0ba3023f7d72ae64498cd359,
2026-07-05 18:07:25.199+00,22,0ba3023f7d72ae64498cd359,
2026-07-05 18:04:58.033+00,22,0ba3023f7d72ae64498cd359,
2026-07-05 18:02:33.069+00,22.1,0ba3023f7d72ae64498cd359,
2026-07-05 18:00:08.061+00,22.1,0ba3023f7d72ae64498cd359,
2026-07-05 17:57:43.037+00,22.1,0ba3023f7d72ae64498cd359,
2026-07-05 17:55:18.094+00,22.2,0ba3023f7d72ae64498cd359,
2026-07-05 17:52:53.022+00,22.2,0ba3023f7d72ae64498cd359,
2026-07-05 17:50:28.032+00,22.3,0ba3023f7d72ae64498cd359,
2026-07-05 17:48:03.049+00,22.3,0ba3023f7d72ae64498cd359,
2026-07-05 17:45:38.069+00,22.4,0ba3023f7d72ae64498cd359,
2026-07-05 17:43:13.03+00,22.4,0ba3023f7d72ae64498cd359,
2026-07-05 17:40:48.062+00,22.4,0ba3023f7d72ae64498cd359,
2026-07-05 17:38:22.963+00,22.5,0ba3023f7d72ae64498cd359,
2026-07-05 17:35:58.062+00,22.5,0ba3023f7d72ae64498cd359,
2026-07-05 17:33:33.097+00,22.6,0ba3023f7d72ae64498cd359,
2026-07-05 17:31:08.028+00,22.6,0ba3023f7d72ae64498cd359,
2026-07-05 17:28:43.037+00,22.7,0ba3023f7d72ae64498cd359,
2026-07-05 17:26:17.978+00,22.8,0ba3023f7d72ae64498cd359,
2026-07-05 17:23:53.065+00,22.9,0ba3023f7d72ae64498cd359,
2026-07-05 17:21:28.04+00,23,0ba3023f7d72ae64498cd359,
2026-07-05 17:19:03.078+00,23,0ba3023f7d72ae64498cd359,
2026-07-05 17:16:37.937+00,23.1,0ba3023f7d72ae64498cd359,
2026-07-05 17:14:13.036+00,23.1,0ba3023f7d72ae64498cd359,
2026-07-05 17:11:48.003+00,23.2,0ba3023f7d72ae64498cd359,
2026-07-05 17:09:22.934+00,23.3,0ba3023f7d72ae64498cd359,
2026-07-05 17:06:58.067+00,23.4,0ba3023f7d72ae64498cd359,
2026-07-05 17:04:33.002+00,23.4,0ba3023f7d72ae64498cd359,
2026-07-05 16:59:56.965+00,23.4,0ba3023f7d72ae64498cd359,
2026-07-05 16:57:17.973+00,23.5,0ba3023f7d72ae64498cd359,
2026-07-05 16:54:52.943+00,23.6,0ba3023f7d72ae64498cd359,
2026-07-05 16:52:27.957+00,23.7,0ba3023f7d72ae64498cd359,
2026-07-05 16:50:02.967+00,23.8,0ba3023f7d72ae64498cd359,
2026-07-05 16:47:37.961+00,23.9,0ba3023f7d72ae64498cd359,
2026-07-05 16:45:12.953+00,23.9,0ba3023f7d72ae64498cd359,
2026-07-05 16:42:47.993+00,23.9,0ba3023f7d72ae64498cd359,
2026-07-05 16:40:22.922+00,24,0ba3023f7d72ae64498cd359,
2026-07-05 16:37:57.936+00,24,0ba3023f7d72ae64498cd359,
2026-07-05 16:35:32.973+00,24,0ba3023f7d72ae64498cd359,
2026-07-05 16:33:07.941+00,24,0ba3023f7d72ae64498cd359,
2026-07-05 16:30:42.949+00,24,0ba3023f7d72ae64498cd359,
2026-07-05 16:28:17.956+00,24.1,0ba3023f7d72ae64498cd359,
2026-07-05 16:25:52.928+00,24.1,0ba3023f7d72ae64498cd359,
2026-07-05 16:23:27.936+00,24.2,0ba3023f7d72ae64498cd359,
2026-07-05 16:21:02.964+00,24.2,0ba3023f7d72ae64498cd359,
2026-07-05 16:18:37.957+00,24.3,0ba3023f7d72ae64498cd359,
2026-07-05 16:16:12.965+00,24.3,0ba3023f7d72ae64498cd359,
2026-07-05 16:13:47.987+00,24.3,0ba3023f7d72ae64498cd359,
2026-07-05 16:11:22.95+00,24.3,0ba3023f7d72ae64498cd359,
2026-07-05 16:08:57.979+00,24.3,0ba3023f7d72ae64498cd359,
2026-07-05 16:06:33.233+00,24.4,0ba3023f7d72ae64498cd359,
2026-07-05 16:04:08.094+00,24.4,0ba3023f7d72ae64498cd359,
2026-07-05 16:01:42.997+00,24.5,0ba3023f7d72ae64498cd359,
2026-07-05 15:59:18.013+00,24.5,0ba3023f7d72ae64498cd359,
2026-07-05 15:56:52.934+00,24.6,0ba3023f7d72ae64498cd359,
2026-07-05 15:54:27.974+00,24.7,0ba3023f7d72ae64498cd359,
2026-07-05 15:52:03.597+00,24.7,0ba3023f7d72ae64498cd359,
2026-07-05 15:47:12.968+00,24.8,0ba3023f7d72ae64498cd359,
2026-07-05 15:44:48.055+00,24.7,0ba3023f7d72ae64498cd359,
2026-07-05 15:42:22.937+00,24.7,0ba3023f7d72ae64498cd359,
2026-07-05 15:39:57.917+00,24.7,0ba3023f7d72ae64498cd359,
2026-07-05 15:37:33.017+00,24.7,0ba3023f7d72ae64498cd359,
2026-07-05 15:35:08.021+00,45.3,0ba3023f7d72ae64498cd359,
2026-07-05 15:32:43.063+00,24.8,0ba3023f7d72ae64498cd359,
2026-07-05 15:30:17.977+00,24.8,0ba3023f7d72ae64498cd359,
2026-07-05 15:27:53.016+00,24.8,0ba3023f7d72ae64498cd359,
2026-07-05 15:25:27.973+00,24.9,0ba3023f7d72ae64498cd359,
2026-07-05 15:23:03.003+00,24.9,0ba3023f7d72ae64498cd359,
2026-07-05 15:20:37.967+00,24.9,0ba3023f7d72ae64498cd359,
2026-07-05 15:18:13.012+00,24.9,0ba3023f7d72ae64498cd359,
2026-07-05 15:15:47.982+00,24.9,0ba3023f7d72ae64498cd359,
2026-07-05 15:13:23.05+00,24.9,0ba3023f7d72ae64498cd359,
2026-07-05 15:10:58.013+00,24.9,0ba3023f7d72ae64498cd359,
2026-07-05 15:08:33.122+00,25,0ba3023f7d72ae64498cd359,
2026-07-05 15:06:07.925+00,25,0ba3023f7d72ae64498cd359,
2026-07-05 15:01:18.812+00,25.1,0ba3023f7d72ae64498cd359,
2026-07-05 14:58:53.806+00,25,0ba3023f7d72ae64498cd359,
2026-07-05 14:56:28.84+00,25,0ba3023f7d72ae64498cd359,
2026-07-05 14:54:03.806+00,25,0ba3023f7d72ae64498cd359,
2026-07-05 14:51:38.797+00,25,0ba3023f7d72ae64498cd359,
2026-07-05 14:49:13.835+00,25,0ba3023f7d72ae64498cd359,
2026-07-05 14:46:48.797+00,25,0ba3023f7d72ae64498cd359,
2026-07-05 14:44:23.805+00,25,0ba3023f7d72ae64498cd359,
2026-07-05 14:41:58.739+00,24.9,0ba3023f7d72ae64498cd359,
2026-07-05 14:39:33.807+00,24.9,0ba3023f7d72ae64498cd359,
2026-07-05 14:37:08.794+00,24.9,0ba3023f7d72ae64498cd359,
2026-07-05 14:34:44.577+00,24.9,0ba3023f7d72ae64498cd359,
2026-07-05 14:29:53.812+00,25,0ba3023f7d72ae64498cd359,
2026-07-05 14:27:28.857+00,25.1,0ba3023f7d72ae64498cd359,
2026-07-05 14:25:03.818+00,25.2,0ba3023f7d72ae64498cd359,
2026-07-05 14:22:38.699+00,25.3,0ba3023f7d72ae64498cd359,
2026-07-05 14:20:13.737+00,25.3,0ba3023f7d72ae64498cd359,
2026-07-05 14:17:49.101+00,25.3,0ba3023f7d72ae64498cd359,
2026-07-05 14:15:23.707+00,25.3,0ba3023f7d72ae64498cd359,
2026-07-05 14:12:58.756+00,25.3,0ba3023f7d72ae64498cd359,
2026-07-05 14:10:33.714+00,25.2,0ba3023f7d72ae64498cd359,
2026-07-05 14:08:08.721+00,25.1,0ba3023f7d72ae64498cd359,
2026-07-05 14:05:43.733+00,25.1,0ba3023f7d72ae64498cd359,
2026-07-05 14:03:18.685+00,25.1,0ba3023f7d72ae64498cd359,
2026-07-05 14:00:53.693+00,25.1,0ba3023f7d72ae64498cd359,
2026-07-05 13:58:28.714+00,25.1,0ba3023f7d72ae64498cd359,
2026-07-05 13:56:03.697+00,25.1,0ba3023f7d72ae64498cd359,
2026-07-05 13:53:38.685+00,25.1,0ba3023f7d72ae64498cd359,
2026-07-05 13:51:13.701+00,25,0ba3023f7d72ae64498cd359,
2026-07-05 13:48:48.698+00,25,0ba3023f7d72ae64498cd359,
2026-07-05 13:46:23.716+00,24.9,0ba3023f7d72ae64498cd359,
2026-07-05 13:43:58.731+00,24.9,0ba3023f7d72ae64498cd359,
2026-07-05 13:41:33.74+00,24.8,0ba3023f7d72ae64498cd359,
2026-07-05 13:39:08.728+00,24.8,0ba3023f7d72ae64498cd359,
2026-07-05 13:36:43.755+00,24.8,0ba3023f7d72ae64498cd359,
2026-07-05 13:34:18.721+00,24.8,0ba3023f7d72ae64498cd359,
2026-07-05 13:31:53.713+00,24.8,0ba3023f7d72ae64498cd359,
2026-07-05 13:29:28.745+00,24.8,0ba3023f7d72ae64498cd359,
2026-07-05 13:24:48.594+00,24.8,0ba3023f7d72ae64498cd359,
2026-07-05 13:22:13.724+00,24.8,0ba3023f7d72ae64498cd359,
2026-07-05 13:19:48.754+00,24.8,0ba3023f7d72ae64498cd359,
2026-07-05 13:17:23.738+00,24.8,0ba3023f7d72ae64498cd359,
2026-07-05 13:14:58.669+00,24.8,0ba3023f7d72ae64498cd359,
2026-07-05 13:12:33.789+00,24.8,0ba3023f7d72ae64498cd359,
2026-07-05 13:10:08.724+00,24.7,0ba3023f7d72ae64498cd359,
2026-07-05 13:07:43.718+00,24.5,0ba3023f7d72ae64498cd359,
2026-07-05 13:05:18.775+00,24.4,0ba3023f7d72ae64498cd359,
2026-07-05 13:02:53.715+00,24.2,0ba3023f7d72ae64498cd359,
2026-07-05 13:00:28.733+00,24.1,0ba3023f7d72ae64498cd359,
2026-07-05 12:58:03.76+00,24.1,0ba3023f7d72ae64498cd359,
2026-07-05 12:55:38.675+00,24.2,0ba3023f7d72ae64498cd359,
2026-07-05 12:53:13.734+00,24.4,0ba3023f7d72ae64498cd359,
2026-07-05 12:50:48.702+00,24.6,0ba3023f7d72ae64498cd359,
2026-07-05 12:48:23.739+00,24.8,0ba3023f7d72ae64498cd359,
2026-07-05 12:45:58.678+00,25,0ba3023f7d72ae64498cd359,
2026-07-05 12:43:33.765+00,25.1,0ba3023f7d72ae64498cd359,
2026-07-05 12:41:08.664+00,25.4,0ba3023f7d72ae64498cd359,
2026-07-05 12:38:43.661+00,25.6,0ba3023f7d72ae64498cd359,
2026-07-05 12:36:18.704+00,25.7,0ba3023f7d72ae64498cd359,
2026-07-05 12:33:53.672+00,25.6,0ba3023f7d72ae64498cd359,
2026-07-05 12:31:28.657+00,25.5,0ba3023f7d72ae64498cd359,
2026-07-05 12:29:04.234+00,25.5,0ba3023f7d72ae64498cd359,
2026-07-05 12:26:38.738+00,25.4,0ba3023f7d72ae64498cd359,
2026-07-05 12:24:13.737+00,25.3,0ba3023f7d72ae64498cd359,
2026-07-05 12:21:48.791+00,25.3,0ba3023f7d72ae64498cd359,
2026-07-05 12:19:23.737+00,25.3,0ba3023f7d72ae64498cd359,
2026-07-05 12:16:58.769+00,25.2,0ba3023f7d72ae64498cd359,
2026-07-05 12:14:33.908+00,25.1,0ba3023f7d72ae64498cd359,
2026-07-05 12:12:08.741+00,25,0ba3023f7d72ae64498cd359,
2026-07-05 12:09:43.735+00,25,0ba3023f7d72ae64498cd359,
2026-07-05 12:07:21.509+00,25,0ba3023f7d72ae64498cd359,
2026-07-05 12:04:53.662+00,25.1,0ba3023f7d72ae64498cd359,
2026-07-05 12:02:28.758+00,25.3,0ba3023f7d72ae64498cd359,
2026-07-05 12:00:03.774+00,25.5,0ba3023f7d72ae64498cd359,
2026-07-05 11:57:38.744+00,25.6,0ba3023f7d72ae64498cd359,
2026-07-05 11:55:13.741+00,25.7,0ba3023f7d72ae64498cd359,
2026-07-05 11:52:48.802+00,25.9,0ba3023f7d72ae64498cd359,
2026-07-05 11:50:23.747+00,26.1,0ba3023f7d72ae64498cd359,
2026-07-05 11:47:58.779+00,26.2,0ba3023f7d72ae64498cd359,
2026-07-05 11:45:33.783+00,26.4,0ba3023f7d72ae64498cd359,
2026-07-05 11:43:08.741+00,26.4,0ba3023f7d72ae64498cd359,
2026-07-05 11:40:43.651+00,26.4,0ba3023f7d72ae64498cd359,
2026-07-05 11:38:18.77+00,26.1,0ba3023f7d72ae64498cd359,
2026-07-05 11:35:53.651+00,25.9,0ba3023f7d72ae64498cd359,
2026-07-05 11:33:28.658+00,25.5,0ba3023f7d72ae64498cd359,
2026-07-05 11:31:03.68+00,25.1,0ba3023f7d72ae64498cd359,
2026-07-05 11:28:38.661+00,24.8,0ba3023f7d72ae64498cd359,
2026-07-05 11:26:13.996+00,24.8,0ba3023f7d72ae64498cd359,
2026-07-05 11:23:48.691+00,24.9,0ba3023f7d72ae64498cd359,
2026-07-05 11:21:23.636+00,25.2,0ba3023f7d72ae64498cd359,
2026-07-05 11:18:58.615+00,25.2,0ba3023f7d72ae64498cd359,
2026-07-05 11:16:33.702+00,25.1,0ba3023f7d72ae64498cd359,
2026-07-05 11:14:08.627+00,24.9,0ba3023f7d72ae64498cd359,
2026-07-05 11:11:44.065+00,24.5,0ba3023f7d72ae64498cd359,
2026-07-05 11:09:18.688+00,24.3,0ba3023f7d72ae64498cd359,
2026-07-05 11:06:53.638+00,24.2,0ba3023f7d72ae64498cd359,
2026-07-05 11:04:28.67+00,24,0ba3023f7d72ae64498cd359,
2026-07-05 11:02:03.67+00,23.9,0ba3023f7d72ae64498cd359,
2026-07-05 10:59:38.657+00,23.9,0ba3023f7d72ae64498cd359,
2026-07-05 10:57:14.096+00,23.6,0ba3023f7d72ae64498cd359,
2026-07-05 10:54:48.664+00,23.4,0ba3023f7d72ae64498cd359,
2026-07-05 10:52:23.619+00,23.1,0ba3023f7d72ae64498cd359,
2026-07-05 10:49:58.617+00,60.5,0ba3023f7d72ae64498cd359,
2026-07-05 10:47:33.67+00,22.6,0ba3023f7d72ae64498cd359,
2026-07-05 10:45:08.619+00,22.6,0ba3023f7d72ae64498cd359,
2026-07-05 10:42:43.636+00,22.6,0ba3023f7d72ae64498cd359,
2026-07-05 10:40:18.643+00,22.8,0ba3023f7d72ae64498cd359,
2026-07-05 10:37:53.776+00,22.8,0ba3023f7d72ae64498cd359,
2026-07-05 10:35:28.667+00,22.7,0ba3023f7d72ae64498cd359,
2026-07-05 10:33:03.702+00,22.6,0ba3023f7d72ae64498cd359,
2026-07-05 10:30:38.666+00,22.4,0ba3023f7d72ae64498cd359,
2026-07-05 10:28:13.663+00,22,0ba3023f7d72ae64498cd359,
2026-07-05 10:25:48.688+00,21.4,0ba3023f7d72ae64498cd359,
2026-07-05 10:23:23.666+00,21.3,0ba3023f7d72ae64498cd359,
2026-07-05 10:20:58.663+00,21.4,0ba3023f7d72ae64498cd359,
2026-07-05 10:18:33.713+00,21.6,0ba3023f7d72ae64498cd359,
2026-07-05 10:16:08.599+00,21.6,0ba3023f7d72ae64498cd359,
2026-07-05 10:13:43.669+00,21.6,0ba3023f7d72ae64498cd359,
2026-07-05 10:11:18.635+00,21.6,0ba3023f7d72ae64498cd359,
2026-07-05 10:08:53.667+00,21.4,0ba3023f7d72ae64498cd359,
2026-07-05 10:06:28.668+00,20.9,0ba3023f7d72ae64498cd359,
2026-07-05 10:04:03.696+00,20.5,0ba3023f7d72ae64498cd359,
2026-07-05 10:01:38.66+00,20.5,0ba3023f7d72ae64498cd359,
2026-07-05 09:59:13.687+00,20.6,0ba3023f7d72ae64498cd359,
2026-07-05 09:56:48.686+00,20.7,0ba3023f7d72ae64498cd359,
2026-07-05 09:54:24.207+00,20.7,0ba3023f7d72ae64498cd359,
2026-07-05 09:51:58.68+00,20.6,0ba3023f7d72ae64498cd359,
2026-07-05 09:49:33.683+00,20.6,0ba3023f7d72ae64498cd359,
2026-07-05 09:47:09.423+00,20.6,0ba3023f7d72ae64498cd359,
2026-07-05 09:44:43.67+00,20.6,0ba3023f7d72ae64498cd359,
2026-07-05 09:42:18.686+00,20.5,0ba3023f7d72ae64498cd359,
2026-07-05 09:39:53.674+00,20.5,0ba3023f7d72ae64498cd359,
2026-07-05 09:37:28.696+00,20.4,0ba3023f7d72ae64498cd359,
2026-07-05 09:35:03.657+00,20.4,0ba3023f7d72ae64498cd359,
2026-07-05 09:32:38.693+00,20.3,0ba3023f7d72ae64498cd359,
2026-07-05 09:30:13.665+00,20.3,0ba3023f7d72ae64498cd359,
2026-07-05 09:27:48.719+00,20.2,0ba3023f7d72ae64498cd359,
2026-07-05 09:25:23.673+00,20.2,0ba3023f7d72ae64498cd359,
2026-07-05 09:22:58.682+00,20.2,0ba3023f7d72ae64498cd359,
2026-07-05 09:20:33.697+00,20.1,0ba3023f7d72ae64498cd359,
2026-07-05 09:18:08.708+00,19.9,0ba3023f7d72ae64498cd359,
2026-07-05 09:15:43.687+00,19.7,0ba3023f7d72ae64498cd359,
2026-07-05 09:13:18.712+00,19.4,0ba3023f7d72ae64498cd359,
2026-07-05 09:10:53.691+00,19.2,0ba3023f7d72ae64498cd359,
2026-07-05 09:08:28.68+00,19.2,0ba3023f7d72ae64498cd359,
2026-07-05 09:06:03.623+00,19.2,0ba3023f7d72ae64498cd359,
2026-07-05 09:03:38.601+00,19.1,0ba3023f7d72ae64498cd359,
2026-07-05 09:01:13.595+00,19.1,0ba3023f7d72ae64498cd359,
2026-07-05 08:58:48.614+00,19.1,0ba3023f7d72ae64498cd359,
2026-07-05 08:56:23.588+00,19,0ba3023f7d72ae64498cd359,
2026-07-05 08:53:58.59+00,19,0ba3023f7d72ae64498cd359,
2026-07-05 08:51:33.612+00,19,0ba3023f7d72ae64498cd359,
2026-07-05 08:49:08.566+00,19,0ba3023f7d72ae64498cd359,
2026-07-05 08:46:44.001+00,19.1,0ba3023f7d72ae64498cd359,
2026-07-05 08:44:18.635+00,19,0ba3023f7d72ae64498cd359,
2026-07-05 08:41:53.683+00,19,0ba3023f7d72ae64498cd359,
2026-07-05 08:39:28.572+00,19,0ba3023f7d72ae64498cd359,
2026-07-05 08:37:03.718+00,19,0ba3023f7d72ae64498cd359,
2026-07-05 08:34:38.575+00,18.9,0ba3023f7d72ae64498cd359,
2026-07-05 08:29:58.376+00,18.9,0ba3023f7d72ae64498cd359,
2026-07-05 08:27:23.604+00,18.9,0ba3023f7d72ae64498cd359,
2026-07-05 08:24:58.698+00,18.9,0ba3023f7d72ae64498cd359,
2026-07-05 08:22:33.649+00,18.9,0ba3023f7d72ae64498cd359,
2026-07-05 08:20:08.596+00,18.8,0ba3023f7d72ae64498cd359,
2026-07-05 08:17:43.587+00,18.7,0ba3023f7d72ae64498cd359,
2026-07-05 08:15:18.634+00,18.7,0ba3023f7d72ae64498cd359,
2026-07-05 08:12:53.602+00,18.7,0ba3023f7d72ae64498cd359,
2026-07-05 08:10:28.599+00,18.7,0ba3023f7d72ae64498cd359,
2026-07-05 08:08:03.626+00,18.7,0ba3023f7d72ae64498cd359,
2026-07-05 08:05:38.583+00,18.7,0ba3023f7d72ae64498cd359,
2026-07-05 08:03:13.606+00,18.7,0ba3023f7d72ae64498cd359,
2026-07-05 08:00:48.616+00,18.6,0ba3023f7d72ae64498cd359,
2026-07-05 07:58:23.603+00,18.6,0ba3023f7d72ae64498cd359,
2026-07-05 07:55:59.01+00,18.5,0ba3023f7d72ae64498cd359,
2026-07-05 07:53:33.645+00,18.5,0ba3023f7d72ae64498cd359,
2026-07-05 07:51:08.588+00,18.5,0ba3023f7d72ae64498cd359,
2026-07-05 07:48:43.6+00,18.4,0ba3023f7d72ae64498cd359,
2026-07-05 07:46:18.583+00,18.4,0ba3023f7d72ae64498cd359,
2026-07-05 07:43:54.118+00,18.4,0ba3023f7d72ae64498cd359,
2026-07-05 07:41:28.598+00,18.4,0ba3023f7d72ae64498cd359,
2026-07-05 07:39:03.585+00,18.5,0ba3023f7d72ae64498cd359,
2026-07-05 07:36:38.566+00,18.5,0ba3023f7d72ae64498cd359,
2026-07-05 07:34:13.608+00,18.6,0ba3023f7d72ae64498cd359,
2026-07-05 07:31:48.597+00,18.7,0ba3023f7d72ae64498cd359,
2026-07-05 07:29:23.611+00,18.8,0ba3023f7d72ae64498cd359,
2026-07-05 07:26:59.152+00,18.8,0ba3023f7d72ae64498cd359,
2026-07-05 07:24:33.638+00,18.7,0ba3023f7d72ae64498cd359,
2026-07-05 07:19:53.482+00,18.8,0ba3023f7d72ae64498cd359,
2026-07-05 07:17:18.603+00,18.7,0ba3023f7d72ae64498cd359,
2026-07-05 07:14:53.638+00,18.7,0ba3023f7d72ae64498cd359,
2026-07-05 07:12:28.607+00,18.7,0ba3023f7d72ae64498cd359,
2026-07-05 07:10:03.632+00,18.6,0ba3023f7d72ae64498cd359,
2026-07-05 07:07:38.677+00,18.5,0ba3023f7d72ae64498cd359,
2026-07-05 07:05:13.592+00,18.4,0ba3023f7d72ae64498cd359,
2026-07-05 07:02:48.628+00,18.4,0ba3023f7d72ae64498cd359,
2026-07-05 07:00:23.64+00,18.4,0ba3023f7d72ae64498cd359,
2026-07-05 06:57:58.626+00,18.3,0ba3023f7d72ae64498cd359,
2026-07-05 06:55:33.621+00,18.2,0ba3023f7d72ae64498cd359,
2026-07-05 06:53:08.645+00,18.2,0ba3023f7d72ae64498cd359,
2026-07-05 06:50:43.652+00,18.1,0ba3023f7d72ae64498cd359,
2026-07-05 06:48:18.609+00,18.1,0ba3023f7d72ae64498cd359,
2026-07-05 06:45:53.55+00,18.1,0ba3023f7d72ae64498cd359,
2026-07-05 06:43:28.628+00,18.1,0ba3023f7d72ae64498cd359,
2026-07-05 06:41:03.631+00,18.1,0ba3023f7d72ae64498cd359,
2026-07-05 06:38:38.647+00,18.1,0ba3023f7d72ae64498cd359,
2026-07-05 06:36:13.63+00,18,0ba3023f7d72ae64498cd359,
2026-07-05 06:33:48.614+00,17.9,0ba3023f7d72ae64498cd359,
2026-07-05 06:31:23.561+00,17.8,0ba3023f7d72ae64498cd359,
2026-07-05 06:28:58.628+00,17.8,0ba3023f7d72ae64498cd359,
2026-07-05 06:26:33.638+00,17.7,0ba3023f7d72ae64498cd359,
2026-07-05 06:24:08.672+00,17.7,0ba3023f7d72ae64498cd359,
2026-07-05 06:21:43.617+00,17.7,0ba3023f7d72ae64498cd359,
2026-07-05 06:19:18.636+00,17.6,0ba3023f7d72ae64498cd359,
2026-07-05 06:16:53.58+00,17.6,0ba3023f7d72ae64498cd359,
2026-07-05 06:14:28.62+00,17.6,0ba3023f7d72ae64498cd359,
2026-07-05 06:12:03.634+00,17.6,0ba3023f7d72ae64498cd359,
2026-07-05 06:09:38.558+00,17.5,0ba3023f7d72ae64498cd359,
2026-07-05 06:07:13.515+00,17.4,0ba3023f7d72ae64498cd359,
2026-07-05 06:02:35.552+00,17.4,0ba3023f7d72ae64498cd359,
2026-07-05 05:59:58.528+00,17.4,0ba3023f7d72ae64498cd359,
2026-07-05 05:57:33.526+00,17.3,0ba3023f7d72ae64498cd359,
2026-07-05 05:55:08.559+00,17.3,0ba3023f7d72ae64498cd359,
2026-07-05 05:52:43.548+00,17.3,0ba3023f7d72ae64498cd359,
2026-07-05 05:50:18.546+00,17.2,0ba3023f7d72ae64498cd359,
2026-07-05 05:47:53.558+00,17.2,0ba3023f7d72ae64498cd359,
2026-07-05 05:45:28.523+00,17.2,0ba3023f7d72ae64498cd359,
2026-07-05 05:43:03.54+00,17.2,0ba3023f7d72ae64498cd359,
2026-07-05 05:40:38.535+00,17.2,0ba3023f7d72ae64498cd359,
2026-07-05 05:38:13.554+00,17.2,0ba3023f7d72ae64498cd359,
2026-07-05 05:35:48.509+00,17.3,0ba3023f7d72ae64498cd359,
2026-07-05 05:33:23.559+00,17.3,0ba3023f7d72ae64498cd359,
2026-07-05 05:30:58.572+00,17.3,0ba3023f7d72ae64498cd359,
2026-07-05 05:28:33.534+00,17.3,0ba3023f7d72ae64498cd359,
2026-07-05 05:26:08.537+00,17.4,0ba3023f7d72ae64498cd359,
2026-07-05 05:23:43.533+00,17.4,0ba3023f7d72ae64498cd359,
2026-07-05 05:21:18.515+00,17.5,0ba3023f7d72ae64498cd359,
2026-07-05 05:18:53.557+00,17.5,0ba3023f7d72ae64498cd359,
2026-07-05 05:16:28.506+00,17.5,0ba3023f7d72ae64498cd359,
2026-07-05 05:14:03.529+00,17.5,0ba3023f7d72ae64498cd359,
2026-07-05 05:11:38.555+00,17.4,0ba3023f7d72ae64498cd359,
2026-07-05 05:09:13.516+00,17.4,0ba3023f7d72ae64498cd359,
2026-07-05 05:06:48.507+00,17.4,0ba3023f7d72ae64498cd359,
2026-07-05 05:04:23.54+00,17.4,0ba3023f7d72ae64498cd359,
2026-07-05 05:01:58.519+00,17.4,0ba3023f7d72ae64498cd359,
2026-07-05 04:59:33.507+00,17.4,0ba3023f7d72ae64498cd359,
2026-07-05 04:57:08.517+00,17.4,0ba3023f7d72ae64498cd359,
2026-07-05 04:54:43.501+00,17.4,0ba3023f7d72ae64498cd359,
2026-07-05 04:52:18.488+00,17.4,0ba3023f7d72ae64498cd359,
2026-07-05 04:49:55.627+00,17.4,0ba3023f7d72ae64498cd359,
2026-07-05 04:47:28.496+00,17.4,0ba3023f7d72ae64498cd359,
2026-07-05 04:45:03.527+00,17.4,0ba3023f7d72ae64498cd359,
2026-07-05 04:42:38.522+00,17.4,0ba3023f7d72ae64498cd359,
2026-07-05 04:40:13.562+00,17.4,0ba3023f7d72ae64498cd359,
2026-07-05 04:37:48.484+00,17.4,0ba3023f7d72ae64498cd359,
2026-07-05 04:35:23.58+00,17.3,0ba3023f7d72ae64498cd359,
2026-07-05 04:32:58.479+00,17.3,0ba3023f7d72ae64498cd359,
2026-07-05 04:30:33.557+00,17.3,0ba3023f7d72ae64498cd359,
2026-07-05 04:28:08.557+00,17.3,0ba3023f7d72ae64498cd359,
2026-07-05 04:25:43.664+00,76.5,0ba3023f7d72ae64498cd359,
2026-07-05 04:23:18.482+00,17.3,0ba3023f7d72ae64498cd359,
2026-07-05 04:20:53.596+00,76.3,0ba3023f7d72ae64498cd359,
2026-07-05 04:18:28.485+00,17.3,0ba3023f7d72ae64498cd359,
2026-07-05 04:16:03.551+00,17.3,0ba3023f7d72ae64498cd359,
2026-07-05 04:13:38.492+00,17.3,0ba3023f7d72ae64498cd359,
2026-07-05 04:11:13.551+00,17.2,0ba3023f7d72ae64498cd359,
2026-07-05 04:08:48.483+00,17.2,0ba3023f7d72ae64498cd359,
2026-07-05 04:06:23.581+00,17.1,0ba3023f7d72ae64498cd359,
2026-07-05 04:03:58.48+00,17.1,0ba3023f7d72ae64498cd359,
2026-07-05 04:01:33.619+00,17.1,0ba3023f7d72ae64498cd359,
2026-07-05 03:59:08.529+00,17.1,0ba3023f7d72ae64498cd359,
2026-07-05 03:56:43.482+00,17.1,0ba3023f7d72ae64498cd359,
2026-07-05 03:54:18.481+00,17.1,0ba3023f7d72ae64498cd359,
2026-07-05 03:51:53.509+00,17,0ba3023f7d72ae64498cd359,
2026-07-05 03:49:28.471+00,16.9,0ba3023f7d72ae64498cd359,
2026-07-05 03:47:03.492+00,16.9,0ba3023f7d72ae64498cd359,
2026-07-05 03:44:38.512+00,16.9,0ba3023f7d72ae64498cd359,
2026-07-05 03:42:13.484+00,16.9,0ba3023f7d72ae64498cd359,
2026-07-05 03:39:49.762+00,16.9,0ba3023f7d72ae64498cd359,
2026-07-05 03:37:23.511+00,16.9,0ba3023f7d72ae64498cd359,
2026-07-05 03:34:58.465+00,16.8,0ba3023f7d72ae64498cd359,
2026-07-05 03:32:33.568+00,16.8,0ba3023f7d72ae64498cd359,
2026-07-05 03:30:08.498+00,16.8,0ba3023f7d72ae64498cd359,
2026-07-05 03:27:43.582+00,16.8,0ba3023f7d72ae64498cd359,
2026-07-05 03:25:18.476+00,16.8,0ba3023f7d72ae64498cd359,
2026-07-05 03:22:53.486+00,16.8,0ba3023f7d72ae64498cd359,
2026-07-05 03:20:28.461+00,16.8,0ba3023f7d72ae64498cd359,
2026-07-05 03:18:03.465+00,16.8,0ba3023f7d72ae64498cd359,
2026-07-05 03:15:38.505+00,16.8,0ba3023f7d72ae64498cd359,
2026-07-05 03:13:13.477+00,16.8,0ba3023f7d72ae64498cd359,
2026-07-05 03:10:48.466+00,16.8,0ba3023f7d72ae64498cd359,
2026-07-05 03:08:23.524+00,16.8,0ba3023f7d72ae64498cd359,
2026-07-05 03:05:58.474+00,16.8,0ba3023f7d72ae64498cd359,
2026-07-05 03:03:33.488+00,16.8,0ba3023f7d72ae64498cd359,
2026-07-05 03:01:08.497+00,16.8,0ba3023f7d72ae64498cd359,
2026-07-05 02:58:43.487+00,16.8,0ba3023f7d72ae64498cd359,
2026-07-05 02:56:18.476+00,16.9,0ba3023f7d72ae64498cd359,
2026-07-05 02:53:53.508+00,16.9,0ba3023f7d72ae64498cd359,
2026-07-05 02:51:28.475+00,16.9,0ba3023f7d72ae64498cd359,
2026-07-05 02:49:03.48+00,16.9,0ba3023f7d72ae64498cd359,
2026-07-05 02:46:38.509+00,16.9,0ba3023f7d72ae64498cd359,
2026-07-05 02:44:13.48+00,17,0ba3023f7d72ae64498cd359,
2026-07-05 02:41:48.516+00,17,0ba3023f7d72ae64498cd359,
2026-07-05 02:39:23.517+00,17,0ba3023f7d72ae64498cd359,
2026-07-05 02:36:58.491+00,17,0ba3023f7d72ae64498cd359,
2026-07-05 02:34:33.469+00,17,0ba3023f7d72ae64498cd359,
2026-07-05 02:32:08.516+00,17,0ba3023f7d72ae64498cd359,
2026-07-05 02:29:43.489+00,17.1,0ba3023f7d72ae64498cd359,
2026-07-05 02:27:18.479+00,17.1,0ba3023f7d72ae64498cd359,
2026-07-05 02:24:54.112+00,17.1,0ba3023f7d72ae64498cd359,
2026-07-05 02:22:28.495+00,17.1,0ba3023f7d72ae64498cd359,
2026-07-05 02:20:03.57+00,17.1,0ba3023f7d72ae64498cd359,
2026-07-05 02:17:38.474+00,17.1,0ba3023f7d72ae64498cd359,
2026-07-05 02:15:13.44+00,17.1,0ba3023f7d72ae64498cd359,
2026-07-05 02:12:48.436+00,17.1,0ba3023f7d72ae64498cd359,
2026-07-05 02:10:23.472+00,17.1,0ba3023f7d72ae64498cd359,
2026-07-05 02:07:58.497+00,17.1,0ba3023f7d72ae64498cd359,
2026-07-05 02:05:33.623+00,17.2,0ba3023f7d72ae64498cd359,
2026-07-05 02:03:08.541+00,17.2,0ba3023f7d72ae64498cd359,
2026-07-05 02:00:43.519+00,17.2,0ba3023f7d72ae64498cd359,
2026-07-05 01:58:18.517+00,17.2,0ba3023f7d72ae64498cd359,
2026-07-05 01:55:53.544+00,17.2,0ba3023f7d72ae64498cd359,
2026-07-05 01:53:28.592+00,17.3,0ba3023f7d72ae64498cd359,
2026-07-05 01:51:03.501+00,17.3,0ba3023f7d72ae64498cd359,
2026-07-05 01:48:38.518+00,17.4,0ba3023f7d72ae64498cd359,
2026-07-05 01:46:13.508+00,17.4,0ba3023f7d72ae64498cd359,
2026-07-05 01:43:48.517+00,17.4,0ba3023f7d72ae64498cd359,
2026-07-05 01:41:23.519+00,17.4,0ba3023f7d72ae64498cd359,
2026-07-05 01:38:58.428+00,17.4,0ba3023f7d72ae64498cd359,
2026-07-05 01:36:33.507+00,17.4,0ba3023f7d72ae64498cd359,
2026-07-05 01:34:08.514+00,17.3,0ba3023f7d72ae64498cd359,
2026-07-05 01:31:43.508+00,17.3,0ba3023f7d72ae64498cd359,
2026-07-05 01:29:18.531+00,17.3,0ba3023f7d72ae64498cd359,
2026-07-05 01:26:53.458+00,17.3,0ba3023f7d72ae64498cd359,
2026-07-05 01:24:28.426+00,17.3,0ba3023f7d72ae64498cd359,
2026-07-05 01:22:03.417+00,17.2,0ba3023f7d72ae64498cd359,
2026-07-05 01:19:38.498+00,17.2,0ba3023f7d72ae64498cd359,
2026-07-05 01:14:56.212+00,17.2,0ba3023f7d72ae64498cd359,
2026-07-05 01:12:23.46+00,17.1,0ba3023f7d72ae64498cd359,
2026-07-05 01:09:58.424+00,17.1,0ba3023f7d72ae64498cd359,
2026-07-05 01:07:33.433+00,17.1,0ba3023f7d72ae64498cd359,
2026-07-05 01:05:08.537+00,17.1,0ba3023f7d72ae64498cd359,
2026-07-05 01:02:43.532+00,17.1,0ba3023f7d72ae64498cd359,
2026-07-05 01:00:18.559+00,17.1,0ba3023f7d72ae64498cd359,
2026-07-05 00:57:53.446+00,17.1,0ba3023f7d72ae64498cd359,
2026-07-05 00:55:28.523+00,17.1,0ba3023f7d72ae64498cd359,
2026-07-05 00:53:03.516+00,17.1,0ba3023f7d72ae64498cd359,
2026-07-05 00:50:38.552+00,17.1,0ba3023f7d72ae64498cd359,
2026-07-05 00:48:13.513+00,17.1,0ba3023f7d72ae64498cd359,
2026-07-05 00:45:48.594+00,17,0ba3023f7d72ae64498cd359,
2026-07-05 00:43:23.637+00,17,0ba3023f7d72ae64498cd359,
2026-07-05 00:40:58.518+00,16.9,0ba3023f7d72ae64498cd359,
2026-07-05 00:38:33.526+00,16.9,0ba3023f7d72ae64498cd359,
2026-07-05 00:36:08.536+00,16.9,0ba3023f7d72ae64498cd359,
2026-07-05 00:33:43.418+00,16.9,0ba3023f7d72ae64498cd359,
2026-07-05 00:31:18.425+00,16.9,0ba3023f7d72ae64498cd359,
2026-07-05 00:28:53.551+00,16.9,0ba3023f7d72ae64498cd359,
2026-07-05 00:26:28.422+00,16.9,0ba3023f7d72ae64498cd359,
2026-07-05 00:24:03.417+00,16.9,0ba3023f7d72ae64498cd359,
2026-07-05 00:21:38.425+00,16.9,0ba3023f7d72ae64498cd359,
2026-07-05 00:19:13.424+00,16.9,0ba3023f7d72ae64498cd359,
2026-07-05 00:16:48.441+00,16.9,0ba3023f7d72ae64498cd359,
2026-07-05 00:14:23.439+00,16.9,0ba3023f7d72ae64498cd359,
2026-07-05 00:11:58.423+00,16.9,0ba3023f7d72ae64498cd359,
2026-07-05 00:09:33.524+00,16.9,0ba3023f7d72ae64498cd359,
2026-07-05 00:07:08.439+00,16.9,0ba3023f7d72ae64498cd359,
2026-07-05 00:04:44.261+00,16.9,0ba3023f7d72ae64498cd359,
2026-07-04 23:59:53.43+00,17,0ba3023f7d72ae64498cd359,
2026-07-04 23:57:28.417+00,17,0ba3023f7d72ae64498cd359,
2026-07-04 23:55:03.428+00,17,0ba3023f7d72ae64498cd359,
2026-07-04 23:52:38.442+00,17,0ba3023f7d72ae64498cd359,
2026-07-04 23:50:13.436+00,17,0ba3023f7d72ae64498cd359,
2026-07-04 23:47:48.556+00,17,0ba3023f7d72ae64498cd359,
2026-07-04 23:45:23.45+00,17,0ba3023f7d72ae64498cd359,
2026-07-04 23:42:58.449+00,17,0ba3023f7d72ae64498cd359,
2026-07-04 23:40:33.429+00,17,0ba3023f7d72ae64498cd359,
2026-07-04 23:38:08.472+00,17,0ba3023f7d72ae64498cd359,
2026-07-04 23:35:43.443+00,17,0ba3023f7d72ae64498cd359,
2026-07-04 23:33:18.384+00,16.9,0ba3023f7d72ae64498cd359,
2026-07-04 23:30:53.458+00,16.9,0ba3023f7d72ae64498cd359,
2026-07-04 23:28:28.393+00,16.9,0ba3023f7d72ae64498cd359,
2026-07-04 23:26:03.417+00,16.9,0ba3023f7d72ae64498cd359,
2026-07-04 23:23:38.458+00,16.9,0ba3023f7d72ae64498cd359,
2026-07-04 23:21:13.526+00,16.9,0ba3023f7d72ae64498cd359,
2026-07-04 23:18:48.445+00,16.9,0ba3023f7d72ae64498cd359,
2026-07-04 23:16:23.923+00,16.8,0ba3023f7d72ae64498cd359,
2026-07-04 23:13:58.443+00,16.9,0ba3023f7d72ae64498cd359,
2026-07-04 23:11:33.441+00,16.9,0ba3023f7d72ae64498cd359,
2026-07-04 23:09:08.473+00,16.9,0ba3023f7d72ae64498cd359,
2026-07-04 23:06:43.463+00,16.9,0ba3023f7d72ae64498cd359,
2026-07-04 23:04:18.446+00,16.9,0ba3023f7d72ae64498cd359,
2026-07-04 23:01:53.472+00,16.9,0ba3023f7d72ae64498cd359,
2026-07-04 22:59:28.473+00,16.9,0ba3023f7d72ae64498cd359,
2026-07-04 22:57:03.446+00,16.9,0ba3023f7d72ae64498cd359,
2026-07-04 22:54:38.456+00,16.9,0ba3023f7d72ae64498cd359,
2026-07-04 22:49:57.496+00,16.8,0ba3023f7d72ae64498cd359,
2026-07-04 22:47:23.375+00,16.8,0ba3023f7d72ae64498cd359,
2026-07-04 22:44:58.353+00,16.8,0ba3023f7d72ae64498cd359,
2026-07-04 22:42:33.357+00,16.7,0ba3023f7d72ae64498cd359,
2026-07-04 22:40:08.376+00,16.7,0ba3023f7d72ae64498cd359,
2026-07-04 22:37:43.362+00,16.7,0ba3023f7d72ae64498cd359,
2026-07-04 22:35:18.356+00,16.6,0ba3023f7d72ae64498cd359,
2026-07-04 22:32:53.393+00,16.5,0ba3023f7d72ae64498cd359,
2026-07-04 22:30:28.594+00,16.5,0ba3023f7d72ae64498cd359,
2026-07-04 22:28:03.371+00,16.4,0ba3023f7d72ae64498cd359,
2026-07-04 22:25:38.385+00,16.4,0ba3023f7d72ae64498cd359,
2026-07-04 22:23:13.357+00,16.4,0ba3023f7d72ae64498cd359,
2026-07-04 22:20:48.357+00,16.4,0ba3023f7d72ae64498cd359,
2026-07-04 22:18:23.475+00,16.4,0ba3023f7d72ae64498cd359,
2026-07-04 22:15:58.431+00,16.4,0ba3023f7d72ae64498cd359,
2026-07-04 22:13:33.346+00,16.4,0ba3023f7d72ae64498cd359,
2026-07-04 22:11:08.485+00,16.4,0ba3023f7d72ae64498cd359,
2026-07-04 22:08:43.467+00,16.4,0ba3023f7d72ae64498cd359,
2026-07-04 22:06:18.453+00,16.4,0ba3023f7d72ae64498cd359,
2026-07-04 22:03:53.482+00,16.4,0ba3023f7d72ae64498cd359,
2026-07-04 22:01:28.452+00,16.4,0ba3023f7d72ae64498cd359,
2026-07-04 21:59:03.574+00,16.3,0ba3023f7d72ae64498cd359,
2026-07-04 21:56:38.474+00,16.3,0ba3023f7d72ae64498cd359,
2026-07-04 21:54:13.474+00,16.3,0ba3023f7d72ae64498cd359,
2026-07-04 21:51:48.462+00,16.3,0ba3023f7d72ae64498cd359,
2026-07-04 21:49:23.506+00,16.3,0ba3023f7d72ae64498cd359,
2026-07-04 21:46:58.467+00,16.3,0ba3023f7d72ae64498cd359,
2026-07-04 21:44:33.362+00,16.3,0ba3023f7d72ae64498cd359,
2026-07-04 21:42:09.084+00,16.3,0ba3023f7d72ae64498cd359,
2026-07-04 21:39:44.192+00,16.3,0ba3023f7d72ae64498cd359,
2026-07-04 21:34:53.406+00,16.2,0ba3023f7d72ae64498cd359,
2026-07-04 21:32:28.376+00,16.2,0ba3023f7d72ae64498cd359,
2026-07-04 21:30:03.352+00,16.2,0ba3023f7d72ae64498cd359,
2026-07-04 21:27:38.373+00,16.2,0ba3023f7d72ae64498cd359,
2026-07-04 21:25:13.367+00,16.2,0ba3023f7d72ae64498cd359,
2026-07-04 21:22:48.352+00,16.2,0ba3023f7d72ae64498cd359,
2026-07-04 21:20:23.38+00,16.2,0ba3023f7d72ae64498cd359,
2026-07-04 21:17:58.342+00,16.2,0ba3023f7d72ae64498cd359,
2026-07-04 21:15:33.377+00,16.2,0ba3023f7d72ae64498cd359,
2026-07-04 21:13:08.81+00,16.2,0ba3023f7d72ae64498cd359,
2026-07-04 21:10:43.329+00,16.1,0ba3023f7d72ae64498cd359,
2026-07-04 21:08:18.408+00,16.1,0ba3023f7d72ae64498cd359,
2026-07-04 21:05:53.413+00,16.1,0ba3023f7d72ae64498cd359,
2026-07-04 21:03:28.364+00,16.1,0ba3023f7d72ae64498cd359,
2026-07-04 21:01:03.383+00,16.2,0ba3023f7d72ae64498cd359,
2026-07-04 20:58:38.401+00,16.2,0ba3023f7d72ae64498cd359,
2026-07-04 20:56:13.379+00,16.2,0ba3023f7d72ae64498cd359,
2026-07-04 20:53:48.36+00,16.2,0ba3023f7d72ae64498cd359,
2026-07-04 20:51:23.405+00,16.3,0ba3023f7d72ae64498cd359,
2026-07-04 20:48:58.902+00,16.3,0ba3023f7d72ae64498cd359,
2026-07-04 20:46:33.39+00,16.4,0ba3023f7d72ae64498cd359,
2026-07-04 20:44:08.358+00,16.4,0ba3023f7d72ae64498cd359,
2026-07-04 20:41:43.375+00,16.5,0ba3023f7d72ae64498cd359,
2026-07-04 20:39:18.38+00,16.5,0ba3023f7d72ae64498cd359,
2026-07-04 20:36:53.411+00,16.5,0ba3023f7d72ae64498cd359,
2026-07-04 20:34:28.373+00,16.5,0ba3023f7d72ae64498cd359,
2026-07-04 20:32:03.362+00,16.6,0ba3023f7d72ae64498cd359,
2026-07-04 20:29:38.405+00,16.6,0ba3023f7d72ae64498cd359,
2026-07-04 20:27:13.377+00,16.6,0ba3023f7d72ae64498cd359,
2026-07-04 20:22:35.825+00,16.6,0ba3023f7d72ae64498cd359,
2026-07-04 20:19:58.377+00,16.6,0ba3023f7d72ae64498cd359,
2026-07-04 20:17:33.378+00,16.6,0ba3023f7d72ae64498cd359,
2026-07-04 20:15:08.364+00,16.7,0ba3023f7d72ae64498cd359,
2026-07-04 20:12:43.398+00,16.7,0ba3023f7d72ae64498cd359,
2026-07-04 20:10:18.39+00,16.7,0ba3023f7d72ae64498cd359,
2026-07-04 20:07:53.347+00,16.7,0ba3023f7d72ae64498cd359,
2026-07-04 20:05:28.313+00,16.8,0ba3023f7d72ae64498cd359,
2026-07-04 20:03:03.298+00,16.8,0ba3023f7d72ae64498cd359,
2026-07-04 20:00:38.736+00,16.7,0ba3023f7d72ae64498cd359,
2026-07-04 19:58:13.321+00,16.7,0ba3023f7d72ae64498cd359,
2026-07-04 19:55:48.291+00,16.7,0ba3023f7d72ae64498cd359,
2026-07-04 19:53:23.324+00,16.7,0ba3023f7d72ae64498cd359,
2026-07-04 19:50:58.298+00,16.7,0ba3023f7d72ae64498cd359,
2026-07-04 19:48:33.371+00,16.6,0ba3023f7d72ae64498cd359,
2026-07-04 19:46:08.428+00,16.6,0ba3023f7d72ae64498cd359,
2026-07-04 19:43:43.304+00,16.6,0ba3023f7d72ae64498cd359,
2026-07-04 19:41:18.315+00,16.6,0ba3023f7d72ae64498cd359,
2026-07-04 19:38:53.426+00,16.6,0ba3023f7d72ae64498cd359,
2026-07-04 19:36:28.394+00,16.6,0ba3023f7d72ae64498cd359,
2026-07-04 19:34:03.392+00,16.7,0ba3023f7d72ae64498cd359,
2026-07-04 19:31:38.423+00,16.7,0ba3023f7d72ae64498cd359,
2026-07-04 19:29:13.284+00,16.8,0ba3023f7d72ae64498cd359,
2026-07-04 19:26:48.384+00,16.8,0ba3023f7d72ae64498cd359,
2026-07-04 19:24:23.481+00,16.9,0ba3023f7d72ae64498cd359,
2026-07-04 19:21:58.37+00,16.9,0ba3023f7d72ae64498cd359,
2026-07-04 19:19:33.278+00,17,0ba3023f7d72ae64498cd359,
2026-07-04 19:17:08.405+00,17.1,0ba3023f7d72ae64498cd359,
2026-07-04 19:14:43.313+00,17.2,0ba3023f7d72ae64498cd359,
2026-07-04 19:12:18.303+00,17.2,0ba3023f7d72ae64498cd359,
2026-07-04 19:09:57.566+00,17.2,0ba3023f7d72ae64498cd359,
2026-07-04 19:07:28.316+00,17.4,0ba3023f7d72ae64498cd359,
2026-07-04 19:05:03.293+00,17.5,0ba3023f7d72ae64498cd359,
2026-07-04 19:02:38.335+00,17.5,0ba3023f7d72ae64498cd359,
2026-07-04 19:00:13.31+00,17.5,0ba3023f7d72ae64498cd359,
2026-07-04 18:57:48.312+00,17.6,0ba3023f7d72ae64498cd359,
2026-07-04 18:55:23.336+00,17.6,0ba3023f7d72ae64498cd359,
2026-07-04 18:52:58.337+00,17.6,0ba3023f7d72ae64498cd359,
2026-07-04 18:50:33.308+00,17.6,0ba3023f7d72ae64498cd359,
2026-07-04 18:48:08.452+00,17.7,0ba3023f7d72ae64498cd359,
2026-07-04 18:45:43.297+00,17.7,0ba3023f7d72ae64498cd359,
2026-07-04 18:43:18.316+00,17.7,0ba3023f7d72ae64498cd359,
2026-07-04 18:40:53.338+00,17.7,0ba3023f7d72ae64498cd359,
2026-07-04 18:38:28.314+00,17.7,0ba3023f7d72ae64498cd359,
2026-07-04 18:36:03.312+00,17.6,0ba3023f7d72ae64498cd359,
2026-07-04 18:33:38.336+00,17.7,0ba3023f7d72ae64498cd359,
2026-07-04 18:31:13.308+00,17.7,0ba3023f7d72ae64498cd359,
2026-07-04 18:28:48.306+00,17.7,0ba3023f7d72ae64498cd359,
2026-07-04 18:26:23.341+00,17.8,0ba3023f7d72ae64498cd359,
2026-07-04 18:23:58.316+00,17.8,0ba3023f7d72ae64498cd359,
2026-07-04 18:21:33.304+00,17.8,0ba3023f7d72ae64498cd359,
2026-07-04 18:19:08.348+00,17.8,0ba3023f7d72ae64498cd359,
2026-07-04 18:16:43.297+00,17.9,0ba3023f7d72ae64498cd359,
2026-07-04 18:14:18.313+00,17.9,0ba3023f7d72ae64498cd359,
2026-07-04 18:11:53.438+00,18,0ba3023f7d72ae64498cd359,
2026-07-04 18:09:28.289+00,18.1,0ba3023f7d72ae64498cd359,
2026-07-04 18:07:03.323+00,18.1,0ba3023f7d72ae64498cd359,
2026-07-04 18:04:38.302+00,18.1,0ba3023f7d72ae64498cd359,
2026-07-04 17:59:56.378+00,18.2,0ba3023f7d72ae64498cd359,
2026-07-04 17:57:23.329+00,18.2,0ba3023f7d72ae64498cd359,
2026-07-04 17:54:58.313+00,18.3,0ba3023f7d72ae64498cd359,
2026-07-04 17:52:33.265+00,18.3,0ba3023f7d72ae64498cd359,
2026-07-04 17:50:08.258+00,18.4,0ba3023f7d72ae64498cd359,
2026-07-04 17:47:43.288+00,18.5,0ba3023f7d72ae64498cd359,
2026-07-04 17:45:18.31+00,18.5,0ba3023f7d72ae64498cd359,
2026-07-04 17:42:53.342+00,18.6,0ba3023f7d72ae64498cd359,
2026-07-04 17:40:28.347+00,18.6,0ba3023f7d72ae64498cd359,
2026-07-04 17:38:03.318+00,18.6,0ba3023f7d72ae64498cd359,
2026-07-04 17:35:38.233+00,18.6,0ba3023f7d72ae64498cd359,
2026-07-04 17:33:13.275+00,18.6,0ba3023f7d72ae64498cd359,
2026-07-04 17:30:48.249+00,18.6,0ba3023f7d72ae64498cd359,
2026-07-04 17:28:23.26+00,18.6,0ba3023f7d72ae64498cd359,
2026-07-04 17:25:58.284+00,18.6,0ba3023f7d72ae64498cd359,
2026-07-04 17:23:33.25+00,18.7,0ba3023f7d72ae64498cd359,
2026-07-04 17:21:08.262+00,18.7,0ba3023f7d72ae64498cd359,
2026-07-04 17:18:43.291+00,18.8,0ba3023f7d72ae64498cd359,
2026-07-04 17:16:18.249+00,18.8,0ba3023f7d72ae64498cd359,
2026-07-04 17:13:53.247+00,18.8,0ba3023f7d72ae64498cd359,
2026-07-04 17:11:28.364+00,18.8,0ba3023f7d72ae64498cd359,
2026-07-04 17:09:03.319+00,18.8,0ba3023f7d72ae64498cd359,
2026-07-04 17:06:38.321+00,18.8,0ba3023f7d72ae64498cd359,
2026-07-04 17:04:13.497+00,18.7,0ba3023f7d72ae64498cd359,
2026-07-04 17:01:48.342+00,18.8,0ba3023f7d72ae64498cd359,
2026-07-04 16:59:23.321+00,18.8,0ba3023f7d72ae64498cd359,
2026-07-04 16:56:58.36+00,18.8,0ba3023f7d72ae64498cd359,
2026-07-04 16:54:33.325+00,18.8,0ba3023f7d72ae64498cd359,
2026-07-04 16:49:57.913+00,18.9,0ba3023f7d72ae64498cd359,
2026-07-04 16:47:18.506+00,18.9,0ba3023f7d72ae64498cd359,
2026-07-04 16:44:53.226+00,18.9,0ba3023f7d72ae64498cd359,
2026-07-04 16:42:28.383+00,18.9,0ba3023f7d72ae64498cd359,
2026-07-04 16:40:03.328+00,18.9,0ba3023f7d72ae64498cd359,
2026-07-04 16:37:38.219+00,18.9,0ba3023f7d72ae64498cd359,
2026-07-04 16:35:13.268+00,18.9,0ba3023f7d72ae64498cd359,
2026-07-04 16:32:48.33+00,18.9,0ba3023f7d72ae64498cd359,
2026-07-04 16:30:23.341+00,18.9,0ba3023f7d72ae64498cd359,
2026-07-04 16:27:58.263+00,19,0ba3023f7d72ae64498cd359,
2026-07-04 16:25:33.225+00,19,0ba3023f7d72ae64498cd359,
2026-07-04 16:23:08.241+00,19.1,0ba3023f7d72ae64498cd359,
2026-07-04 16:20:43.311+00,19.1,0ba3023f7d72ae64498cd359,
2026-07-04 16:18:18.239+00,19.1,0ba3023f7d72ae64498cd359,
2026-07-04 16:15:53.237+00,19.1,0ba3023f7d72ae64498cd359,
2026-07-04 16:13:28.261+00,19.2,0ba3023f7d72ae64498cd359,
2026-07-04 16:11:03.197+00,19.2,0ba3023f7d72ae64498cd359,
2026-07-04 16:08:38.231+00,19.2,0ba3023f7d72ae64498cd359,
2026-07-04 16:06:13.271+00,19.2,0ba3023f7d72ae64498cd359,
2026-07-04 16:03:48.242+00,19.2,0ba3023f7d72ae64498cd359,
2026-07-04 16:01:23.238+00,19.3,0ba3023f7d72ae64498cd359,
2026-07-04 15:58:58.265+00,19.3,0ba3023f7d72ae64498cd359,
2026-07-04 15:56:33.265+00,19.4,0ba3023f7d72ae64498cd359,
2026-07-04 15:54:08.211+00,19.4,0ba3023f7d72ae64498cd359,
2026-07-04 15:51:43.292+00,19.5,0ba3023f7d72ae64498cd359,
2026-07-04 15:49:18.248+00,19.5,0ba3023f7d72ae64498cd359,
2026-07-04 15:46:53.244+00,19.5,0ba3023f7d72ae64498cd359,
2026-07-04 15:44:28.388+00,19.5,0ba3023f7d72ae64498cd359,
2026-07-04 15:42:03.254+00,19.5,0ba3023f7d72ae64498cd359,
2026-07-04 15:39:38.351+00,19.5,0ba3023f7d72ae64498cd359,
2026-07-04 15:37:13.305+00,19.5,0ba3023f7d72ae64498cd359,
2026-07-04 15:32:30.738+00,19.5,0ba3023f7d72ae64498cd359,
2026-07-04 15:29:58.25+00,19.5,0ba3023f7d72ae64498cd359,
2026-07-04 15:27:33.354+00,19.5,0ba3023f7d72ae64498cd359,
2026-07-04 15:25:08.251+00,19.6,0ba3023f7d72ae64498cd359,
2026-07-04 15:22:43.293+00,19.6,0ba3023f7d72ae64498cd359,
2026-07-04 15:20:18.202+00,19.7,0ba3023f7d72ae64498cd359,
2026-07-04 15:17:53.181+00,19.7,0ba3023f7d72ae64498cd359,
2026-07-04 15:15:28.23+00,19.8,0ba3023f7d72ae64498cd359,
2026-07-04 15:13:03.253+00,19.8,0ba3023f7d72ae64498cd359,
2026-07-04 15:10:38.259+00,19.9,0ba3023f7d72ae64498cd359,
2026-07-04 15:08:13.282+00,19.9,0ba3023f7d72ae64498cd359,
2026-07-04 15:05:48.257+00,19.9,0ba3023f7d72ae64498cd359,
2026-07-04 15:03:23.249+00,19.9,0ba3023f7d72ae64498cd359,
2026-07-04 15:00:58.208+00,20,0ba3023f7d72ae64498cd359,
2026-07-04 14:58:33.202+00,20,0ba3023f7d72ae64498cd359,
2026-07-04 14:56:08.198+00,20,0ba3023f7d72ae64498cd359,
2026-07-04 14:53:43.223+00,20.1,0ba3023f7d72ae64498cd359,
2026-07-04 14:51:18.2+00,20.1,0ba3023f7d72ae64498cd359,
2026-07-04 14:48:53.192+00,20.1,0ba3023f7d72ae64498cd359,
2026-07-04 14:46:28.23+00,20.2,0ba3023f7d72ae64498cd359,
2026-07-04 14:44:03.172+00,20.2,0ba3023f7d72ae64498cd359,
2026-07-04 14:41:38.193+00,20.2,0ba3023f7d72ae64498cd359,
2026-07-04 14:39:13.212+00,20.3,0ba3023f7d72ae64498cd359,
2026-07-04 14:36:48.185+00,20.3,0ba3023f7d72ae64498cd359,
2026-07-04 14:34:23.181+00,20.4,0ba3023f7d72ae64498cd359,
2026-07-04 14:31:58.204+00,20.4,0ba3023f7d72ae64498cd359,
2026-07-04 14:29:33.263+00,20.4,0ba3023f7d72ae64498cd359,
2026-07-04 14:27:08.19+00,20.5,0ba3023f7d72ae64498cd359,
2026-07-04 14:24:43.242+00,20.6,0ba3023f7d72ae64498cd359,
2026-07-04 14:22:18.262+00,20.6,0ba3023f7d72ae64498cd359,
2026-07-04 14:19:54.164+00,20.8,0ba3023f7d72ae64498cd359,
2026-07-04 14:17:28.324+00,20.9,0ba3023f7d72ae64498cd359,
2026-07-04 14:15:03.274+00,21,0ba3023f7d72ae64498cd359,
2026-07-04 14:12:38.279+00,21.2,0ba3023f7d72ae64498cd359,
2026-07-04 14:10:13.286+00,21.3,0ba3023f7d72ae64498cd359,
2026-07-04 14:07:48.302+00,21.5,0ba3023f7d72ae64498cd359,
2026-07-04 14:05:23.265+00,21.8,0ba3023f7d72ae64498cd359,
2026-07-04 14:02:58.294+00,22,0ba3023f7d72ae64498cd359,
2026-07-04 14:00:33.168+00,22.1,0ba3023f7d72ae64498cd359,
2026-07-04 13:58:08.276+00,22.1,0ba3023f7d72ae64498cd359,
2026-07-04 13:55:43.204+00,22.3,0ba3023f7d72ae64498cd359,
2026-07-04 13:53:18.248+00,22.5,0ba3023f7d72ae64498cd359,
2026-07-04 13:50:53.249+00,22.7,0ba3023f7d72ae64498cd359,
2026-07-04 13:48:28.309+00,22.9,0ba3023f7d72ae64498cd359,
2026-07-04 13:46:03.255+00,23.2,0ba3023f7d72ae64498cd359,
2026-07-04 13:43:38.267+00,23.4,0ba3023f7d72ae64498cd359,
2026-07-04 13:41:13.202+00,23.6,0ba3023f7d72ae64498cd359,
2026-07-04 13:38:48.153+00,23.7,0ba3023f7d72ae64498cd359,
2026-07-04 13:36:23.166+00,23.8,0ba3023f7d72ae64498cd359,
2026-07-04 13:33:58.205+00,24,0ba3023f7d72ae64498cd359,
2026-07-04 13:31:33.162+00,24.2,0ba3023f7d72ae64498cd359,
2026-07-04 13:29:08.278+00,24.4,0ba3023f7d72ae64498cd359,
2026-07-04 13:26:43.19+00,24.5,0ba3023f7d72ae64498cd359,
2026-07-04 13:24:18.171+00,24.6,0ba3023f7d72ae64498cd359,
2026-07-04 13:21:53.19+00,24.7,0ba3023f7d72ae64498cd359,
2026-07-04 13:19:28.207+00,24.7,0ba3023f7d72ae64498cd359,
2026-07-04 13:17:03.179+00,24.8,0ba3023f7d72ae64498cd359,
2026-07-04 13:14:38.615+00,24.8,0ba3023f7d72ae64498cd359,
2026-07-04 13:12:13.223+00,24.9,0ba3023f7d72ae64498cd359,
2026-07-04 13:09:48.28+00,25.2,0ba3023f7d72ae64498cd359,
2026-07-04 13:07:23.189+00,25.4,0ba3023f7d72ae64498cd359,
2026-07-04 13:04:58.241+00,25.6,0ba3023f7d72ae64498cd359,
2026-07-04 13:02:33.174+00,25.7,0ba3023f7d72ae64498cd359,
2026-07-04 13:00:08.182+00,25.7,0ba3023f7d72ae64498cd359,
2026-07-04 12:57:43.281+00,25.7,0ba3023f7d72ae64498cd359,
2026-07-04 12:55:18.202+00,25.7,0ba3023f7d72ae64498cd359,
2026-07-04 12:50:38.521+00,25.7,0ba3023f7d72ae64498cd359,
2026-07-04 12:48:03.182+00,25.6,0ba3023f7d72ae64498cd359,
2026-07-04 12:45:38.182+00,25.6,0ba3023f7d72ae64498cd359,
2026-07-04 12:43:13.204+00,25.7,0ba3023f7d72ae64498cd359,
2026-07-04 12:40:48.408+00,25.8,0ba3023f7d72ae64498cd359,
2026-07-04 12:38:23.281+00,25.8,0ba3023f7d72ae64498cd359,
2026-07-04 12:35:58.217+00,25.9,0ba3023f7d72ae64498cd359,
2026-07-04 12:33:33.185+00,26,0ba3023f7d72ae64498cd359,
2026-07-04 12:31:08.183+00,26.1,0ba3023f7d72ae64498cd359,
2026-07-04 12:28:43.219+00,26.3,0ba3023f7d72ae64498cd359,
2026-07-04 12:26:18.223+00,26.3,0ba3023f7d72ae64498cd359,
2026-07-04 12:23:53.209+00,26.3,0ba3023f7d72ae64498cd359,
2026-07-04 12:21:28.17+00,34.9,0ba3023f7d72ae64498cd359,
2026-07-04 12:19:03.173+00,26.6,0ba3023f7d72ae64498cd359,
2026-07-04 12:16:38.132+00,26.9,0ba3023f7d72ae64498cd359,
2026-07-04 12:14:13.16+00,27.1,0ba3023f7d72ae64498cd359,
2026-07-04 12:11:48.119+00,27.3,0ba3023f7d72ae64498cd359,
2026-07-04 12:09:23.488+00,27.6,0ba3023f7d72ae64498cd359,
2026-07-04 12:06:58.136+00,27.8,0ba3023f7d72ae64498cd359,
2026-07-04 12:04:33.131+00,28,0ba3023f7d72ae64498cd359,
2026-07-04 11:59:57.316+00,28.1,0ba3023f7d72ae64498cd359,
2026-07-04 11:57:18.125+00,28.3,0ba3023f7d72ae64498cd359,
2026-07-04 11:54:53.153+00,28.3,0ba3023f7d72ae64498cd359,
2026-07-04 11:52:28.118+00,28.2,0ba3023f7d72ae64498cd359,
2026-07-04 11:50:03.21+00,28.1,0ba3023f7d72ae64498cd359,
2026-07-04 11:47:38.242+00,28.1,0ba3023f7d72ae64498cd359,
2026-07-04 11:45:13.295+00,28,0ba3023f7d72ae64498cd359,
2026-07-04 11:42:48.189+00,27.9,0ba3023f7d72ae64498cd359,
2026-07-04 11:40:23.337+00,27.8,0ba3023f7d72ae64498cd359,
2026-07-04 11:37:58.222+00,27.6,0ba3023f7d72ae64498cd359,
2026-07-04 11:35:33.211+00,27.3,0ba3023f7d72ae64498cd359,
2026-07-04 11:33:08.236+00,27.2,0ba3023f7d72ae64498cd359,
2026-07-04 11:30:43.212+00,27,0ba3023f7d72ae64498cd359,
2026-07-04 11:28:18.102+00,26.6,0ba3023f7d72ae64498cd359,
2026-07-04 11:25:53.242+00,26.3,0ba3023f7d72ae64498cd359,
2026-07-04 11:23:28.106+00,25.9,0ba3023f7d72ae64498cd359,
2026-07-04 11:21:03.103+00,25.5,0ba3023f7d72ae64498cd359,
2026-07-04 11:18:38.139+00,25.2,0ba3023f7d72ae64498cd359,
2026-07-04 11:16:13.114+00,25.1,0ba3023f7d72ae64498cd359,
2026-07-04 11:13:48.11+00,25.1,0ba3023f7d72ae64498cd359,
2026-07-04 11:11:23.159+00,25,0ba3023f7d72ae64498cd359,
2026-07-04 11:08:58.071+00,24.9,0ba3023f7d72ae64498cd359,
2026-07-04 11:06:33.111+00,24.8,0ba3023f7d72ae64498cd359,
2026-07-04 11:04:08.158+00,24.8,0ba3023f7d72ae64498cd359,
2026-07-04 11:01:43.11+00,24.6,0ba3023f7d72ae64498cd359,
2026-07-04 10:59:18.116+00,24.5,0ba3023f7d72ae64498cd359,
2026-07-04 10:56:53.166+00,24.5,0ba3023f7d72ae64498cd359,
2026-07-04 10:54:28.107+00,24.4,0ba3023f7d72ae64498cd359,
2026-07-04 10:52:03.125+00,24.4,0ba3023f7d72ae64498cd359,
2026-07-04 10:49:38.157+00,24.6,0ba3023f7d72ae64498cd359,
2026-07-04 10:47:13.947+00,24.6,0ba3023f7d72ae64498cd359,
2026-07-04 10:42:23.157+00,25.1,0ba3023f7d72ae64498cd359,
2026-07-04 10:39:58.124+00,25,0ba3023f7d72ae64498cd359,
2026-07-04 10:37:33.107+00,24.9,0ba3023f7d72ae64498cd359,
2026-07-04 10:35:08.141+00,24.9,0ba3023f7d72ae64498cd359,
2026-07-04 10:32:43.121+00,24.8,0ba3023f7d72ae64498cd359,
2026-07-04 10:30:18.11+00,24.9,0ba3023f7d72ae64498cd359,
2026-07-04 10:27:53.142+00,24.9,0ba3023f7d72ae64498cd359,
2026-07-04 10:25:28.135+00,25.1,0ba3023f7d72ae64498cd359,
2026-07-04 10:23:03.12+00,25.2,0ba3023f7d72ae64498cd359,
2026-07-04 10:20:38.149+00,25.3,0ba3023f7d72ae64498cd359,
2026-07-04 10:18:13.137+00,25.3,0ba3023f7d72ae64498cd359,
2026-07-04 10:15:48.12+00,25.4,0ba3023f7d72ae64498cd359,
2026-07-04 10:13:23.159+00,25.4,0ba3023f7d72ae64498cd359,
2026-07-04 10:10:58.134+00,25.1,0ba3023f7d72ae64498cd359,
2026-07-04 10:08:33.229+00,24.5,0ba3023f7d72ae64498cd359,
2026-07-04 10:06:08.173+00,24,0ba3023f7d72ae64498cd359,
2026-07-04 10:03:43.124+00,23.6,0ba3023f7d72ae64498cd359,
2026-07-04 10:01:18.141+00,23.3,0ba3023f7d72ae64498cd359,
2026-07-04 09:58:53.154+00,22.8,0ba3023f7d72ae64498cd359,
2026-07-04 09:56:28.062+00,22.7,0ba3023f7d72ae64498cd359,
2026-07-04 09:54:03.111+00,22.7,0ba3023f7d72ae64498cd359,
2026-07-04 09:51:38.1+00,22.8,0ba3023f7d72ae64498cd359,
2026-07-04 09:49:13.054+00,22.8,0ba3023f7d72ae64498cd359,
2026-07-04 09:46:48.146+00,22.9,0ba3023f7d72ae64498cd359,
2026-07-04 09:44:23.104+00,23,0ba3023f7d72ae64498cd359,
2026-07-04 09:41:58.065+00,23,0ba3023f7d72ae64498cd359,
2026-07-04 09:39:33.046+00,23.1,0ba3023f7d72ae64498cd359,
2026-07-04 09:37:08.169+00,23.2,0ba3023f7d72ae64498cd359,
2026-07-04 09:34:43.156+00,23.2,0ba3023f7d72ae64498cd359,
2026-07-04 09:32:18.139+00,23.1,0ba3023f7d72ae64498cd359,
2026-07-04 09:29:53.091+00,23,0ba3023f7d72ae64498cd359,
2026-07-04 09:27:28.058+00,23,0ba3023f7d72ae64498cd359,
2026-07-04 09:25:04.691+00,22.9,0ba3023f7d72ae64498cd359,
2026-07-04 09:22:38.061+00,22.8,0ba3023f7d72ae64498cd359,
2026-07-04 09:20:13.139+00,22.5,0ba3023f7d72ae64498cd359,
2026-07-04 09:17:48.152+00,22.2,0ba3023f7d72ae64498cd359,
2026-07-04 09:15:23.215+00,22.1,0ba3023f7d72ae64498cd359,
2026-07-04 09:12:58.149+00,21.8,0ba3023f7d72ae64498cd359,
2026-07-04 09:10:33.15+00,21.7,0ba3023f7d72ae64498cd359,
2026-07-04 09:08:08.167+00,21.6,0ba3023f7d72ae64498cd359,
2026-07-04 09:05:43.149+00,21.6,0ba3023f7d72ae64498cd359,
2026-07-04 09:03:18.136+00,21.6,0ba3023f7d72ae64498cd359,
2026-07-04 09:00:53.295+00,21.8,0ba3023f7d72ae64498cd359,
2026-07-04 08:58:28.143+00,22,0ba3023f7d72ae64498cd359,
2026-07-04 08:56:03.141+00,22.3,0ba3023f7d72ae64498cd359,
2026-07-04 08:53:38.168+00,22.3,0ba3023f7d72ae64498cd359,
2026-07-04 08:51:13.163+00,22.2,0ba3023f7d72ae64498cd359,
2026-07-04 08:48:48.041+00,22.1,0ba3023f7d72ae64498cd359,
2026-07-04 08:46:23.053+00,22,0ba3023f7d72ae64498cd359,
2026-07-04 08:43:58.033+00,22,0ba3023f7d72ae64498cd359,
2026-07-04 08:41:33.05+00,22,0ba3023f7d72ae64498cd359,
2026-07-04 08:39:08.077+00,21.9,0ba3023f7d72ae64498cd359,
2026-07-04 08:36:43.024+00,21.9,0ba3023f7d72ae64498cd359,
2026-07-04 08:34:18.052+00,22.1,0ba3023f7d72ae64498cd359,
2026-07-04 08:31:53.07+00,22.4,0ba3023f7d72ae64498cd359,
2026-07-04 08:29:28.043+00,22.9,0ba3023f7d72ae64498cd359,
2026-07-04 08:27:03.046+00,23.4,0ba3023f7d72ae64498cd359,
2026-07-04 08:24:38.06+00,23.7,0ba3023f7d72ae64498cd359,
2026-07-04 08:22:13.053+00,23.9,0ba3023f7d72ae64498cd359,
2026-07-04 08:19:48.05+00,23.9,0ba3023f7d72ae64498cd359,
2026-07-04 08:17:23.512+00,24,0ba3023f7d72ae64498cd359,
2026-07-04 08:14:58.051+00,23.9,0ba3023f7d72ae64498cd359,
2026-07-04 08:12:33.094+00,23.5,0ba3023f7d72ae64498cd359,
2026-07-04 08:10:08.086+00,23.4,0ba3023f7d72ae64498cd359,
2026-07-04 08:07:43.05+00,23.1,0ba3023f7d72ae64498cd359,
2026-07-04 08:05:18.105+00,23,0ba3023f7d72ae64498cd359,
2026-07-04 08:02:53.095+00,22.8,0ba3023f7d72ae64498cd359,
2026-07-04 08:00:28.064+00,22.3,0ba3023f7d72ae64498cd359,
2026-07-04 07:58:03.067+00,21.6,0ba3023f7d72ae64498cd359,
2026-07-04 07:55:38.108+00,21.5,0ba3023f7d72ae64498cd359,
2026-07-04 07:53:13.073+00,21.5,0ba3023f7d72ae64498cd359,
2026-07-04 07:50:48.2+00,21.5,0ba3023f7d72ae64498cd359,
2026-07-04 07:48:23.12+00,21.4,0ba3023f7d72ae64498cd359,
2026-07-04 07:45:58.056+00,20.9,0ba3023f7d72ae64498cd359,
2026-07-04 07:43:33.06+00,21,0ba3023f7d72ae64498cd359,
2026-07-04 07:41:08.085+00,21.1,0ba3023f7d72ae64498cd359,
2026-07-04 07:38:43.065+00,21.1,0ba3023f7d72ae64498cd359,
2026-07-04 07:36:18.051+00,20.9,0ba3023f7d72ae64498cd359,
2026-07-04 07:33:53.103+00,20.6,0ba3023f7d72ae64498cd359,
2026-07-04 07:31:28.07+00,20.2,0ba3023f7d72ae64498cd359,
2026-07-04 07:29:03.12+00,20,0ba3023f7d72ae64498cd359,
2026-07-04 07:26:38.095+00,19.9,0ba3023f7d72ae64498cd359,
2026-07-04 07:24:13.07+00,19.8,0ba3023f7d72ae64498cd359,
2026-07-04 07:21:48.071+00,19.6,0ba3023f7d72ae64498cd359,
2026-07-04 07:19:23.122+00,19.4,0ba3023f7d72ae64498cd359,
2026-07-04 07:16:58.071+00,19.3,0ba3023f7d72ae64498cd359,
2026-07-04 07:14:33.008+00,19.2,0ba3023f7d72ae64498cd359,
2026-07-04 07:12:08.041+00,19.1,0ba3023f7d72ae64498cd359,
2026-07-04 07:09:43.069+00,19.1,0ba3023f7d72ae64498cd359,
2026-07-04 07:07:17.988+00,19,0ba3023f7d72ae64498cd359,
2026-07-04 07:04:53.529+00,19,0ba3023f7d72ae64498cd359,
2026-07-04 07:02:29.225+00,19,0ba3023f7d72ae64498cd359,
2026-07-04 07:00:03.087+00,19,0ba3023f7d72ae64498cd359,
2026-07-04 06:57:38.016+00,18.9,0ba3023f7d72ae64498cd359,
2026-07-04 06:55:12.997+00,18.9,0ba3023f7d72ae64498cd359,
2026-07-04 06:52:47.988+00,18.8,0ba3023f7d72ae64498cd359,
2026-07-04 06:50:23.122+00,18.6,0ba3023f7d72ae64498cd359,
2026-07-04 06:47:58.074+00,18.6,0ba3023f7d72ae64498cd359,
2026-07-04 06:45:33.002+00,18.6,0ba3023f7d72ae64498cd359,
2026-07-04 06:43:08.104+00,18.6,0ba3023f7d72ae64498cd359,
2026-07-04 06:40:43.076+00,18.5,0ba3023f7d72ae64498cd359,
2026-07-04 06:38:18.081+00,18.4,0ba3023f7d72ae64498cd359,
2026-07-04 06:35:53.11+00,18.4,0ba3023f7d72ae64498cd359,
2026-07-04 06:33:28.082+00,18.3,0ba3023f7d72ae64498cd359,
2026-07-04 06:31:03.07+00,18.3,0ba3023f7d72ae64498cd359,
2026-07-04 06:28:38.101+00,18.2,0ba3023f7d72ae64498cd359,
2026-07-04 06:26:13.075+00,18.1,0ba3023f7d72ae64498cd359,
2026-07-04 06:23:48.076+00,18,0ba3023f7d72ae64498cd359,
2026-07-04 06:21:23.108+00,17.9,0ba3023f7d72ae64498cd359,
2026-07-04 06:18:58.085+00,17.8,0ba3023f7d72ae64498cd359,
2026-07-04 06:16:33.087+00,17.7,0ba3023f7d72ae64498cd359,
2026-07-04 06:14:08.108+00,17.6,0ba3023f7d72ae64498cd359,
2026-07-04 06:11:43.093+00,17.6,0ba3023f7d72ae64498cd359,
2026-07-04 06:09:18.083+00,17.5,0ba3023f7d72ae64498cd359,
2026-07-04 06:06:53.12+00,17.4,0ba3023f7d72ae64498cd359,
2026-07-04 06:04:27.982+00,17.3,0ba3023f7d72ae64498cd359,
2026-07-04 06:02:02.995+00,17.2,0ba3023f7d72ae64498cd359,
2026-07-04 05:59:38.012+00,17.1,0ba3023f7d72ae64498cd359,
2026-07-04 05:57:12.987+00,17,0ba3023f7d72ae64498cd359,
2026-07-04 05:54:47.984+00,16.9,0ba3023f7d72ae64498cd359,
2026-07-04 05:52:23.013+00,16.9,0ba3023f7d72ae64498cd359,
2026-07-04 05:49:58.855+00,16.9,0ba3023f7d72ae64498cd359,
2026-07-04 05:45:08.016+00,16.8,0ba3023f7d72ae64498cd359,
2026-07-04 05:42:43.093+00,16.7,0ba3023f7d72ae64498cd359,
2026-07-04 05:40:17.981+00,16.6,0ba3023f7d72ae64498cd359,
2026-07-04 05:37:53.021+00,16.6,0ba3023f7d72ae64498cd359,
2026-07-04 05:35:28.005+00,16.5,0ba3023f7d72ae64498cd359,
2026-07-04 05:33:03.008+00,16.5,0ba3023f7d72ae64498cd359,
2026-07-04 05:30:38.012+00,16.4,0ba3023f7d72ae64498cd359,
2026-07-04 05:28:13.011+00,16.4,0ba3023f7d72ae64498cd359,
2026-07-04 05:25:47.977+00,16.3,0ba3023f7d72ae64498cd359,
2026-07-04 05:23:23.032+00,16.2,0ba3023f7d72ae64498cd359,
2026-07-04 05:20:57.982+00,16.2,0ba3023f7d72ae64498cd359,
2026-07-04 05:18:32.994+00,16.1,0ba3023f7d72ae64498cd359,
2026-07-04 05:16:08.039+00,16.1,0ba3023f7d72ae64498cd359,
2026-07-04 05:13:43.006+00,16.1,0ba3023f7d72ae64498cd359,
2026-07-04 05:11:17.99+00,16,0ba3023f7d72ae64498cd359,
2026-07-04 05:08:53.039+00,16,0ba3023f7d72ae64498cd359,
2026-07-04 05:06:27.996+00,15.9,0ba3023f7d72ae64498cd359,
2026-07-04 05:04:02.985+00,15.9,0ba3023f7d72ae64498cd359,
2026-07-04 05:01:38.023+00,15.8,0ba3023f7d72ae64498cd359,
2026-07-04 04:59:13.008+00,15.8,0ba3023f7d72ae64498cd359,
2026-07-04 04:56:48.003+00,15.7,0ba3023f7d72ae64498cd359,
2026-07-04 04:54:23.03+00,15.8,0ba3023f7d72ae64498cd359,
2026-07-04 04:51:58.01+00,15.8,0ba3023f7d72ae64498cd359,
2026-07-04 04:49:33.021+00,15.8,0ba3023f7d72ae64498cd359,
2026-07-04 04:47:08.054+00,15.8,0ba3023f7d72ae64498cd359,
2026-07-04 04:44:43.003+00,15.8,0ba3023f7d72ae64498cd359,
2026-07-04 04:42:20.268+00,15.8,0ba3023f7d72ae64498cd359,
2026-07-04 04:39:52.969+00,15.8,0ba3023f7d72ae64498cd359,
2026-07-04 04:37:27.957+00,15.8,0ba3023f7d72ae64498cd359,
2026-07-04 04:35:03.326+00,15.8,0ba3023f7d72ae64498cd359,
2026-07-04 04:32:37.982+00,15.8,0ba3023f7d72ae64498cd359,
2026-07-04 04:30:12.949+00,15.7,0ba3023f7d72ae64498cd359,
2026-07-04 04:27:47.949+00,15.7,0ba3023f7d72ae64498cd359,
2026-07-04 04:25:22.982+00,15.6,0ba3023f7d72ae64498cd359,
2026-07-04 04:22:57.939+00,15.6,0ba3023f7d72ae64498cd359,
2026-07-04 04:20:32.937+00,15.5,0ba3023f7d72ae64498cd359,
2026-07-04 04:18:07.967+00,15.5,0ba3023f7d72ae64498cd359,
2026-07-04 04:15:42.931+00,15.4,0ba3023f7d72ae64498cd359,
2026-07-04 04:13:18.013+00,15.4,0ba3023f7d72ae64498cd359,
2026-07-04 04:10:53.093+00,15.4,0ba3023f7d72ae64498cd359,
2026-07-04 04:08:27.989+00,15.4,0ba3023f7d72ae64498cd359,
2026-07-04 04:06:03.167+00,15.4,0ba3023f7d72ae64498cd359,
2026-07-04 04:03:37.956+00,15.4,0ba3023f7d72ae64498cd359,
2026-07-04 04:01:13.333+00,15.4,0ba3023f7d72ae64498cd359,
2026-07-04 03:58:48.021+00,15.4,0ba3023f7d72ae64498cd359,
2026-07-04 03:56:23.062+00,15.4,0ba3023f7d72ae64498cd359,
2026-07-04 03:53:58.017+00,15.4,0ba3023f7d72ae64498cd359,
2026-07-04 03:51:32.925+00,15.4,0ba3023f7d72ae64498cd359,
2026-07-04 03:49:08.034+00,15.4,0ba3023f7d72ae64498cd359,
2026-07-04 03:46:43.026+00,15.3,0ba3023f7d72ae64498cd359,
2026-07-04 03:44:17.935+00,15.4,0ba3023f7d72ae64498cd359,
2026-07-04 03:41:52.964+00,15.4,0ba3023f7d72ae64498cd359,
2026-07-04 03:39:27.927+00,15.4,0ba3023f7d72ae64498cd359,
2026-07-04 03:37:03.329+00,15.3,0ba3023f7d72ae64498cd359,
2026-07-04 03:34:37.954+00,15.3,0ba3023f7d72ae64498cd359,
2026-07-04 03:32:12.948+00,15.2,0ba3023f7d72ae64498cd359,
2026-07-04 03:29:47.922+00,15.2,0ba3023f7d72ae64498cd359,
2026-07-04 03:27:22.978+00,15.2,0ba3023f7d72ae64498cd359,
2026-07-04 03:25:00.596+00,15.2,0ba3023f7d72ae64498cd359,
2026-07-04 03:22:32.892+00,15.1,0ba3023f7d72ae64498cd359,
2026-07-04 03:20:07.969+00,15.1,0ba3023f7d72ae64498cd359,
2026-07-04 03:17:42.915+00,15.1,0ba3023f7d72ae64498cd359,
2026-07-04 03:15:17.923+00,15,0ba3023f7d72ae64498cd359,
2026-07-04 03:12:52.926+00,15,0ba3023f7d72ae64498cd359,
2026-07-04 03:10:27.955+00,15,0ba3023f7d72ae64498cd359,
2026-07-04 03:08:02.921+00,15,0ba3023f7d72ae64498cd359,
2026-07-04 03:05:37.971+00,15,0ba3023f7d72ae64498cd359,
2026-07-04 03:03:12.906+00,15,0ba3023f7d72ae64498cd359,
2026-07-04 03:00:47.923+00,15,0ba3023f7d72ae64498cd359,
2026-07-04 02:58:22.92+00,15,0ba3023f7d72ae64498cd359,
2026-07-04 02:55:57.931+00,14.9,0ba3023f7d72ae64498cd359,
2026-07-04 02:53:32.894+00,14.9,0ba3023f7d72ae64498cd359,
2026-07-04 02:51:07.967+00,14.8,0ba3023f7d72ae64498cd359,
2026-07-04 02:48:42.893+00,14.8,0ba3023f7d72ae64498cd359,
2026-07-04 02:46:17.943+00,14.8,0ba3023f7d72ae64498cd359,
2026-07-04 02:43:52.924+00,14.8,0ba3023f7d72ae64498cd359,
2026-07-04 02:41:27.935+00,14.9,0ba3023f7d72ae64498cd359,
2026-07-04 02:39:02.868+00,14.9,0ba3023f7d72ae64498cd359,
2026-07-04 02:36:37.972+00,15,0ba3023f7d72ae64498cd359,
2026-07-04 02:34:12.868+00,15.1,0ba3023f7d72ae64498cd359,
2026-07-04 02:31:47.889+00,15.1,0ba3023f7d72ae64498cd359,
2026-07-04 02:29:22.918+00,15.2,0ba3023f7d72ae64498cd359,
2026-07-04 02:26:58.04+00,15.2,0ba3023f7d72ae64498cd359,
2026-07-04 02:24:32.874+00,15.3,0ba3023f7d72ae64498cd359,
2026-07-04 02:22:07.968+00,15.3,0ba3023f7d72ae64498cd359,
2026-07-04 02:19:42.878+00,15.4,0ba3023f7d72ae64498cd359,
2026-07-04 02:17:18.274+00,15.4,0ba3023f7d72ae64498cd359,
2026-07-04 02:14:55.164+00,15.4,0ba3023f7d72ae64498cd359,
2026-07-04 02:12:28.041+00,15.5,0ba3023f7d72ae64498cd359,
2026-07-04 02:10:02.84+00,15.5,0ba3023f7d72ae64498cd359,
2026-07-04 02:07:37.898+00,15.6,0ba3023f7d72ae64498cd359,
2026-07-04 02:05:12.855+00,15.7,0ba3023f7d72ae64498cd359,
2026-07-04 02:02:48.414+00,15.7,0ba3023f7d72ae64498cd359,
2026-07-04 02:00:22.887+00,15.7,0ba3023f7d72ae64498cd359,
2026-07-04 01:57:57.841+00,15.8,0ba3023f7d72ae64498cd359,
2026-07-04 01:55:32.849+00,15.8,0ba3023f7d72ae64498cd359,
2026-07-04 01:53:07.897+00,15.8,0ba3023f7d72ae64498cd359,
2026-07-04 01:50:42.844+00,15.8,0ba3023f7d72ae64498cd359,
2026-07-04 01:48:17.888+00,15.9,0ba3023f7d72ae64498cd359,
2026-07-04 01:45:52.872+00,15.9,0ba3023f7d72ae64498cd359,
2026-07-04 01:43:28.215+00,15.9,0ba3023f7d72ae64498cd359,
2026-07-04 01:41:02.839+00,16,0ba3023f7d72ae64498cd359,
2026-07-04 01:38:37.874+00,16,0ba3023f7d72ae64498cd359,
2026-07-04 01:36:12.847+00,16,0ba3023f7d72ae64498cd359,
2026-07-04 01:33:47.812+00,16,0ba3023f7d72ae64498cd359,
2026-07-04 01:31:22.97+00,16,0ba3023f7d72ae64498cd359,
2026-07-04 01:28:57.832+00,16.1,0ba3023f7d72ae64498cd359,
2026-07-04 01:26:32.863+00,16.1,0ba3023f7d72ae64498cd359,
2026-07-04 01:24:07.899+00,16.1,0ba3023f7d72ae64498cd359,
2026-07-04 01:21:42.866+00,60.7,0ba3023f7d72ae64498cd359,
2026-07-04 01:19:17.844+00,16.1,0ba3023f7d72ae64498cd359,
2026-07-04 01:16:52.881+00,16.1,0ba3023f7d72ae64498cd359,
2026-07-04 01:14:27.955+00,16.1,0ba3023f7d72ae64498cd359,
2026-07-04 01:12:02.962+00,16.1,0ba3023f7d72ae64498cd359,
2026-07-04 01:09:37.885+00,16.1,0ba3023f7d72ae64498cd359,
2026-07-04 01:07:12.861+00,16.1,0ba3023f7d72ae64498cd359,
2026-07-04 01:04:49.994+00,16.2,0ba3023f7d72ae64498cd359,
2026-07-04 01:02:23.003+00,16.2,0ba3023f7d72ae64498cd359,
2026-07-04 00:59:57.871+00,16.2,0ba3023f7d72ae64498cd359,
2026-07-04 00:57:32.958+00,16.2,0ba3023f7d72ae64498cd359,
2026-07-04 00:55:07.905+00,16.2,0ba3023f7d72ae64498cd359,
2026-07-04 00:52:42.861+00,16.2,0ba3023f7d72ae64498cd359,
2026-07-04 00:50:17.849+00,16.2,0ba3023f7d72ae64498cd359,
2026-07-04 00:47:52.904+00,16.2,0ba3023f7d72ae64498cd359,
2026-07-04 00:45:27.862+00,16.2,0ba3023f7d72ae64498cd359,
2026-07-04 00:43:02.857+00,16.1,0ba3023f7d72ae64498cd359,
2026-07-04 00:40:37.903+00,16.1,0ba3023f7d72ae64498cd359,
2026-07-04 00:38:12.87+00,16.1,0ba3023f7d72ae64498cd359,
2026-07-04 00:35:47.867+00,16.1,0ba3023f7d72ae64498cd359,
2026-07-04 00:33:22.885+00,16.1,0ba3023f7d72ae64498cd359,
2026-07-04 00:30:57.871+00,16.1,0ba3023f7d72ae64498cd359,
2026-07-04 00:28:32.884+00,16.1,0ba3023f7d72ae64498cd359,
2026-07-04 00:26:07.888+00,16,0ba3023f7d72ae64498cd359,
2026-07-04 00:23:42.882+00,16,0ba3023f7d72ae64498cd359,
2026-07-04 00:21:17.863+00,16,0ba3023f7d72ae64498cd359,
2026-07-04 00:18:53.331+00,16,0ba3023f7d72ae64498cd359,
2026-07-04 00:16:27.864+00,16,0ba3023f7d72ae64498cd359,
2026-07-04 00:14:02.867+00,16,0ba3023f7d72ae64498cd359,
2026-07-04 00:11:37.931+00,15.9,0ba3023f7d72ae64498cd359,
2026-07-04 00:09:12.863+00,15.9,0ba3023f7d72ae64498cd359,
2026-07-04 00:06:47.859+00,15.9,0ba3023f7d72ae64498cd359,
2026-07-04 00:04:22.925+00,15.8,0ba3023f7d72ae64498cd359,
2026-07-04 00:01:57.83+00,15.8,0ba3023f7d72ae64498cd359,
2026-07-03 23:59:33.287+00,15.8,0ba3023f7d72ae64498cd359,
2026-07-03 23:57:07.916+00,15.8,0ba3023f7d72ae64498cd359,
2026-07-03 23:54:42.882+00,15.7,0ba3023f7d72ae64498cd359,
2026-07-03 23:52:17.876+00,15.7,0ba3023f7d72ae64498cd359,
2026-07-03 23:49:54.707+00,15.7,0ba3023f7d72ae64498cd359,
2026-07-03 23:47:27.905+00,15.7,0ba3023f7d72ae64498cd359,
2026-07-03 23:45:02.867+00,15.8,0ba3023f7d72ae64498cd359,
2026-07-03 23:42:37.914+00,15.8,0ba3023f7d72ae64498cd359,
2026-07-03 23:40:12.891+00,15.8,0ba3023f7d72ae64498cd359,
2026-07-03 23:37:47.883+00,15.9,0ba3023f7d72ae64498cd359,
2026-07-03 23:35:22.922+00,15.9,0ba3023f7d72ae64498cd359,
2026-07-03 23:32:57.883+00,16,0ba3023f7d72ae64498cd359,
2026-07-03 23:30:32.874+00,16.1,0ba3023f7d72ae64498cd359,
2026-07-03 23:28:07.927+00,16.1,0ba3023f7d72ae64498cd359,
2026-07-03 23:25:42.865+00,16.2,0ba3023f7d72ae64498cd359,
2026-07-03 23:23:17.883+00,16.2,0ba3023f7d72ae64498cd359,
2026-07-03 23:20:52.946+00,16.3,0ba3023f7d72ae64498cd359,
2026-07-03 23:18:27.888+00,16.4,0ba3023f7d72ae64498cd359,
2026-07-03 23:16:02.893+00,16.5,0ba3023f7d72ae64498cd359,
2026-07-03 23:13:37.824+00,16.6,0ba3023f7d72ae64498cd359,
2026-07-03 23:11:12.893+00,16.7,0ba3023f7d72ae64498cd359,
2026-07-03 23:08:47.823+00,16.7,0ba3023f7d72ae64498cd359,
2026-07-03 23:06:22.81+00,16.8,0ba3023f7d72ae64498cd359,
2026-07-03 23:03:57.798+00,16.9,0ba3023f7d72ae64498cd359,
2026-07-03 23:01:32.781+00,16.9,0ba3023f7d72ae64498cd359,
2026-07-03 22:59:07.812+00,17,0ba3023f7d72ae64498cd359,
2026-07-03 22:56:42.783+00,17,0ba3023f7d72ae64498cd359,
2026-07-03 22:54:17.794+00,17.1,0ba3023f7d72ae64498cd359,
2026-07-03 22:51:53.357+00,17.1,0ba3023f7d72ae64498cd359,
2026-07-03 22:49:27.814+00,17.1,0ba3023f7d72ae64498cd359,
2026-07-03 22:47:02.928+00,17.1,0ba3023f7d72ae64498cd359,
2026-07-03 22:44:37.814+00,17.1,0ba3023f7d72ae64498cd359,
2026-07-03 22:39:56.008+00,17.1,0ba3023f7d72ae64498cd359,
2026-07-03 22:37:22.784+00,17.1,0ba3023f7d72ae64498cd359,
2026-07-03 22:34:57.825+00,17.1,0ba3023f7d72ae64498cd359,
2026-07-03 22:32:32.799+00,17.1,0ba3023f7d72ae64498cd359,
2026-07-03 22:30:07.792+00,17.2,0ba3023f7d72ae64498cd359,
2026-07-03 22:27:42.847+00,17.2,0ba3023f7d72ae64498cd359,
2026-07-03 22:25:17.793+00,17.2,0ba3023f7d72ae64498cd359,
2026-07-03 22:22:53.237+00,17.3,0ba3023f7d72ae64498cd359,
2026-07-03 22:20:27.837+00,17.3,0ba3023f7d72ae64498cd359,
2026-07-03 22:18:02.78+00,17.4,0ba3023f7d72ae64498cd359,
2026-07-03 22:15:37.81+00,17.4,0ba3023f7d72ae64498cd359,
2026-07-03 22:13:12.867+00,17.4,0ba3023f7d72ae64498cd359,
2026-07-03 22:10:47.809+00,17.5,0ba3023f7d72ae64498cd359,
2026-07-03 22:08:22.822+00,17.5,0ba3023f7d72ae64498cd359,
2026-07-03 22:05:57.841+00,17.5,0ba3023f7d72ae64498cd359,
2026-07-03 22:03:32.802+00,17.6,0ba3023f7d72ae64498cd359,
2026-07-03 22:01:07.8+00,17.6,0ba3023f7d72ae64498cd359,
2026-07-03 21:58:42.833+00,17.6,0ba3023f7d72ae64498cd359,
2026-07-03 21:56:17.815+00,17.6,0ba3023f7d72ae64498cd359,
2026-07-03 21:53:52.811+00,17.6,0ba3023f7d72ae64498cd359,
2026-07-03 21:51:27.879+00,17.6,0ba3023f7d72ae64498cd359,
2026-07-03 21:49:02.81+00,17.6,0ba3023f7d72ae64498cd359,
2026-07-03 21:46:37.822+00,17.7,0ba3023f7d72ae64498cd359,
2026-07-03 21:44:12.841+00,17.7,0ba3023f7d72ae64498cd359,
2026-07-03 21:41:47.828+00,54.4,0ba3023f7d72ae64498cd359,
2026-07-03 21:39:22.778+00,17.7,0ba3023f7d72ae64498cd359,
2026-07-03 21:36:57.845+00,17.7,0ba3023f7d72ae64498cd359,
2026-07-03 21:34:32.757+00,17.7,0ba3023f7d72ae64498cd359,
2026-07-03 21:29:55.038+00,17.7,0ba3023f7d72ae64498cd359,
2026-07-03 21:27:17.821+00,17.7,0ba3023f7d72ae64498cd359,
2026-07-03 21:24:52.86+00,17.8,0ba3023f7d72ae64498cd359,
2026-07-03 21:22:27.816+00,17.8,0ba3023f7d72ae64498cd359,
2026-07-03 21:20:02.827+00,17.9,0ba3023f7d72ae64498cd359,
2026-07-03 21:17:37.845+00,17.9,0ba3023f7d72ae64498cd359,
2026-07-03 21:15:12.825+00,17.9,0ba3023f7d72ae64498cd359,
2026-07-03 21:12:47.836+00,18,0ba3023f7d72ae64498cd359,
2026-07-03 21:10:22.844+00,18.1,0ba3023f7d72ae64498cd359,
2026-07-03 21:07:57.816+00,18.1,0ba3023f7d72ae64498cd359,
2026-07-03 21:05:32.825+00,18.1,0ba3023f7d72ae64498cd359,
2026-07-03 21:03:07.867+00,18.2,0ba3023f7d72ae64498cd359,
2026-07-03 21:00:42.823+00,18.3,0ba3023f7d72ae64498cd359,
2026-07-03 20:58:17.818+00,18.3,0ba3023f7d72ae64498cd359,
2026-07-03 20:55:52.958+00,18.3,0ba3023f7d72ae64498cd359,
2026-07-03 20:53:27.841+00,18.4,0ba3023f7d72ae64498cd359,
2026-07-03 20:51:02.824+00,18.4,0ba3023f7d72ae64498cd359,
2026-07-03 20:48:37.804+00,18.4,0ba3023f7d72ae64498cd359,
2026-07-03 20:46:12.779+00,18.4,0ba3023f7d72ae64498cd359,
2026-07-03 20:43:47.754+00,18.5,0ba3023f7d72ae64498cd359,
2026-07-03 20:41:22.785+00,18.5,0ba3023f7d72ae64498cd359,
2026-07-03 20:38:57.751+00,18.6,0ba3023f7d72ae64498cd359,
2026-07-03 20:36:32.741+00,18.6,0ba3023f7d72ae64498cd359,
2026-07-03 20:34:07.8+00,18.6,0ba3023f7d72ae64498cd359,
2026-07-03 20:31:42.737+00,18.7,0ba3023f7d72ae64498cd359,
2026-07-03 20:29:17.745+00,18.7,0ba3023f7d72ae64498cd359,
2026-07-03 20:26:52.785+00,18.8,0ba3023f7d72ae64498cd359,
2026-07-03 20:24:27.734+00,18.8,0ba3023f7d72ae64498cd359,
2026-07-03 20:22:02.821+00,18.9,0ba3023f7d72ae64498cd359,
2026-07-03 20:19:37.764+00,18.9,0ba3023f7d72ae64498cd359,
2026-07-03 20:17:12.833+00,19,0ba3023f7d72ae64498cd359,
2026-07-03 20:14:47.778+00,19,0ba3023f7d72ae64498cd359,
2026-07-03 20:12:22.873+00,19.1,0ba3023f7d72ae64498cd359,
2026-07-03 20:09:57.843+00,19.1,0ba3023f7d72ae64498cd359,
2026-07-03 20:07:32.941+00,19.2,0ba3023f7d72ae64498cd359,
2026-07-03 20:05:07.852+00,19.2,0ba3023f7d72ae64498cd359,
2026-07-03 20:02:42.85+00,19.3,0ba3023f7d72ae64498cd359,
2026-07-03 20:00:17.825+00,19.3,0ba3023f7d72ae64498cd359,
2026-07-03 19:57:52.863+00,19.3,0ba3023f7d72ae64498cd359,
2026-07-03 19:55:28.355+00,19.4,0ba3023f7d72ae64498cd359,
2026-07-03 19:53:02.738+00,19.5,0ba3023f7d72ae64498cd359,
2026-07-03 19:50:37.78+00,19.5,0ba3023f7d72ae64498cd359,
2026-07-03 19:48:12.743+00,19.6,0ba3023f7d72ae64498cd359,
2026-07-03 19:45:47.786+00,19.7,0ba3023f7d72ae64498cd359,
2026-07-03 19:43:22.791+00,19.7,0ba3023f7d72ae64498cd359,
2026-07-03 19:40:57.742+00,19.8,0ba3023f7d72ae64498cd359,
2026-07-03 19:38:32.752+00,19.9,0ba3023f7d72ae64498cd359,
2026-07-03 19:36:07.8+00,19.9,0ba3023f7d72ae64498cd359,
2026-07-03 19:33:42.746+00,20,0ba3023f7d72ae64498cd359,
2026-07-03 19:31:17.743+00,20.1,0ba3023f7d72ae64498cd359,
2026-07-03 19:28:52.789+00,20.1,0ba3023f7d72ae64498cd359,
2026-07-03 19:26:27.747+00,20.2,0ba3023f7d72ae64498cd359,
2026-07-03 19:24:02.75+00,20.3,0ba3023f7d72ae64498cd359,
2026-07-03 19:21:37.776+00,20.4,0ba3023f7d72ae64498cd359,
2026-07-03 19:19:12.764+00,20.4,0ba3023f7d72ae64498cd359,
2026-07-03 19:16:47.783+00,20.5,0ba3023f7d72ae64498cd359,
2026-07-03 19:14:22.787+00,20.6,0ba3023f7d72ae64498cd359,
2026-07-03 19:11:57.872+00,20.7,0ba3023f7d72ae64498cd359,
2026-07-03 19:09:32.745+00,20.8,0ba3023f7d72ae64498cd359,
2026-07-03 19:07:07.762+00,20.8,0ba3023f7d72ae64498cd359,
2026-07-03 19:04:42.743+00,20.9,0ba3023f7d72ae64498cd359,
2026-07-03 19:00:05.45+00,20.9,0ba3023f7d72ae64498cd359,
2026-07-03 18:57:27.768+00,21,0ba3023f7d72ae64498cd359,
2026-07-03 18:55:02.719+00,21,0ba3023f7d72ae64498cd359,
2026-07-03 18:52:37.797+00,21.1,0ba3023f7d72ae64498cd359,
2026-07-03 18:50:12.704+00,21.1,0ba3023f7d72ae64498cd359,
2026-07-03 18:47:47.765+00,21.1,0ba3023f7d72ae64498cd359,
2026-07-03 18:45:22.799+00,21.2,0ba3023f7d72ae64498cd359,
2026-07-03 18:42:57.766+00,21.3,0ba3023f7d72ae64498cd359,
2026-07-03 18:40:32.746+00,21.3,0ba3023f7d72ae64498cd359,
2026-07-03 18:38:07.78+00,21.4,0ba3023f7d72ae64498cd359,
2026-07-03 18:35:42.75+00,21.5,0ba3023f7d72ae64498cd359,
2026-07-03 18:33:17.759+00,21.5,0ba3023f7d72ae64498cd359,
2026-07-03 18:30:52.782+00,21.6,0ba3023f7d72ae64498cd359,
2026-07-03 18:28:27.766+00,21.7,0ba3023f7d72ae64498cd359,
2026-07-03 18:26:03.04+00,21.7,0ba3023f7d72ae64498cd359,
2026-07-03 18:23:37.802+00,21.7,0ba3023f7d72ae64498cd359,
2026-07-03 18:21:12.763+00,21.8,0ba3023f7d72ae64498cd359,
2026-07-03 18:18:47.777+00,21.8,0ba3023f7d72ae64498cd359,
2026-07-03 18:16:22.713+00,21.9,0ba3023f7d72ae64498cd359,
2026-07-03 18:13:57.692+00,21.9,0ba3023f7d72ae64498cd359,
2026-07-03 18:11:32.701+00,21.9,0ba3023f7d72ae64498cd359,
2026-07-03 18:09:07.708+00,22,0ba3023f7d72ae64498cd359,
2026-07-03 18:06:42.699+00,22,0ba3023f7d72ae64498cd359,
2026-07-03 18:04:17.679+00,22,0ba3023f7d72ae64498cd359,
2026-07-03 18:01:52.756+00,22,0ba3023f7d72ae64498cd359,
2026-07-03 17:59:27.676+00,22.1,0ba3023f7d72ae64498cd359,
2026-07-03 17:57:02.679+00,22.2,0ba3023f7d72ae64498cd359,
2026-07-03 17:54:37.701+00,22.2,0ba3023f7d72ae64498cd359,
2026-07-03 17:49:54.602+00,22.3,0ba3023f7d72ae64498cd359,
2026-07-03 17:47:22.669+00,22.4,0ba3023f7d72ae64498cd359,
2026-07-03 17:44:57.826+00,22.4,0ba3023f7d72ae64498cd359,
2026-07-03 17:42:32.783+00,22.4,0ba3023f7d72ae64498cd359,
2026-07-03 17:40:07.773+00,22.5,0ba3023f7d72ae64498cd359,
2026-07-03 17:37:42.795+00,22.5,0ba3023f7d72ae64498cd359,
2026-07-03 17:35:17.717+00,22.6,0ba3023f7d72ae64498cd359,
2026-07-03 17:32:52.78+00,22.6,0ba3023f7d72ae64498cd359,
2026-07-03 17:30:27.814+00,22.6,0ba3023f7d72ae64498cd359,
2026-07-03 17:28:02.782+00,22.6,0ba3023f7d72ae64498cd359,
2026-07-03 17:25:37.895+00,22.6,0ba3023f7d72ae64498cd359,
2026-07-03 17:23:12.802+00,22.5,0ba3023f7d72ae64498cd359,
2026-07-03 17:20:47.802+00,22.5,0ba3023f7d72ae64498cd359,
2026-07-03 17:18:22.777+00,22.5,0ba3023f7d72ae64498cd359,
2026-07-03 17:15:57.706+00,22.5,0ba3023f7d72ae64498cd359,
2026-07-03 17:13:32.668+00,22.6,0ba3023f7d72ae64498cd359,
2026-07-03 17:11:07.704+00,22.6,0ba3023f7d72ae64498cd359,
2026-07-03 17:08:42.706+00,22.6,0ba3023f7d72ae64498cd359,
2026-07-03 17:06:17.68+00,22.6,0ba3023f7d72ae64498cd359,
2026-07-03 17:03:52.683+00,22.7,0ba3023f7d72ae64498cd359,
2026-07-03 17:01:27.769+00,22.7,0ba3023f7d72ae64498cd359,
2026-07-03 16:59:02.683+00,22.7,0ba3023f7d72ae64498cd359,
2026-07-03 16:56:37.701+00,22.7,0ba3023f7d72ae64498cd359,
2026-07-03 16:54:12.708+00,22.7,0ba3023f7d72ae64498cd359,
2026-07-03 16:51:47.706+00,22.8,0ba3023f7d72ae64498cd359,
2026-07-03 16:49:22.69+00,22.8,0ba3023f7d72ae64498cd359,
2026-07-03 16:46:57.727+00,22.8,0ba3023f7d72ae64498cd359,
2026-07-03 16:44:32.721+00,22.7,0ba3023f7d72ae64498cd359,
2026-07-03 16:39:49.302+00,22.7,0ba3023f7d72ae64498cd359,
2026-07-03 16:37:17.701+00,22.8,0ba3023f7d72ae64498cd359,
2026-07-03 16:34:52.694+00,22.9,0ba3023f7d72ae64498cd359,
2026-07-03 16:32:27.789+00,22.9,0ba3023f7d72ae64498cd359,
2026-07-03 16:30:02.747+00,22.9,0ba3023f7d72ae64498cd359,
2026-07-03 16:27:37.819+00,23,0ba3023f7d72ae64498cd359,
2026-07-03 16:25:12.732+00,23,0ba3023f7d72ae64498cd359,
2026-07-03 16:22:47.707+00,23,0ba3023f7d72ae64498cd359,
2026-07-03 16:20:22.714+00,23.1,0ba3023f7d72ae64498cd359,
2026-07-03 16:17:58.292+00,23.1,0ba3023f7d72ae64498cd359,
2026-07-03 16:15:32.719+00,23.1,0ba3023f7d72ae64498cd359,
2026-07-03 16:13:07.706+00,23.1,0ba3023f7d72ae64498cd359,
2026-07-03 16:10:42.681+00,23,0ba3023f7d72ae64498cd359,
2026-07-03 16:08:17.716+00,23,0ba3023f7d72ae64498cd359,
2026-07-03 16:05:52.721+00,23.1,0ba3023f7d72ae64498cd359,
2026-07-03 16:03:27.752+00,23.1,0ba3023f7d72ae64498cd359,
2026-07-03 16:01:02.722+00,23.1,0ba3023f7d72ae64498cd359,
2026-07-03 15:58:37.637+00,23.1,0ba3023f7d72ae64498cd359,
2026-07-03 15:56:12.752+00,23.1,0ba3023f7d72ae64498cd359,
2026-07-03 15:53:47.646+00,23.1,0ba3023f7d72ae64498cd359,
2026-07-03 15:51:22.765+00,23.1,0ba3023f7d72ae64498cd359,
2026-07-03 15:48:57.758+00,23.1,0ba3023f7d72ae64498cd359,
2026-07-03 15:46:32.709+00,23.1,0ba3023f7d72ae64498cd359,
2026-07-03 15:44:07.721+00,23.2,0ba3023f7d72ae64498cd359,
2026-07-03 15:41:42.683+00,23.2,0ba3023f7d72ae64498cd359,
2026-07-03 15:39:17.63+00,23.2,0ba3023f7d72ae64498cd359,
2026-07-03 15:36:52.668+00,23.2,0ba3023f7d72ae64498cd359,
2026-07-03 15:34:27.697+00,23.2,0ba3023f7d72ae64498cd359,
2026-07-03 15:29:49.766+00,23.2,0ba3023f7d72ae64498cd359,
2026-07-03 15:27:12.674+00,23.2,0ba3023f7d72ae64498cd359,
2026-07-03 15:24:47.625+00,23.1,0ba3023f7d72ae64498cd359,
2026-07-03 15:22:22.62+00,23.1,0ba3023f7d72ae64498cd359,
2026-07-03 15:19:57.655+00,23.1,0ba3023f7d72ae64498cd359,
2026-07-03 15:17:32.623+00,23.2,0ba3023f7d72ae64498cd359,
2026-07-03 15:15:07.626+00,23.3,0ba3023f7d72ae64498cd359,
2026-07-03 15:12:42.669+00,23.3,0ba3023f7d72ae64498cd359,
2026-07-03 15:10:17.718+00,23.3,0ba3023f7d72ae64498cd359,
2026-07-03 15:07:52.712+00,23.3,0ba3023f7d72ae64498cd359,
2026-07-03 15:05:27.644+00,23.3,0ba3023f7d72ae64498cd359,
2026-07-03 15:03:02.708+00,23.3,0ba3023f7d72ae64498cd359,
2026-07-03 15:00:37.72+00,23.3,0ba3023f7d72ae64498cd359,
2026-07-03 14:58:12.799+00,23.3,0ba3023f7d72ae64498cd359,
2026-07-03 14:55:47.619+00,23.3,0ba3023f7d72ae64498cd359,
2026-07-03 14:53:22.734+00,23.4,0ba3023f7d72ae64498cd359,
2026-07-03 14:50:57.639+00,23.5,0ba3023f7d72ae64498cd359,
2026-07-03 14:48:32.719+00,23.5,0ba3023f7d72ae64498cd359,
2026-07-03 14:46:07.623+00,23.6,0ba3023f7d72ae64498cd359,
2026-07-03 14:43:42.676+00,23.7,0ba3023f7d72ae64498cd359,
2026-07-03 14:41:17.624+00,23.7,0ba3023f7d72ae64498cd359,
2026-07-03 14:38:52.61+00,23.6,0ba3023f7d72ae64498cd359,
2026-07-03 14:36:27.669+00,23.6,0ba3023f7d72ae64498cd359,
2026-07-03 14:34:02.626+00,23.5,0ba3023f7d72ae64498cd359,
2026-07-03 14:31:37.617+00,23.5,0ba3023f7d72ae64498cd359,
2026-07-03 14:29:12.673+00,23.6,0ba3023f7d72ae64498cd359,
2026-07-03 14:26:47.619+00,23.8,0ba3023f7d72ae64498cd359,
2026-07-03 14:24:22.627+00,24,0ba3023f7d72ae64498cd359,
2026-07-03 14:21:58.499+00,24,0ba3023f7d72ae64498cd359,
2026-07-03 14:17:07.649+00,24.3,0ba3023f7d72ae64498cd359,
2026-07-03 14:14:42.643+00,24.3,0ba3023f7d72ae64498cd359,
2026-07-03 14:12:17.631+00,24.3,0ba3023f7d72ae64498cd359,
2026-07-03 14:09:52.614+00,24.3,0ba3023f7d72ae64498cd359,
2026-07-03 14:07:27.66+00,24.3,0ba3023f7d72ae64498cd359,
2026-07-03 14:05:02.62+00,24.4,0ba3023f7d72ae64498cd359,
2026-07-03 14:02:37.638+00,24.5,0ba3023f7d72ae64498cd359,
2026-07-03 14:00:12.657+00,24.7,0ba3023f7d72ae64498cd359,
2026-07-03 13:57:47.634+00,24.8,0ba3023f7d72ae64498cd359,
2026-07-03 13:55:22.625+00,24.8,0ba3023f7d72ae64498cd359,
2026-07-03 13:52:57.651+00,24.8,0ba3023f7d72ae64498cd359,
2026-07-03 13:50:32.632+00,24.8,0ba3023f7d72ae64498cd359,
2026-07-03 13:48:07.638+00,24.8,0ba3023f7d72ae64498cd359,
2026-07-03 13:45:42.642+00,24.8,0ba3023f7d72ae64498cd359,
2026-07-03 13:43:17.567+00,24.8,0ba3023f7d72ae64498cd359,
2026-07-03 13:40:52.612+00,24.8,0ba3023f7d72ae64498cd359,
2026-07-03 13:38:27.602+00,24.8,0ba3023f7d72ae64498cd359,
2026-07-03 13:36:02.602+00,24.8,0ba3023f7d72ae64498cd359,
2026-07-03 13:33:37.632+00,24.8,0ba3023f7d72ae64498cd359,
2026-07-03 13:31:12.606+00,24.8,0ba3023f7d72ae64498cd359,
2026-07-03 13:28:47.632+00,24.8,0ba3023f7d72ae64498cd359,
2026-07-03 13:26:22.604+00,24.8,0ba3023f7d72ae64498cd359,
2026-07-03 13:23:57.652+00,24.9,0ba3023f7d72ae64498cd359,
2026-07-03 13:21:32.645+00,24.9,0ba3023f7d72ae64498cd359,
2026-07-03 13:19:07.642+00,24.9,0ba3023f7d72ae64498cd359,
2026-07-03 13:16:42.667+00,24.9,0ba3023f7d72ae64498cd359,
2026-07-03 13:14:17.637+00,24.9,0ba3023f7d72ae64498cd359,
2026-07-03 13:11:52.655+00,24.8,0ba3023f7d72ae64498cd359,
2026-07-03 13:09:27.624+00,24.8,0ba3023f7d72ae64498cd359,
2026-07-03 13:07:02.555+00,24.8,0ba3023f7d72ae64498cd359,
2026-07-03 13:04:37.578+00,24.9,0ba3023f7d72ae64498cd359,
2026-07-03 13:02:13.16+00,24.9,0ba3023f7d72ae64498cd359,
2026-07-03 12:59:47.575+00,24.9,0ba3023f7d72ae64498cd359,
2026-07-03 12:57:22.645+00,24.8,0ba3023f7d72ae64498cd359,
2026-07-03 12:54:58.526+00,24.8,0ba3023f7d72ae64498cd359,
2026-07-03 12:50:07.558+00,24.6,0ba3023f7d72ae64498cd359,
2026-07-03 12:47:42.644+00,24.6,0ba3023f7d72ae64498cd359,
2026-07-03 12:45:17.62+00,24.6,0ba3023f7d72ae64498cd359,
2026-07-03 12:42:52.578+00,24.7,0ba3023f7d72ae64498cd359,
2026-07-03 12:40:27.623+00,24.9,0ba3023f7d72ae64498cd359,
2026-07-03 12:38:02.643+00,25,0ba3023f7d72ae64498cd359,
2026-07-03 12:35:37.67+00,25,0ba3023f7d72ae64498cd359,
2026-07-03 12:33:12.686+00,25.1,0ba3023f7d72ae64498cd359,
2026-07-03 12:30:47.711+00,25.4,0ba3023f7d72ae64498cd359,
2026-07-03 12:28:22.687+00,25.6,0ba3023f7d72ae64498cd359,
2026-07-03 12:25:57.727+00,25.8,0ba3023f7d72ae64498cd359,
2026-07-03 12:23:32.719+00,25.8,0ba3023f7d72ae64498cd359,
2026-07-03 12:21:07.667+00,25.9,0ba3023f7d72ae64498cd359,
2026-07-03 12:18:42.56+00,26,0ba3023f7d72ae64498cd359,
2026-07-03 12:16:17.718+00,26.1,0ba3023f7d72ae64498cd359,
2026-07-03 12:13:52.666+00,26.1,0ba3023f7d72ae64498cd359,
2026-07-03 12:11:27.574+00,26,0ba3023f7d72ae64498cd359,
2026-07-03 12:09:02.606+00,25.9,0ba3023f7d72ae64498cd359,
2026-07-03 12:06:37.556+00,25.9,0ba3023f7d72ae64498cd359,
2026-07-03 12:04:12.562+00,26,0ba3023f7d72ae64498cd359,
2026-07-03 12:01:47.602+00,26.2,0ba3023f7d72ae64498cd359,
2026-07-03 11:59:22.555+00,26.4,0ba3023f7d72ae64498cd359,
2026-07-03 11:56:57.585+00,26.5,0ba3023f7d72ae64498cd359,
2026-07-03 11:54:32.585+00,26.3,0ba3023f7d72ae64498cd359,
2026-07-03 11:52:07.569+00,26,0ba3023f7d72ae64498cd359,
2026-07-03 11:49:42.58+00,25.8,0ba3023f7d72ae64498cd359,
2026-07-03 11:47:17.58+00,25.7,0ba3023f7d72ae64498cd359,
2026-07-03 11:42:33.09+00,25.8,0ba3023f7d72ae64498cd359,
2026-07-03 11:40:02.607+00,26,0ba3023f7d72ae64498cd359,
2026-07-03 11:37:37.664+00,26.2,0ba3023f7d72ae64498cd359,
2026-07-03 11:35:12.592+00,26.6,0ba3023f7d72ae64498cd359,
2026-07-03 11:32:47.592+00,26.6,0ba3023f7d72ae64498cd359,
2026-07-03 11:30:22.573+00,26.2,0ba3023f7d72ae64498cd359,
2026-07-03 11:27:57.588+00,26.1,0ba3023f7d72ae64498cd359,
2026-07-03 11:25:32.591+00,26.1,0ba3023f7d72ae64498cd359,
2026-07-03 11:23:07.563+00,26.4,0ba3023f7d72ae64498cd359,
2026-07-03 11:20:42.552+00,26.6,0ba3023f7d72ae64498cd359,
2026-07-03 11:18:17.574+00,26.9,0ba3023f7d72ae64498cd359,
2026-07-03 11:15:52.596+00,35,0ba3023f7d72ae64498cd359,
2026-07-03 11:13:27.561+00,26.6,0ba3023f7d72ae64498cd359,
2026-07-03 11:11:03.024+00,26.1,0ba3023f7d72ae64498cd359,
2026-07-03 11:08:37.612+00,25.8,0ba3023f7d72ae64498cd359,
2026-07-03 11:06:12.561+00,25.8,0ba3023f7d72ae64498cd359,
2026-07-03 11:03:47.804+00,25.9,0ba3023f7d72ae64498cd359,
2026-07-03 11:01:22.63+00,26,0ba3023f7d72ae64498cd359,
2026-07-03 10:58:57.594+00,26.1,0ba3023f7d72ae64498cd359,
2026-07-03 10:56:32.595+00,25.9,0ba3023f7d72ae64498cd359,
2026-07-03 10:54:07.585+00,25.6,0ba3023f7d72ae64498cd359,
2026-07-03 10:51:42.529+00,25.6,0ba3023f7d72ae64498cd359,
2026-07-03 10:49:17.61+00,25.7,0ba3023f7d72ae64498cd359,
2026-07-03 10:46:52.507+00,25.8,0ba3023f7d72ae64498cd359,
2026-07-03 10:42:02.608+00,25.7,0ba3023f7d72ae64498cd359,
2026-07-03 10:39:37.609+00,25.7,0ba3023f7d72ae64498cd359,
2026-07-03 10:37:12.59+00,25.6,0ba3023f7d72ae64498cd359,
2026-07-03 10:34:47.632+00,25.3,0ba3023f7d72ae64498cd359,
2026-07-03 10:32:22.603+00,24.7,0ba3023f7d72ae64498cd359,
2026-07-03 10:29:57.513+00,24.4,0ba3023f7d72ae64498cd359,
2026-07-03 10:27:32.547+00,24.6,0ba3023f7d72ae64498cd359,
2026-07-03 10:25:07.528+00,24.9,0ba3023f7d72ae64498cd359,
2026-07-03 10:22:42.513+00,25.4,0ba3023f7d72ae64498cd359,
2026-07-03 10:20:17.536+00,25.9,0ba3023f7d72ae64498cd359,
2026-07-03 10:17:52.505+00,26.4,0ba3023f7d72ae64498cd359,
2026-07-03 10:15:27.512+00,26.7,0ba3023f7d72ae64498cd359,
2026-07-03 10:13:02.542+00,27,0ba3023f7d72ae64498cd359,
2026-07-03 10:10:37.516+00,27.1,0ba3023f7d72ae64498cd359,
2026-07-03 10:08:12.491+00,27.2,0ba3023f7d72ae64498cd359,
2026-07-03 10:05:47.558+00,27.2,0ba3023f7d72ae64498cd359,
2026-07-03 10:03:22.574+00,27.2,0ba3023f7d72ae64498cd359,
2026-07-03 10:01:00.129+00,26.9,0ba3023f7d72ae64498cd359,
2026-07-03 09:58:32.677+00,27.3,0ba3023f7d72ae64498cd359,
2026-07-03 09:56:07.588+00,28.1,0ba3023f7d72ae64498cd359,
2026-07-03 09:53:42.591+00,28.5,0ba3023f7d72ae64498cd359,
2026-07-03 09:51:17.639+00,28.6,0ba3023f7d72ae64498cd359,
2026-07-03 09:48:52.625+00,28.3,0ba3023f7d72ae64498cd359,
2026-07-03 09:46:27.617+00,28,0ba3023f7d72ae64498cd359,
2026-07-03 09:44:02.676+00,27.6,0ba3023f7d72ae64498cd359,
2026-07-03 09:41:37.647+00,27.3,0ba3023f7d72ae64498cd359,
2026-07-03 09:39:12.629+00,27.1,0ba3023f7d72ae64498cd359,
2026-07-03 09:36:47.518+00,26.7,0ba3023f7d72ae64498cd359,
2026-07-03 09:34:22.599+00,26.7,0ba3023f7d72ae64498cd359,
2026-07-03 09:31:57.53+00,26.6,0ba3023f7d72ae64498cd359,
2026-07-03 09:29:33.204+00,26.6,0ba3023f7d72ae64498cd359,
2026-07-03 09:27:07.521+00,27.1,0ba3023f7d72ae64498cd359,
2026-07-03 09:24:42.504+00,27.6,0ba3023f7d72ae64498cd359,
2026-07-03 09:22:17.554+00,27.8,0ba3023f7d72ae64498cd359,
2026-07-03 09:19:52.545+00,27.8,0ba3023f7d72ae64498cd359,
2026-07-03 09:17:27.494+00,27.7,0ba3023f7d72ae64498cd359,
2026-07-03 09:15:02.542+00,28,0ba3023f7d72ae64498cd359,
2026-07-03 09:12:37.501+00,28.6,0ba3023f7d72ae64498cd359,
2026-07-03 09:10:12.512+00,29,0ba3023f7d72ae64498cd359,
2026-07-03 09:07:47.535+00,29.2,0ba3023f7d72ae64498cd359,
2026-07-03 09:05:22.514+00,29,0ba3023f7d72ae64498cd359,
2026-07-03 09:02:57.594+00,28.6,0ba3023f7d72ae64498cd359,
2026-07-03 09:00:32.624+00,28.6,0ba3023f7d72ae64498cd359,
2026-07-03 08:55:54.773+00,29,0ba3023f7d72ae64498cd359,
2026-07-03 08:53:17.535+00,28.9,0ba3023f7d72ae64498cd359,
2026-07-03 08:50:52.497+00,28.3,0ba3023f7d72ae64498cd359,
2026-07-03 08:48:27.505+00,27.7,0ba3023f7d72ae64498cd359,
2026-07-03 08:46:02.545+00,27.4,0ba3023f7d72ae64498cd359,
2026-07-03 08:43:37.499+00,27.5,0ba3023f7d72ae64498cd359,
2026-07-03 08:41:12.605+00,27.6,0ba3023f7d72ae64498cd359,
2026-07-03 08:38:47.554+00,27.4,0ba3023f7d72ae64498cd359,
2026-07-03 08:34:06.111+00,26.6,0ba3023f7d72ae64498cd359,
2026-07-03 08:31:32.555+00,26.2,0ba3023f7d72ae64498cd359,
2026-07-03 08:29:07.509+00,26.1,0ba3023f7d72ae64498cd359,
2026-07-03 08:26:42.497+00,25.6,0ba3023f7d72ae64498cd359,
2026-07-03 08:24:17.554+00,24.8,0ba3023f7d72ae64498cd359,
2026-07-03 08:21:52.508+00,24.6,0ba3023f7d72ae64498cd359,
2026-07-03 08:19:27.544+00,24.9,0ba3023f7d72ae64498cd359,
2026-07-03 08:17:02.555+00,24.9,0ba3023f7d72ae64498cd359,
2026-07-03 08:14:41.597+00,25.4,0ba3023f7d72ae64498cd359,
2026-07-03 08:12:12.511+00,25.6,0ba3023f7d72ae64498cd359,
2026-07-03 08:09:47.56+00,25.6,0ba3023f7d72ae64498cd359,
2026-07-03 08:07:22.461+00,24.8,0ba3023f7d72ae64498cd359,
2026-07-03 08:04:57.535+00,23.9,0ba3023f7d72ae64498cd359,
2026-07-03 08:02:32.481+00,23.3,0ba3023f7d72ae64498cd359,
2026-07-03 08:00:07.534+00,23.2,0ba3023f7d72ae64498cd359,
2026-07-03 07:57:42.448+00,23.4,0ba3023f7d72ae64498cd359,
2026-07-03 07:55:17.562+00,23.6,0ba3023f7d72ae64498cd359,
2026-07-03 07:52:52.519+00,23.3,0ba3023f7d72ae64498cd359,
2026-07-03 07:50:27.662+00,22.6,0ba3023f7d72ae64498cd359,
2026-07-03 07:48:02.482+00,22.3,0ba3023f7d72ae64498cd359,
2026-07-03 07:45:37.433+00,22.1,0ba3023f7d72ae64498cd359,
2026-07-03 07:43:12.534+00,21.7,0ba3023f7d72ae64498cd359,
2026-07-03 07:40:47.475+00,21,0ba3023f7d72ae64498cd359,
2026-07-03 07:38:22.442+00,20.5,0ba3023f7d72ae64498cd359,
2026-07-03 07:35:57.453+00,20.2,0ba3023f7d72ae64498cd359,
2026-07-03 07:33:32.655+00,19.9,0ba3023f7d72ae64498cd359,
2026-07-03 07:31:07.535+00,19.8,0ba3023f7d72ae64498cd359,
2026-07-03 07:28:42.524+00,19.8,0ba3023f7d72ae64498cd359,
2026-07-03 07:26:18.704+00,19.6,0ba3023f7d72ae64498cd359,
2026-07-03 07:23:52.507+00,19.6,0ba3023f7d72ae64498cd359,
2026-07-03 07:21:27.563+00,19.5,0ba3023f7d72ae64498cd359,
2026-07-03 07:19:02.549+00,19.2,0ba3023f7d72ae64498cd359,
2026-07-03 07:16:37.528+00,18.9,0ba3023f7d72ae64498cd359,
2026-07-03 07:14:12.508+00,18.8,0ba3023f7d72ae64498cd359,
2026-07-03 07:11:47.599+00,18.7,0ba3023f7d72ae64498cd359,
2026-07-03 07:09:22.538+00,18.6,0ba3023f7d72ae64498cd359,
2026-07-03 07:06:57.439+00,18.5,0ba3023f7d72ae64498cd359,
2026-07-03 07:04:32.582+00,18.4,0ba3023f7d72ae64498cd359,
2026-07-03 07:02:07.57+00,18.4,0ba3023f7d72ae64498cd359,
2026-07-03 06:59:42.437+00,18.4,0ba3023f7d72ae64498cd359,
2026-07-03 06:57:17.471+00,18.4,0ba3023f7d72ae64498cd359,
2026-07-03 06:54:52.43+00,18.3,0ba3023f7d72ae64498cd359,
2026-07-03 06:52:27.447+00,18.2,0ba3023f7d72ae64498cd359,
2026-07-03 06:50:02.451+00,18.2,0ba3023f7d72ae64498cd359,
2026-07-03 06:47:38.017+00,18.2,0ba3023f7d72ae64498cd359,
2026-07-03 06:45:12.869+00,18.1,0ba3023f7d72ae64498cd359,
2026-07-03 06:42:47.515+00,18,0ba3023f7d72ae64498cd359,
2026-07-03 06:40:22.453+00,18,0ba3023f7d72ae64498cd359,
2026-07-03 06:35:45.793+00,18,0ba3023f7d72ae64498cd359,
2026-07-03 06:33:07.514+00,18,0ba3023f7d72ae64498cd359,
2026-07-03 06:30:42.469+00,18,0ba3023f7d72ae64498cd359,
2026-07-03 06:28:17.448+00,18,0ba3023f7d72ae64498cd359,
2026-07-03 06:25:52.444+00,17.9,0ba3023f7d72ae64498cd359,
2026-07-03 06:23:27.486+00,17.9,0ba3023f7d72ae64498cd359,
2026-07-03 06:21:02.489+00,17.9,0ba3023f7d72ae64498cd359,
2026-07-03 06:18:37.473+00,17.8,0ba3023f7d72ae64498cd359,
2026-07-03 06:16:12.497+00,17.6,0ba3023f7d72ae64498cd359,
2026-07-03 06:13:47.458+00,17.6,0ba3023f7d72ae64498cd359,
2026-07-03 06:11:23.299+00,17.6,0ba3023f7d72ae64498cd359,
2026-07-03 06:08:57.494+00,17.5,0ba3023f7d72ae64498cd359,
2026-07-03 06:06:32.879+00,17.4,0ba3023f7d72ae64498cd359,
2026-07-03 06:04:07.466+00,17.4,0ba3023f7d72ae64498cd359,
2026-07-03 06:01:42.48+00,17.4,0ba3023f7d72ae64498cd359,
2026-07-03 05:59:17.443+00,17.4,0ba3023f7d72ae64498cd359,
2026-07-03 05:56:52.473+00,17.4,0ba3023f7d72ae64498cd359,
2026-07-03 05:54:27.493+00,17.4,0ba3023f7d72ae64498cd359,
2026-07-03 05:52:02.465+00,17.4,0ba3023f7d72ae64498cd359,
2026-07-03 05:49:37.449+00,17.4,0ba3023f7d72ae64498cd359,
2026-07-03 05:47:12.495+00,17.3,0ba3023f7d72ae64498cd359,
2026-07-03 05:44:47.462+00,17.2,0ba3023f7d72ae64498cd359,
2026-07-03 05:42:22.469+00,17.1,0ba3023f7d72ae64498cd359,
2026-07-03 05:39:57.5+00,16.9,0ba3023f7d72ae64498cd359,
2026-07-03 05:37:32.485+00,16.7,0ba3023f7d72ae64498cd359,
2026-07-03 05:35:07.487+00,16.5,0ba3023f7d72ae64498cd359,
2026-07-03 05:32:42.519+00,16.4,0ba3023f7d72ae64498cd359,
2026-07-03 05:30:17.476+00,16.3,0ba3023f7d72ae64498cd359,
2026-07-03 05:27:52.5+00,63.8,0ba3023f7d72ae64498cd359,
2026-07-03 05:25:27.467+00,16.3,0ba3023f7d72ae64498cd359,
2026-07-03 05:23:02.397+00,16.2,0ba3023f7d72ae64498cd359,
2026-07-03 05:20:37.471+00,16.2,0ba3023f7d72ae64498cd359,
2026-07-03 05:18:12.892+00,16.1,0ba3023f7d72ae64498cd359,
2026-07-03 05:15:47.414+00,16.1,0ba3023f7d72ae64498cd359,
2026-07-03 05:13:22.399+00,16,0ba3023f7d72ae64498cd359,
2026-07-03 05:10:57.418+00,16,0ba3023f7d72ae64498cd359,
2026-07-03 05:08:32.383+00,15.9,0ba3023f7d72ae64498cd359,
2026-07-03 05:06:07.478+00,15.9,0ba3023f7d72ae64498cd359,
2026-07-03 05:03:42.487+00,15.9,0ba3023f7d72ae64498cd359,
2026-07-03 05:01:21.539+00,15.9,0ba3023f7d72ae64498cd359,
2026-07-03 04:58:52.391+00,15.9,0ba3023f7d72ae64498cd359,
2026-07-03 04:56:27.406+00,15.8,0ba3023f7d72ae64498cd359,
2026-07-03 04:54:02.411+00,15.8,0ba3023f7d72ae64498cd359,
2026-07-03 04:51:37.4+00,15.8,0ba3023f7d72ae64498cd359,
2026-07-03 04:49:12.517+00,15.8,0ba3023f7d72ae64498cd359,
2026-07-03 04:46:47.394+00,15.8,0ba3023f7d72ae64498cd359,
2026-07-03 04:44:22.384+00,15.7,0ba3023f7d72ae64498cd359,
2026-07-03 04:41:57.466+00,15.7,0ba3023f7d72ae64498cd359,
2026-07-03 04:39:32.384+00,15.6,0ba3023f7d72ae64498cd359,
2026-07-03 04:37:07.475+00,15.6,0ba3023f7d72ae64498cd359,
2026-07-03 04:34:42.501+00,15.6,0ba3023f7d72ae64498cd359,
2026-07-03 04:32:17.463+00,15.6,0ba3023f7d72ae64498cd359,
2026-07-03 04:29:52.485+00,15.6,0ba3023f7d72ae64498cd359,
2026-07-03 04:27:27.508+00,15.6,0ba3023f7d72ae64498cd359,
2026-07-03 04:25:02.514+00,15.6,0ba3023f7d72ae64498cd359,
2026-07-03 04:22:37.484+00,15.6,0ba3023f7d72ae64498cd359,
2026-07-03 04:20:12.529+00,15.6,0ba3023f7d72ae64498cd359,
2026-07-03 04:17:47.493+00,15.6,0ba3023f7d72ae64498cd359,
2026-07-03 04:15:22.598+00,15.6,0ba3023f7d72ae64498cd359,
2026-07-03 04:12:57.489+00,15.6,0ba3023f7d72ae64498cd359,
2026-07-03 04:10:32.494+00,15.6,0ba3023f7d72ae64498cd359,
2026-07-03 04:08:07.387+00,15.6,0ba3023f7d72ae64498cd359,
2026-07-03 04:05:42.404+00,15.6,0ba3023f7d72ae64498cd359,
2026-07-03 04:03:17.388+00,15.6,0ba3023f7d72ae64498cd359,
2026-07-03 04:00:52.39+00,15.6,0ba3023f7d72ae64498cd359,
2026-07-03 03:58:27.42+00,15.6,0ba3023f7d72ae64498cd359,
2026-07-03 03:56:02.39+00,15.7,0ba3023f7d72ae64498cd359,
2026-07-03 03:53:37.383+00,15.7,0ba3023f7d72ae64498cd359,
2026-07-03 03:51:13.835+00,15.7,0ba3023f7d72ae64498cd359,
2026-07-03 03:48:47.377+00,15.7,0ba3023f7d72ae64498cd359,
2026-07-03 03:46:22.383+00,15.7,0ba3023f7d72ae64498cd359,
2026-07-03 03:43:57.404+00,15.7,0ba3023f7d72ae64498cd359,
2026-07-03 03:41:32.5+00,15.7,0ba3023f7d72ae64498cd359,
2026-07-03 03:39:07.387+00,15.6,0ba3023f7d72ae64498cd359,
2026-07-03 03:36:42.415+00,15.6,0ba3023f7d72ae64498cd359,
2026-07-03 03:34:17.39+00,15.6,0ba3023f7d72ae64498cd359,
2026-07-03 03:31:52.401+00,15.7,0ba3023f7d72ae64498cd359,
2026-07-03 03:29:27.406+00,15.7,0ba3023f7d72ae64498cd359,
2026-07-03 03:27:02.393+00,15.7,0ba3023f7d72ae64498cd359,
2026-07-03 03:24:37.391+00,15.7,0ba3023f7d72ae64498cd359,
2026-07-03 03:22:12.424+00,15.8,0ba3023f7d72ae64498cd359,
2026-07-03 03:19:47.395+00,15.8,0ba3023f7d72ae64498cd359,
2026-07-03 03:17:22.4+00,15.8,0ba3023f7d72ae64498cd359,
2026-07-03 03:14:57.424+00,15.8,0ba3023f7d72ae64498cd359,
2026-07-03 03:12:32.473+00,15.7,0ba3023f7d72ae64498cd359,
2026-07-03 03:10:07.4+00,15.8,0ba3023f7d72ae64498cd359,
2026-07-03 03:07:42.431+00,15.8,0ba3023f7d72ae64498cd359,
2026-07-03 03:05:17.384+00,15.8,0ba3023f7d72ae64498cd359,
2026-07-03 03:02:52.388+00,15.9,0ba3023f7d72ae64498cd359,
2026-07-03 03:00:27.424+00,15.9,0ba3023f7d72ae64498cd359,
2026-07-03 02:58:02.388+00,15.9,0ba3023f7d72ae64498cd359,
2026-07-03 02:55:37.407+00,15.9,0ba3023f7d72ae64498cd359,
2026-07-03 02:53:12.536+00,15.9,0ba3023f7d72ae64498cd359,
2026-07-03 02:50:47.389+00,16,0ba3023f7d72ae64498cd359,
2026-07-03 02:48:22.33+00,16,0ba3023f7d72ae64498cd359,
2026-07-03 02:45:57.348+00,16.1,0ba3023f7d72ae64498cd359,
2026-07-03 02:41:13.52+00,16.1,0ba3023f7d72ae64498cd359,
2026-07-03 02:38:42.341+00,16.1,0ba3023f7d72ae64498cd359,
2026-07-03 02:36:17.367+00,16.1,0ba3023f7d72ae64498cd359,
2026-07-03 02:33:52.416+00,16.1,0ba3023f7d72ae64498cd359,
2026-07-03 02:31:27.336+00,16.2,0ba3023f7d72ae64498cd359,
2026-07-03 02:29:02.367+00,16.2,0ba3023f7d72ae64498cd359,
2026-07-03 02:26:37.326+00,16.2,0ba3023f7d72ae64498cd359,
2026-07-03 02:24:12.322+00,16.2,0ba3023f7d72ae64498cd359,
2026-07-03 02:21:47.438+00,16.3,0ba3023f7d72ae64498cd359,
2026-07-03 02:19:22.404+00,16.3,0ba3023f7d72ae64498cd359,
2026-07-03 02:16:57.409+00,16.3,0ba3023f7d72ae64498cd359,
2026-07-03 02:14:32.417+00,16.4,0ba3023f7d72ae64498cd359,
2026-07-03 02:12:07.411+00,16.4,0ba3023f7d72ae64498cd359,
2026-07-03 02:09:42.413+00,16.5,0ba3023f7d72ae64498cd359,
2026-07-03 02:07:17.447+00,16.5,0ba3023f7d72ae64498cd359,
2026-07-03 02:04:52.516+00,16.5,0ba3023f7d72ae64498cd359,
2026-07-03 02:02:27.42+00,16.6,0ba3023f7d72ae64498cd359,
2026-07-03 02:00:02.451+00,16.6,0ba3023f7d72ae64498cd359,
2026-07-03 01:57:37.424+00,16.6,0ba3023f7d72ae64498cd359,
2026-07-03 01:55:12.408+00,16.7,0ba3023f7d72ae64498cd359,
2026-07-03 01:52:47.437+00,16.7,0ba3023f7d72ae64498cd359,
2026-07-03 01:50:22.451+00,16.7,0ba3023f7d72ae64498cd359,
2026-07-03 01:47:57.41+00,16.8,0ba3023f7d72ae64498cd359,
2026-07-03 01:45:32.458+00,16.8,0ba3023f7d72ae64498cd359,
2026-07-03 01:43:07.406+00,16.8,0ba3023f7d72ae64498cd359,
2026-07-03 01:40:42.432+00,16.8,0ba3023f7d72ae64498cd359,
2026-07-03 01:38:17.436+00,16.8,0ba3023f7d72ae64498cd359,
2026-07-03 01:35:52.415+00,16.9,0ba3023f7d72ae64498cd359,
2026-07-03 01:33:27.427+00,16.9,0ba3023f7d72ae64498cd359,
2026-07-03 01:31:02.491+00,17,0ba3023f7d72ae64498cd359,
2026-07-03 01:28:37.317+00,17,0ba3023f7d72ae64498cd359,
2026-07-03 01:26:12.419+00,17.1,0ba3023f7d72ae64498cd359,
2026-07-03 01:23:47.343+00,17.1,0ba3023f7d72ae64498cd359,
2026-07-03 01:21:22.431+00,17.1,0ba3023f7d72ae64498cd359,
2026-07-03 01:18:57.334+00,17.1,0ba3023f7d72ae64498cd359,
2026-07-03 01:16:32.337+00,17.2,0ba3023f7d72ae64498cd359,
2026-07-03 01:14:07.315+00,17.2,0ba3023f7d72ae64498cd359,
2026-07-03 01:11:42.313+00,17.3,0ba3023f7d72ae64498cd359,
2026-07-03 01:09:17.345+00,17.3,0ba3023f7d72ae64498cd359,
2026-07-03 01:06:52.332+00,17.4,0ba3023f7d72ae64498cd359,
2026-07-03 01:04:27.325+00,17.4,0ba3023f7d72ae64498cd359,
2026-07-03 01:02:03.304+00,17.4,0ba3023f7d72ae64498cd359,
2026-07-03 00:59:37.301+00,17.5,0ba3023f7d72ae64498cd359,
2026-07-03 00:57:12.322+00,17.6,0ba3023f7d72ae64498cd359,
2026-07-03 00:54:47.367+00,17.6,0ba3023f7d72ae64498cd359,
2026-07-03 00:52:22.346+00,17.7,0ba3023f7d72ae64498cd359,
2026-07-03 00:49:57.3+00,17.8,0ba3023f7d72ae64498cd359,
2026-07-03 00:47:32.362+00,17.9,0ba3023f7d72ae64498cd359,
2026-07-03 00:45:07.324+00,17.9,0ba3023f7d72ae64498cd359,
2026-07-03 00:42:42.335+00,18,0ba3023f7d72ae64498cd359,
2026-07-03 00:40:17.337+00,18.1,0ba3023f7d72ae64498cd359,
2026-07-03 00:37:52.347+00,18.2,0ba3023f7d72ae64498cd359,
2026-07-03 00:35:27.311+00,18.3,0ba3023f7d72ae64498cd359,
2026-07-03 00:33:02.368+00,18.3,0ba3023f7d72ae64498cd359,
2026-07-03 00:30:37.294+00,18.4,0ba3023f7d72ae64498cd359,
2026-07-03 00:28:12.325+00,18.5,0ba3023f7d72ae64498cd359,
2026-07-03 00:25:47.348+00,18.6,0ba3023f7d72ae64498cd359,
2026-07-03 00:23:22.317+00,18.6,0ba3023f7d72ae64498cd359,
2026-07-03 00:20:57.293+00,18.7,0ba3023f7d72ae64498cd359,
2026-07-03 00:18:32.349+00,18.7,0ba3023f7d72ae64498cd359,
2026-07-03 00:16:11.23+00,18.7,0ba3023f7d72ae64498cd359,
2026-07-03 00:13:42.284+00,18.8,0ba3023f7d72ae64498cd359,
2026-07-03 00:11:17.348+00,18.8,0ba3023f7d72ae64498cd359,
2026-07-03 00:08:52.282+00,18.8,0ba3023f7d72ae64498cd359,
2026-07-03 00:06:27.305+00,18.7,0ba3023f7d72ae64498cd359,
2026-07-03 00:04:02.353+00,18.7,0ba3023f7d72ae64498cd359,
2026-07-03 00:01:37.291+00,18.8,0ba3023f7d72ae64498cd359,
2026-07-02 23:59:12.297+00,18.8,0ba3023f7d72ae64498cd359,
2026-07-02 23:56:47.322+00,18.8,0ba3023f7d72ae64498cd359,
2026-07-02 23:51:57.297+00,18.8,0ba3023f7d72ae64498cd359,
2026-07-02 23:49:32.291+00,18.8,0ba3023f7d72ae64498cd359,
2026-07-02 23:47:07.328+00,18.8,0ba3023f7d72ae64498cd359,
2026-07-02 23:44:42.27+00,18.8,0ba3023f7d72ae64498cd359,
2026-07-02 23:42:17.274+00,18.8,0ba3023f7d72ae64498cd359,
2026-07-02 23:39:56.396+00,18.8,0ba3023f7d72ae64498cd359,
2026-07-02 23:37:27.266+00,18.9,0ba3023f7d72ae64498cd359,
2026-07-02 23:35:02.335+00,18.9,0ba3023f7d72ae64498cd359,
2026-07-02 23:32:37.296+00,18.9,0ba3023f7d72ae64498cd359,
2026-07-02 23:30:12.281+00,18.9,0ba3023f7d72ae64498cd359,
2026-07-02 23:27:47.262+00,18.9,0ba3023f7d72ae64498cd359,
2026-07-02 23:25:22.361+00,18.9,0ba3023f7d72ae64498cd359,
2026-07-02 23:22:57.271+00,18.9,0ba3023f7d72ae64498cd359,
2026-07-02 23:20:32.341+00,19,0ba3023f7d72ae64498cd359,
2026-07-02 23:18:07.313+00,19,0ba3023f7d72ae64498cd359,
2026-07-02 23:15:42.498+00,19,0ba3023f7d72ae64498cd359,
2026-07-02 23:13:17.284+00,19.1,0ba3023f7d72ae64498cd359,
2026-07-02 23:10:52.374+00,19.1,0ba3023f7d72ae64498cd359,
2026-07-02 23:08:27.263+00,19.1,0ba3023f7d72ae64498cd359,
2026-07-02 23:06:02.353+00,19.1,0ba3023f7d72ae64498cd359,
2026-07-02 23:03:37.298+00,19.1,0ba3023f7d72ae64498cd359,
2026-07-02 23:01:12.335+00,19.1,0ba3023f7d72ae64498cd359,
2026-07-02 22:58:47.769+00,19.1,0ba3023f7d72ae64498cd359,
2026-07-02 22:56:22.484+00,19.1,0ba3023f7d72ae64498cd359,
2026-07-02 22:53:57.285+00,19.1,0ba3023f7d72ae64498cd359,
2026-07-02 22:49:18.985+00,19.1,0ba3023f7d72ae64498cd359,
2026-07-02 22:46:42.377+00,19.2,0ba3023f7d72ae64498cd359,
2026-07-02 22:44:17.253+00,19.2,0ba3023f7d72ae64498cd359,
2026-07-02 22:41:52.401+00,19.3,0ba3023f7d72ae64498cd359,
2026-07-02 22:39:27.259+00,19.3,0ba3023f7d72ae64498cd359,
2026-07-02 22:37:02.361+00,19.4,0ba3023f7d72ae64498cd359,
2026-07-02 22:34:37.288+00,19.4,0ba3023f7d72ae64498cd359,
2026-07-02 22:32:12.388+00,19.5,0ba3023f7d72ae64498cd359,
2026-07-02 22:29:47.274+00,19.5,0ba3023f7d72ae64498cd359,
2026-07-02 22:27:22.797+00,19.6,0ba3023f7d72ae64498cd359,
2026-07-02 22:24:57.272+00,19.7,0ba3023f7d72ae64498cd359,
2026-07-02 22:22:32.265+00,19.8,0ba3023f7d72ae64498cd359,
2026-07-02 22:20:07.316+00,19.9,0ba3023f7d72ae64498cd359,
2026-07-02 22:17:42.26+00,20,0ba3023f7d72ae64498cd359,
2026-07-02 22:15:17.292+00,20.2,0ba3023f7d72ae64498cd359,
2026-07-02 22:12:52.411+00,20.3,0ba3023f7d72ae64498cd359,
2026-07-02 22:10:27.281+00,20.3,0ba3023f7d72ae64498cd359,
2026-07-02 22:08:02.259+00,20.4,0ba3023f7d72ae64498cd359,
2026-07-02 22:05:37.313+00,20.5,0ba3023f7d72ae64498cd359,
2026-07-02 22:00:55.463+00,20.6,0ba3023f7d72ae64498cd359,
2026-07-02 21:58:22.271+00,20.8,0ba3023f7d72ae64498cd359,
2026-07-02 21:55:57.722+00,20.8,0ba3023f7d72ae64498cd359,
2026-07-02 21:53:32.277+00,20.9,0ba3023f7d72ae64498cd359,
2026-07-02 21:51:07.271+00,20.9,0ba3023f7d72ae64498cd359,
2026-07-02 21:48:42.303+00,21,0ba3023f7d72ae64498cd359,
2026-07-02 21:46:17.283+00,21,0ba3023f7d72ae64498cd359,
2026-07-02 21:43:52.377+00,21,0ba3023f7d72ae64498cd359,
2026-07-02 21:41:27.325+00,21.1,0ba3023f7d72ae64498cd359,
2026-07-02 21:39:02.223+00,21.1,0ba3023f7d72ae64498cd359,
2026-07-02 21:36:37.221+00,21.1,0ba3023f7d72ae64498cd359,
2026-07-02 21:34:12.29+00,21.2,0ba3023f7d72ae64498cd359,
2026-07-02 21:31:47.238+00,21.3,0ba3023f7d72ae64498cd359,
2026-07-02 21:26:57.322+00,21.5,0ba3023f7d72ae64498cd359,
2026-07-02 21:24:32.221+00,21.6,0ba3023f7d72ae64498cd359,
2026-07-02 21:22:07.288+00,21.6,0ba3023f7d72ae64498cd359,
2026-07-02 21:19:42.268+00,21.7,0ba3023f7d72ae64498cd359,
2026-07-02 21:17:17.288+00,21.8,0ba3023f7d72ae64498cd359,
2026-07-02 21:14:52.298+00,21.9,0ba3023f7d72ae64498cd359,
2026-07-02 21:12:27.317+00,21.9,0ba3023f7d72ae64498cd359,
2026-07-02 21:10:02.287+00,22,0ba3023f7d72ae64498cd359,
2026-07-02 21:05:22.982+00,22.1,0ba3023f7d72ae64498cd359,
2026-07-02 21:02:47.301+00,22.1,0ba3023f7d72ae64498cd359,
2026-07-02 21:00:22.31+00,22.2,0ba3023f7d72ae64498cd359,
2026-07-02 20:57:57.403+00,22.2,0ba3023f7d72ae64498cd359,
2026-07-02 20:55:32.293+00,22.3,0ba3023f7d72ae64498cd359,
2026-07-02 20:53:07.313+00,22.4,0ba3023f7d72ae64498cd359,
2026-07-02 20:50:42.312+00,22.5,0ba3023f7d72ae64498cd359,
2026-07-02 20:48:17.288+00,22.6,0ba3023f7d72ae64498cd359,
2026-07-02 20:45:52.32+00,22.7,0ba3023f7d72ae64498cd359,
2026-07-02 20:43:27.386+00,22.8,0ba3023f7d72ae64498cd359,
2026-07-02 20:41:02.306+00,22.9,0ba3023f7d72ae64498cd359,
2026-07-02 20:38:37.325+00,23,0ba3023f7d72ae64498cd359,
2026-07-02 20:36:12.306+00,23.1,0ba3023f7d72ae64498cd359,
2026-07-02 20:33:47.276+00,23.3,0ba3023f7d72ae64498cd359,
2026-07-02 20:31:22.358+00,23.4,0ba3023f7d72ae64498cd359,
2026-07-02 20:28:57.312+00,23.6,0ba3023f7d72ae64498cd359,
2026-07-02 20:26:32.304+00,23.7,0ba3023f7d72ae64498cd359,
2026-07-02 20:24:07.334+00,23.9,0ba3023f7d72ae64498cd359,
2026-07-02 20:21:42.307+00,24.1,0ba3023f7d72ae64498cd359,
2026-07-02 20:16:52.316+00,24.5,0ba3023f7d72ae64498cd359,
2026-07-02 20:12:09.953+00,24.6,0ba3023f7d72ae64498cd359,
2026-07-02 20:09:37.301+00,24.8,0ba3023f7d72ae64498cd359,
2026-07-02 20:07:12.329+00,24.9,0ba3023f7d72ae64498cd359,
2026-07-02 20:04:47.297+00,25,0ba3023f7d72ae64498cd359,
2026-07-02 20:02:22.398+00,25.1,0ba3023f7d72ae64498cd359,
2026-07-02 19:59:57.246+00,25.1,0ba3023f7d72ae64498cd359,
2026-07-02 19:57:32.301+00,25.2,0ba3023f7d72ae64498cd359,
2026-07-02 19:55:07.314+00,25.2,0ba3023f7d72ae64498cd359,
2026-07-02 19:52:42.255+00,25.3,0ba3023f7d72ae64498cd359,
2026-07-02 19:50:17.219+00,25.3,0ba3023f7d72ae64498cd359,
2026-07-02 19:47:52.187+00,25.4,0ba3023f7d72ae64498cd359,
2026-07-02 19:45:27.342+00,25.4,0ba3023f7d72ae64498cd359,
2026-07-02 19:43:03.767+00,25.4,0ba3023f7d72ae64498cd359,
2026-07-02 19:40:37.219+00,25.5,0ba3023f7d72ae64498cd359,
2026-07-02 19:38:12.217+00,25.5,0ba3023f7d72ae64498cd359,
2026-07-02 19:35:47.2+00,25.6,0ba3023f7d72ae64498cd359,
2026-07-02 19:33:22.199+00,25.6,0ba3023f7d72ae64498cd359,
2026-07-02 19:30:57.242+00,25.7,0ba3023f7d72ae64498cd359,
2026-07-02 19:28:32.204+00,25.7,0ba3023f7d72ae64498cd359,
2026-07-02 19:26:07.224+00,25.8,0ba3023f7d72ae64498cd359,
2026-07-02 19:23:42.236+00,25.8,0ba3023f7d72ae64498cd359,
2026-07-02 19:21:17.276+00,25.9,0ba3023f7d72ae64498cd359,
2026-07-02 19:18:52.208+00,40.5,0ba3023f7d72ae64498cd359,
2026-07-02 19:16:27.234+00,26,0ba3023f7d72ae64498cd359,
2026-07-02 19:14:02.312+00,26,0ba3023f7d72ae64498cd359,
2026-07-02 19:09:20.272+00,26,0ba3023f7d72ae64498cd359,
2026-07-02 19:06:47.198+00,26.1,0ba3023f7d72ae64498cd359,
2026-07-02 19:04:22.145+00,26,0ba3023f7d72ae64498cd359,
2026-07-02 19:01:57.207+00,26.1,0ba3023f7d72ae64498cd359,
2026-07-02 18:59:32.153+00,26,0ba3023f7d72ae64498cd359,
2026-07-02 18:57:07.282+00,26,0ba3023f7d72ae64498cd359,
2026-07-02 18:54:42.192+00,26,0ba3023f7d72ae64498cd359,
2026-07-02 18:52:17.16+00,26,0ba3023f7d72ae64498cd359,
2026-07-02 18:49:52.165+00,26.1,0ba3023f7d72ae64498cd359,
2026-07-02 18:47:27.203+00,26.1,0ba3023f7d72ae64498cd359,
2026-07-02 18:45:02.229+00,26.1,0ba3023f7d72ae64498cd359,
2026-07-02 18:40:19.103+00,26.2,0ba3023f7d72ae64498cd359,
2026-07-02 18:37:47.162+00,26.2,0ba3023f7d72ae64498cd359,
2026-07-02 18:35:22.226+00,26.2,0ba3023f7d72ae64498cd359,
2026-07-02 18:32:57.203+00,26.3,0ba3023f7d72ae64498cd359,
2026-07-02 18:30:32.17+00,26.3,0ba3023f7d72ae64498cd359,
2026-07-02 18:28:07.247+00,26.3,0ba3023f7d72ae64498cd359,
2026-07-02 18:25:42.255+00,26.3,0ba3023f7d72ae64498cd359,
2026-07-02 18:23:17.215+00,26.4,0ba3023f7d72ae64498cd359,
2026-07-02 18:20:52.21+00,26.4,0ba3023f7d72ae64498cd359,
2026-07-02 18:18:27.253+00,26.5,0ba3023f7d72ae64498cd359,
2026-07-02 18:16:02.239+00,26.5,0ba3023f7d72ae64498cd359,
2026-07-02 18:13:37.224+00,26.6,0ba3023f7d72ae64498cd359,
2026-07-02 18:11:12.257+00,26.6,0ba3023f7d72ae64498cd359,
2026-07-02 18:08:47.22+00,26.6,0ba3023f7d72ae64498cd359,
2026-07-02 18:06:22.223+00,26.6,0ba3023f7d72ae64498cd359,
2026-07-02 18:03:58.09+00,26.6,0ba3023f7d72ae64498cd359,
2026-07-02 17:59:07.22+00,26.6,0ba3023f7d72ae64498cd359,
2026-07-02 17:56:42.3+00,26.7,0ba3023f7d72ae64498cd359,
2026-07-02 17:54:17.228+00,26.7,0ba3023f7d72ae64498cd359,
2026-07-02 17:51:52.237+00,26.7,0ba3023f7d72ae64498cd359,
2026-07-02 17:49:27.246+00,26.7,0ba3023f7d72ae64498cd359,
2026-07-02 17:47:02.258+00,26.7,0ba3023f7d72ae64498cd359,
2026-07-02 17:44:37.237+00,26.7,0ba3023f7d72ae64498cd359,
2026-07-02 17:42:12.272+00,26.7,0ba3023f7d72ae64498cd359,
2026-07-02 17:39:47.25+00,26.8,0ba3023f7d72ae64498cd359,
2026-07-02 17:37:22.241+00,26.8,0ba3023f7d72ae64498cd359,
2026-07-02 17:34:57.255+00,26.8,0ba3023f7d72ae64498cd359,
2026-07-02 17:32:32.782+00,26.8,0ba3023f7d72ae64498cd359,
2026-07-02 17:30:07.261+00,27,0ba3023f7d72ae64498cd359,
2026-07-02 17:27:42.255+00,27,0ba3023f7d72ae64498cd359,
2026-07-02 17:25:17.249+00,27.1,0ba3023f7d72ae64498cd359,
2026-07-02 17:22:52.237+00,27.1,0ba3023f7d72ae64498cd359,
2026-07-02 17:20:31.148+00,27.2,0ba3023f7d72ae64498cd359,
2026-07-02 17:18:02.226+00,27.2,0ba3023f7d72ae64498cd359,
2026-07-02 17:15:41.717+00,27.3,0ba3023f7d72ae64498cd359,
2026-07-02 17:13:12.159+00,27.3,0ba3023f7d72ae64498cd359,
2026-07-02 17:10:47.131+00,27.3,0ba3023f7d72ae64498cd359,
2026-07-02 17:08:22.151+00,27.3,0ba3023f7d72ae64498cd359,
2026-07-02 17:05:57.167+00,27.4,0ba3023f7d72ae64498cd359,
2026-07-02 17:03:32.145+00,27.4,0ba3023f7d72ae64498cd359,
2026-07-02 17:01:07.15+00,27.4,0ba3023f7d72ae64498cd359,
2026-07-02 16:58:42.177+00,27.4,0ba3023f7d72ae64498cd359,
2026-07-02 16:56:17.157+00,27.4,0ba3023f7d72ae64498cd359,
2026-07-02 16:53:52.151+00,27.4,0ba3023f7d72ae64498cd359,
2026-07-02 16:51:27.158+00,27.4,0ba3023f7d72ae64498cd359,
2026-07-02 16:49:02.147+00,27.4,0ba3023f7d72ae64498cd359,
2026-07-02 16:46:37.143+00,27.5,0ba3023f7d72ae64498cd359,
2026-07-02 16:44:12.17+00,27.6,0ba3023f7d72ae64498cd359,
2026-07-02 16:41:47.159+00,27.7,0ba3023f7d72ae64498cd359,
2026-07-02 16:39:22.147+00,27.7,0ba3023f7d72ae64498cd359,
2026-07-02 16:36:57.189+00,27.8,0ba3023f7d72ae64498cd359,
2026-07-02 16:34:32.148+00,27.9,0ba3023f7d72ae64498cd359,
2026-07-02 16:32:07.145+00,27.9,0ba3023f7d72ae64498cd359,
2026-07-02 16:29:42.168+00,28,0ba3023f7d72ae64498cd359,
2026-07-02 16:27:17.123+00,28,0ba3023f7d72ae64498cd359,
2026-07-02 16:24:52.121+00,28.1,0ba3023f7d72ae64498cd359,
2026-07-02 16:22:27.138+00,28.1,0ba3023f7d72ae64498cd359,
2026-07-02 16:20:02.224+00,28.1,0ba3023f7d72ae64498cd359,
2026-07-02 16:17:37.093+00,28.1,0ba3023f7d72ae64498cd359,
2026-07-02 16:15:12.134+00,28.2,0ba3023f7d72ae64498cd359,
2026-07-02 16:12:47.156+00,28.3,0ba3023f7d72ae64498cd359,
2026-07-02 16:10:22.111+00,28.3,0ba3023f7d72ae64498cd359,
2026-07-02 16:07:57.127+00,28.3,0ba3023f7d72ae64498cd359,
2026-07-02 16:05:32.717+00,28.3,0ba3023f7d72ae64498cd359,
2026-07-02 16:03:07.168+00,28.4,0ba3023f7d72ae64498cd359,
2026-07-02 16:00:42.238+00,28.4,0ba3023f7d72ae64498cd359,
2026-07-02 15:58:17.152+00,28.4,0ba3023f7d72ae64498cd359,
2026-07-02 15:55:52.086+00,28.4,0ba3023f7d72ae64498cd359,
2026-07-02 15:53:27.202+00,28.4,0ba3023f7d72ae64498cd359,
2026-07-02 15:51:02.103+00,28.4,0ba3023f7d72ae64498cd359,
2026-07-02 15:48:37.181+00,28.4,0ba3023f7d72ae64498cd359,
2026-07-02 15:46:12.204+00,28.4,0ba3023f7d72ae64498cd359,
2026-07-02 15:43:47.161+00,28.4,0ba3023f7d72ae64498cd359,
2026-07-02 15:41:22.172+00,28.4,0ba3023f7d72ae64498cd359,
2026-07-02 15:38:57.188+00,28.4,0ba3023f7d72ae64498cd359,
2026-07-02 15:36:32.189+00,28.4,0ba3023f7d72ae64498cd359,
2026-07-02 15:34:07.202+00,28.4,0ba3023f7d72ae64498cd359,
2026-07-02 15:31:42.644+00,28.4,0ba3023f7d72ae64498cd359,
2026-07-02 15:26:52.189+00,28.5,0ba3023f7d72ae64498cd359,
2026-07-02 15:24:27.167+00,28.5,0ba3023f7d72ae64498cd359,
2026-07-02 15:22:02.203+00,28.5,0ba3023f7d72ae64498cd359,
2026-07-02 15:19:37.169+00,28.5,0ba3023f7d72ae64498cd359,
2026-07-02 15:17:12.18+00,28.5,0ba3023f7d72ae64498cd359,
2026-07-02 15:14:47.221+00,28.4,0ba3023f7d72ae64498cd359,
2026-07-02 15:12:22.908+00,28.4,0ba3023f7d72ae64498cd359,
2026-07-02 15:07:32.111+00,28.4,0ba3023f7d72ae64498cd359,
2026-07-02 15:05:07.184+00,28.4,0ba3023f7d72ae64498cd359,
2026-07-02 15:02:42.186+00,28.4,0ba3023f7d72ae64498cd359,
2026-07-02 15:00:17.203+00,28.5,0ba3023f7d72ae64498cd359,
2026-07-02 14:57:52.179+00,28.6,0ba3023f7d72ae64498cd359,
2026-07-02 14:55:27.07+00,28.8,0ba3023f7d72ae64498cd359,
2026-07-02 14:53:02.188+00,28.8,0ba3023f7d72ae64498cd359,
2026-07-02 14:50:37.179+00,28.8,0ba3023f7d72ae64498cd359,
2026-07-02 14:48:12.2+00,28.8,0ba3023f7d72ae64498cd359,
2026-07-02 14:45:47.136+00,28.9,0ba3023f7d72ae64498cd359,
2026-07-02 14:41:04.332+00,28.9,0ba3023f7d72ae64498cd359,
2026-07-02 14:38:32.229+00,28.8,0ba3023f7d72ae64498cd359,
2026-07-02 14:36:07.074+00,28.8,0ba3023f7d72ae64498cd359,
2026-07-02 14:33:42.087+00,28.7,0ba3023f7d72ae64498cd359,
2026-07-02 14:31:17.106+00,28.7,0ba3023f7d72ae64498cd359,
2026-07-02 14:28:52.18+00,28.6,0ba3023f7d72ae64498cd359,
2026-07-02 14:26:27.092+00,28.6,0ba3023f7d72ae64498cd359,
2026-07-02 14:24:02.09+00,28.7,0ba3023f7d72ae64498cd359,
2026-07-02 14:21:37.119+00,28.7,0ba3023f7d72ae64498cd359,
2026-07-02 14:19:12.488+00,28.7,0ba3023f7d72ae64498cd359,
2026-07-02 14:16:47.156+00,28.8,0ba3023f7d72ae64498cd359,
2026-07-02 14:14:22.086+00,28.8,0ba3023f7d72ae64498cd359,
2026-07-02 14:11:57.083+00,28.8,0ba3023f7d72ae64498cd359,
2026-07-02 14:09:32.118+00,28.9,0ba3023f7d72ae64498cd359,
2026-07-02 14:07:07.096+00,28.9,0ba3023f7d72ae64498cd359,
2026-07-02 14:04:42.092+00,28.9,0ba3023f7d72ae64498cd359,
2026-07-02 14:02:17.121+00,28.8,0ba3023f7d72ae64498cd359,
2026-07-02 13:59:52.109+00,28.9,0ba3023f7d72ae64498cd359,
2026-07-02 13:57:27.074+00,28.8,0ba3023f7d72ae64498cd359,
2026-07-02 13:55:02.102+00,28.8,0ba3023f7d72ae64498cd359,
2026-07-02 13:52:37.064+00,28.8,0ba3023f7d72ae64498cd359,
2026-07-02 13:50:12.06+00,28.7,0ba3023f7d72ae64498cd359,
2026-07-02 13:47:47.91+00,28.7,0ba3023f7d72ae64498cd359,
2026-07-02 13:42:57.046+00,28.8,0ba3023f7d72ae64498cd359,
2026-07-02 13:40:32.135+00,28.9,0ba3023f7d72ae64498cd359,
2026-07-02 13:38:07.045+00,29,0ba3023f7d72ae64498cd359,
2026-07-02 13:35:42.056+00,29,0ba3023f7d72ae64498cd359,
2026-07-02 13:33:17.075+00,29,0ba3023f7d72ae64498cd359,
2026-07-02 13:30:52.043+00,29,0ba3023f7d72ae64498cd359,
2026-07-02 13:28:27.036+00,29.1,0ba3023f7d72ae64498cd359,
2026-07-02 13:26:02.14+00,29.1,0ba3023f7d72ae64498cd359,
2026-07-02 13:21:20.08+00,29.1,0ba3023f7d72ae64498cd359,
2026-07-02 13:18:47.123+00,29,0ba3023f7d72ae64498cd359,
2026-07-02 13:16:22.049+00,29,0ba3023f7d72ae64498cd359,
2026-07-02 13:13:57.085+00,29,0ba3023f7d72ae64498cd359,
2026-07-02 13:11:32.093+00,28.9,0ba3023f7d72ae64498cd359,
2026-07-02 13:09:07.1+00,28.9,0ba3023f7d72ae64498cd359,
2026-07-02 13:06:42.1+00,28.9,0ba3023f7d72ae64498cd359,
2026-07-02 13:04:17.142+00,28.9,0ba3023f7d72ae64498cd359,
2026-07-02 13:01:52.108+00,28.9,0ba3023f7d72ae64498cd359,
2026-07-02 12:59:27.088+00,28.9,0ba3023f7d72ae64498cd359,
2026-07-02 12:57:02.047+00,29,0ba3023f7d72ae64498cd359,
2026-07-02 12:54:37.044+00,29.1,0ba3023f7d72ae64498cd359,
2026-07-02 12:52:12.043+00,29.2,0ba3023f7d72ae64498cd359,
2026-07-02 12:49:47.085+00,29.2,0ba3023f7d72ae64498cd359,
2026-07-02 12:47:22.035+00,29.2,0ba3023f7d72ae64498cd359,
2026-07-02 12:44:57.026+00,29.3,0ba3023f7d72ae64498cd359,
2026-07-02 12:42:32.145+00,29.3,0ba3023f7d72ae64498cd359,
2026-07-02 12:40:07.127+00,29.4,0ba3023f7d72ae64498cd359,
2026-07-02 12:37:42.129+00,29.6,0ba3023f7d72ae64498cd359,
2026-07-02 12:35:17.177+00,29.8,0ba3023f7d72ae64498cd359,
2026-07-02 12:32:52.104+00,30,0ba3023f7d72ae64498cd359,
2026-07-02 12:30:27.107+00,30.1,0ba3023f7d72ae64498cd359,
2026-07-02 12:28:02.147+00,30.1,0ba3023f7d72ae64498cd359,
2026-07-02 12:25:37.154+00,30.2,0ba3023f7d72ae64498cd359,
2026-07-02 12:23:12.111+00,30.3,0ba3023f7d72ae64498cd359,
2026-07-02 12:20:47.293+00,30.5,0ba3023f7d72ae64498cd359,
2026-07-02 12:18:22.122+00,30.7,0ba3023f7d72ae64498cd359,
2026-07-02 12:15:57.126+00,30.7,0ba3023f7d72ae64498cd359,
2026-07-02 12:13:32.892+00,30.7,0ba3023f7d72ae64498cd359,
2026-07-02 12:08:42.124+00,30.8,0ba3023f7d72ae64498cd359,
2026-07-02 12:06:17.065+00,30.8,0ba3023f7d72ae64498cd359,
2026-07-02 12:03:52.021+00,30.8,0ba3023f7d72ae64498cd359,
2026-07-02 12:01:27.121+00,30.8,0ba3023f7d72ae64498cd359,
2026-07-02 11:59:02.147+00,31,0ba3023f7d72ae64498cd359,
2026-07-02 11:56:37.047+00,31.2,0ba3023f7d72ae64498cd359,
2026-07-02 11:54:12.013+00,31.6,0ba3023f7d72ae64498cd359,
2026-07-02 11:51:47.059+00,31.8,0ba3023f7d72ae64498cd359,
2026-07-02 11:46:57.017+00,32.1,0ba3023f7d72ae64498cd359,
2026-07-02 11:44:32.035+00,32.4,0ba3023f7d72ae64498cd359,
2026-07-02 11:42:07.07+00,32.6,0ba3023f7d72ae64498cd359,
2026-07-02 11:39:42.028+00,32.7,0ba3023f7d72ae64498cd359,
2026-07-02 11:37:17.034+00,32.7,0ba3023f7d72ae64498cd359,
2026-07-02 11:34:52.059+00,32.6,0ba3023f7d72ae64498cd359,
2026-07-02 11:32:27.014+00,32.5,0ba3023f7d72ae64498cd359,
2026-07-02 11:30:02.046+00,32.6,0ba3023f7d72ae64498cd359,
2026-07-02 11:27:37.069+00,32.9,0ba3023f7d72ae64498cd359,
2026-07-02 11:25:12.057+00,33.1,0ba3023f7d72ae64498cd359,
2026-07-02 11:22:47.026+00,33,0ba3023f7d72ae64498cd359,
2026-07-02 11:20:22.856+00,33,0ba3023f7d72ae64498cd359,
2026-07-02 11:15:32.151+00,32.7,0ba3023f7d72ae64498cd359,
2026-07-02 11:13:07.053+00,33.1,0ba3023f7d72ae64498cd359,
2026-07-02 11:10:42.078+00,33.6,0ba3023f7d72ae64498cd359,
2026-07-02 11:08:17.036+00,34,0ba3023f7d72ae64498cd359,
2026-07-02 11:05:52.09+00,34.4,0ba3023f7d72ae64498cd359,
2026-07-02 11:03:27.035+00,34.5,0ba3023f7d72ae64498cd359,
2026-07-02 11:01:02.045+00,34.2,0ba3023f7d72ae64498cd359,
2026-07-02 10:58:37.01+00,34,0ba3023f7d72ae64498cd359,
2026-07-02 10:56:12.004+00,34,0ba3023f7d72ae64498cd359,
2026-07-02 10:53:47.024+00,34.3,0ba3023f7d72ae64498cd359,
2026-07-02 10:51:22.062+00,34.4,0ba3023f7d72ae64498cd359,
2026-07-02 10:48:57.064+00,34.3,0ba3023f7d72ae64498cd359,
2026-07-02 10:46:32.052+00,34.4,0ba3023f7d72ae64498cd359,
2026-07-02 10:44:07.042+00,34.6,0ba3023f7d72ae64498cd359,
2026-07-02 10:41:42.062+00,34.6,0ba3023f7d72ae64498cd359,
2026-07-02 10:39:17.048+00,34.4,0ba3023f7d72ae64498cd359,
2026-07-02 10:36:52.01+00,34.4,0ba3023f7d72ae64498cd359,
2026-07-02 10:34:26.998+00,35,0ba3023f7d72ae64498cd359,
2026-07-02 10:32:01.982+00,35,0ba3023f7d72ae64498cd359,
2026-07-02 10:29:36.98+00,34.7,0ba3023f7d72ae64498cd359,
2026-07-02 10:27:12.027+00,34.7,0ba3023f7d72ae64498cd359,
2026-07-02 10:24:46.997+00,35.2,0ba3023f7d72ae64498cd359,
2026-07-02 10:22:22.058+00,35.9,0ba3023f7d72ae64498cd359,
2026-07-02 10:19:57.079+00,36.5,0ba3023f7d72ae64498cd359,
2026-07-02 10:17:32.047+00,36.6,0ba3023f7d72ae64498cd359,
2026-07-02 10:15:06.996+00,36.6,0ba3023f7d72ae64498cd359,
2026-07-02 10:12:42.484+00,36.6,0ba3023f7d72ae64498cd359,
2026-07-02 10:10:16.992+00,36.7,0ba3023f7d72ae64498cd359,
2026-07-02 10:07:52.06+00,36.8,0ba3023f7d72ae64498cd359,
2026-07-02 10:05:27.073+00,37,0ba3023f7d72ae64498cd359,
2026-07-02 10:03:02.047+00,36.9,0ba3023f7d72ae64498cd359,
2026-07-02 10:00:37.071+00,36.8,0ba3023f7d72ae64498cd359,
2026-07-02 09:58:12.079+00,36.9,0ba3023f7d72ae64498cd359,
2026-07-02 09:55:47.05+00,36.9,0ba3023f7d72ae64498cd359,
2026-07-02 09:53:22.063+00,36.8,0ba3023f7d72ae64498cd359,
2026-07-02 09:50:57.08+00,37,0ba3023f7d72ae64498cd359,
2026-07-02 09:48:32.051+00,37.1,0ba3023f7d72ae64498cd359,
2026-07-02 09:46:07.08+00,37.1,0ba3023f7d72ae64498cd359,
2026-07-02 09:43:42.077+00,36.9,0ba3023f7d72ae64498cd359,
2026-07-02 09:41:17.058+00,36.8,0ba3023f7d72ae64498cd359,
2026-07-02 09:38:52.072+00,36.8,0ba3023f7d72ae64498cd359,
2026-07-02 09:36:27.12+00,36.8,0ba3023f7d72ae64498cd359,
2026-07-02 09:34:02.315+00,37,0ba3023f7d72ae64498cd359,
2026-07-02 09:31:36.988+00,37.1,0ba3023f7d72ae64498cd359,
2026-07-02 09:29:12.225+00,37,0ba3023f7d72ae64498cd359,
2026-07-02 09:26:46.993+00,36.9,0ba3023f7d72ae64498cd359,
2026-07-02 09:24:21.973+00,36.9,0ba3023f7d72ae64498cd359,
2026-07-02 09:21:57.822+00,36.9,0ba3023f7d72ae64498cd359,
2026-07-02 09:17:07.01+00,36.7,0ba3023f7d72ae64498cd359,
2026-07-02 09:14:41.999+00,36.8,0ba3023f7d72ae64498cd359,
2026-07-02 09:12:16.972+00,36.8,0ba3023f7d72ae64498cd359,
2026-07-02 09:09:52.088+00,36.9,0ba3023f7d72ae64498cd359,
2026-07-02 09:07:26.979+00,36.9,0ba3023f7d72ae64498cd359,
2026-07-02 09:05:01.986+00,36.9,0ba3023f7d72ae64498cd359,
2026-07-02 09:02:36.938+00,36.8,0ba3023f7d72ae64498cd359,
2026-07-02 09:00:12.019+00,36.6,0ba3023f7d72ae64498cd359,
2026-07-02 08:57:46.966+00,36.7,0ba3023f7d72ae64498cd359,
2026-07-02 08:55:22.406+00,36.9,0ba3023f7d72ae64498cd359,
2026-07-02 08:52:57.318+00,37,0ba3023f7d72ae64498cd359,
2026-07-02 08:50:31.977+00,37,0ba3023f7d72ae64498cd359,
2026-07-02 08:48:06.969+00,37.1,0ba3023f7d72ae64498cd359,
2026-07-02 08:45:41.953+00,37.1,0ba3023f7d72ae64498cd359,
2026-07-02 08:43:16.925+00,37.1,0ba3023f7d72ae64498cd359,
2026-07-02 08:40:52.071+00,36.9,0ba3023f7d72ae64498cd359,
2026-07-02 08:38:27.008+00,36.7,0ba3023f7d72ae64498cd359,
2026-07-02 08:36:02.012+00,36.6,0ba3023f7d72ae64498cd359,
2026-07-02 08:33:36.939+00,36.5,0ba3023f7d72ae64498cd359,
2026-07-02 08:31:11.975+00,36.3,0ba3023f7d72ae64498cd359,
2026-07-02 08:28:46.93+00,36.1,0ba3023f7d72ae64498cd359,
2026-07-02 08:26:21.948+00,36.1,0ba3023f7d72ae64498cd359,
2026-07-02 08:23:56.962+00,35.9,0ba3023f7d72ae64498cd359,
2026-07-02 08:21:31.971+00,35.8,0ba3023f7d72ae64498cd359,
2026-07-02 08:19:06.935+00,35.8,0ba3023f7d72ae64498cd359,
2026-07-02 08:16:42.01+00,35.8,0ba3023f7d72ae64498cd359,
2026-07-02 08:14:16.942+00,35.7,0ba3023f7d72ae64498cd359,
2026-07-02 08:11:52.014+00,35.4,0ba3023f7d72ae64498cd359,
2026-07-02 08:09:27.021+00,35.1,0ba3023f7d72ae64498cd359,
2026-07-02 08:07:02.036+00,34.8,0ba3023f7d72ae64498cd359,
2026-07-02 08:04:36.97+00,34.4,0ba3023f7d72ae64498cd359,
2026-07-02 08:02:12.022+00,33.9,0ba3023f7d72ae64498cd359,
2026-07-02 07:59:46.987+00,33.9,0ba3023f7d72ae64498cd359,
2026-07-02 07:57:25.368+00,33.9,0ba3023f7d72ae64498cd359,
2026-07-02 07:54:57.021+00,33,0ba3023f7d72ae64498cd359,
2026-07-02 07:52:31.994+00,32.5,0ba3023f7d72ae64498cd359,
2026-07-02 07:50:07.528+00,32.5,0ba3023f7d72ae64498cd359,
2026-07-02 07:47:41.923+00,31.6,0ba3023f7d72ae64498cd359,
2026-07-02 07:45:16.913+00,30.9,0ba3023f7d72ae64498cd359,
2026-07-02 07:42:51.906+00,30.2,0ba3023f7d72ae64498cd359,
2026-07-02 07:40:26.935+00,29.5,0ba3023f7d72ae64498cd359,
2026-07-02 07:38:01.895+00,28.8,0ba3023f7d72ae64498cd359,
2026-07-02 07:35:36.903+00,27.8,0ba3023f7d72ae64498cd359,
2026-07-02 07:33:12.008+00,26.7,0ba3023f7d72ae64498cd359,
2026-07-02 07:30:46.889+00,25.8,0ba3023f7d72ae64498cd359,
2026-07-02 07:28:21.989+00,24.8,0ba3023f7d72ae64498cd359,
2026-07-02 07:25:56.931+00,23.6,0ba3023f7d72ae64498cd359,
2026-07-02 07:23:32.016+00,22.4,0ba3023f7d72ae64498cd359,
2026-07-02 07:21:06.899+00,21.3,0ba3023f7d72ae64498cd359,
2026-07-02 07:18:42.039+00,20.8,0ba3023f7d72ae64498cd359,
2026-07-02 07:16:17.009+00,20.7,0ba3023f7d72ae64498cd359,
2026-07-02 07:13:51.905+00,20.5,0ba3023f7d72ae64498cd359,
2026-07-02 07:11:27.028+00,20.4,0ba3023f7d72ae64498cd359,
2026-07-02 07:09:02.107+00,20.3,0ba3023f7d72ae64498cd359,
2026-07-02 07:06:36.886+00,20.3,0ba3023f7d72ae64498cd359,
2026-07-02 07:04:11.924+00,20.3,0ba3023f7d72ae64498cd359,
2026-07-02 07:01:46.886+00,20.4,0ba3023f7d72ae64498cd359,
2026-07-02 06:59:21.891+00,20.3,0ba3023f7d72ae64498cd359,
2026-07-02 06:56:56.925+00,20.3,0ba3023f7d72ae64498cd359,
2026-07-02 06:54:31.89+00,20.2,0ba3023f7d72ae64498cd359,
2026-07-02 06:49:54.971+00,20.2,0ba3023f7d72ae64498cd359,
2026-07-02 06:47:16.882+00,20.1,0ba3023f7d72ae64498cd359,
2026-07-02 06:44:51.929+00,20.1,0ba3023f7d72ae64498cd359,
2026-07-02 06:42:26.896+00,20.1,0ba3023f7d72ae64498cd359,
2026-07-02 06:40:01.902+00,20,0ba3023f7d72ae64498cd359,
2026-07-02 06:37:36.918+00,20,0ba3023f7d72ae64498cd359,
2026-07-02 06:35:11.959+00,19.9,0ba3023f7d72ae64498cd359,
2026-07-02 06:32:46.894+00,19.8,0ba3023f7d72ae64498cd359,
2026-07-02 06:30:21.936+00,19.7,0ba3023f7d72ae64498cd359,
2026-07-02 06:27:56.871+00,19.6,0ba3023f7d72ae64498cd359,
2026-07-02 06:25:31.912+00,19.5,0ba3023f7d72ae64498cd359,
2026-07-02 06:23:06.925+00,19.4,0ba3023f7d72ae64498cd359,
2026-07-02 06:20:41.906+00,19.4,0ba3023f7d72ae64498cd359,
2026-07-02 06:18:16.909+00,19.3,0ba3023f7d72ae64498cd359,
2026-07-02 06:15:51.936+00,19.2,0ba3023f7d72ae64498cd359,
2026-07-02 06:13:26.907+00,19.2,0ba3023f7d72ae64498cd359,
2026-07-02 06:11:01.872+00,19.2,0ba3023f7d72ae64498cd359,
2026-07-02 06:08:36.942+00,19.1,0ba3023f7d72ae64498cd359,
2026-07-02 06:06:11.899+00,19.1,0ba3023f7d72ae64498cd359,
2026-07-02 06:03:46.884+00,19.1,0ba3023f7d72ae64498cd359,
2026-07-02 06:01:22.031+00,19,0ba3023f7d72ae64498cd359,
2026-07-02 05:58:56.859+00,19,0ba3023f7d72ae64498cd359,
2026-07-02 05:56:31.891+00,18.9,0ba3023f7d72ae64498cd359,
2026-07-02 05:54:06.905+00,18.9,0ba3023f7d72ae64498cd359,
2026-07-02 05:51:41.887+00,18.9,0ba3023f7d72ae64498cd359,
2026-07-02 05:49:17.254+00,18.9,0ba3023f7d72ae64498cd359,
2026-07-02 05:46:51.909+00,18.9,0ba3023f7d72ae64498cd359,
2026-07-02 05:44:26.931+00,18.9,0ba3023f7d72ae64498cd359,
2026-07-02 05:42:01.846+00,18.9,0ba3023f7d72ae64498cd359,
2026-07-02 05:39:36.955+00,18.8,0ba3023f7d72ae64498cd359,
2026-07-02 05:37:11.918+00,18.7,0ba3023f7d72ae64498cd359,
2026-07-02 05:34:46.923+00,18.7,0ba3023f7d72ae64498cd359,
2026-07-02 05:32:21.944+00,18.7,0ba3023f7d72ae64498cd359,
2026-07-02 05:29:58.498+00,18.6,0ba3023f7d72ae64498cd359,
2026-07-02 05:27:31.922+00,18.6,0ba3023f7d72ae64498cd359,
2026-07-02 05:25:06.987+00,18.6,0ba3023f7d72ae64498cd359,
2026-07-02 05:22:41.954+00,18.6,0ba3023f7d72ae64498cd359,
2026-07-02 05:20:16.916+00,18.5,0ba3023f7d72ae64498cd359,
2026-07-02 05:17:51.965+00,18.5,0ba3023f7d72ae64498cd359,
2026-07-02 05:15:26.948+00,18.4,0ba3023f7d72ae64498cd359,
2026-07-02 05:13:01.914+00,18.4,0ba3023f7d72ae64498cd359,
2026-07-02 05:10:36.997+00,18.3,0ba3023f7d72ae64498cd359,
2026-07-02 05:08:11.876+00,18.2,0ba3023f7d72ae64498cd359,
2026-07-02 05:05:46.938+00,18.2,0ba3023f7d72ae64498cd359,
2026-07-02 05:03:21.89+00,18.1,0ba3023f7d72ae64498cd359,
2026-07-02 05:00:56.933+00,18.1,0ba3023f7d72ae64498cd359,
2026-07-02 04:58:31.93+00,18,0ba3023f7d72ae64498cd359,
2026-07-02 04:56:06.906+00,18,0ba3023f7d72ae64498cd359,
2026-07-02 04:53:41.847+00,17.9,0ba3023f7d72ae64498cd359,
2026-07-02 04:51:16.877+00,17.9,0ba3023f7d72ae64498cd359,
2026-07-02 04:48:51.875+00,17.9,0ba3023f7d72ae64498cd359,
2026-07-02 04:46:26.976+00,17.8,0ba3023f7d72ae64498cd359,
2026-07-02 04:44:01.937+00,17.7,0ba3023f7d72ae64498cd359,
2026-07-02 04:41:36.98+00,17.6,0ba3023f7d72ae64498cd359,
2026-07-02 04:39:11.951+00,17.6,0ba3023f7d72ae64498cd359,
2026-07-02 04:36:46.963+00,17.5,0ba3023f7d72ae64498cd359,
2026-07-02 04:34:21.97+00,17.5,0ba3023f7d72ae64498cd359,
2026-07-02 04:31:56.95+00,17.4,0ba3023f7d72ae64498cd359,
2026-07-02 04:29:31.94+00,17.3,0ba3023f7d72ae64498cd359,
2026-07-02 04:27:06.989+00,17.2,0ba3023f7d72ae64498cd359,
2026-07-02 04:24:42.042+00,17.2,0ba3023f7d72ae64498cd359,
2026-07-02 04:22:16.953+00,17.2,0ba3023f7d72ae64498cd359,
2026-07-02 04:19:52.324+00,17.1,0ba3023f7d72ae64498cd359,
2026-07-02 04:17:26.932+00,17.1,0ba3023f7d72ae64498cd359,
2026-07-02 04:15:01.87+00,17,0ba3023f7d72ae64498cd359,
2026-07-02 04:12:36.875+00,16.9,0ba3023f7d72ae64498cd359,
2026-07-02 04:10:11.84+00,16.9,0ba3023f7d72ae64498cd359,
2026-07-02 04:07:46.84+00,16.8,0ba3023f7d72ae64498cd359,
2026-07-02 04:05:21.889+00,16.7,0ba3023f7d72ae64498cd359,
2026-07-02 04:02:56.841+00,16.7,0ba3023f7d72ae64498cd359,
2026-07-02 04:00:31.897+00,16.6,0ba3023f7d72ae64498cd359,
2026-07-02 03:58:06.877+00,16.6,0ba3023f7d72ae64498cd359,
2026-07-02 03:55:41.863+00,16.5,0ba3023f7d72ae64498cd359,
2026-07-02 03:53:16.852+00,16.5,0ba3023f7d72ae64498cd359,
2026-07-02 03:50:51.873+00,16.4,0ba3023f7d72ae64498cd359,
2026-07-02 03:48:26.844+00,16.3,0ba3023f7d72ae64498cd359,
2026-07-02 03:46:01.837+00,16.2,0ba3023f7d72ae64498cd359,
2026-07-02 03:43:36.86+00,16.2,0ba3023f7d72ae64498cd359,
2026-07-02 03:41:11.846+00,16.1,0ba3023f7d72ae64498cd359,
2026-07-02 03:38:46.827+00,16.1,0ba3023f7d72ae64498cd359,
2026-07-02 03:36:21.857+00,16,0ba3023f7d72ae64498cd359,
2026-07-02 03:33:56.839+00,16,0ba3023f7d72ae64498cd359,
2026-07-02 03:31:31.823+00,15.9,0ba3023f7d72ae64498cd359,
2026-07-02 03:29:06.873+00,15.9,0ba3023f7d72ae64498cd359,
2026-07-02 03:26:41.814+00,16,0ba3023f7d72ae64498cd359,
2026-07-02 03:24:16.812+00,16,0ba3023f7d72ae64498cd359,
2026-07-02 03:21:51.863+00,16,0ba3023f7d72ae64498cd359,
2026-07-02 03:19:26.801+00,16,0ba3023f7d72ae64498cd359,
2026-07-02 03:17:01.825+00,16,0ba3023f7d72ae64498cd359,
2026-07-02 03:14:36.834+00,16,0ba3023f7d72ae64498cd359,
2026-07-02 03:09:56.034+00,16,0ba3023f7d72ae64498cd359,
2026-07-02 03:07:21.866+00,16,0ba3023f7d72ae64498cd359,
2026-07-02 03:04:56.91+00,16.1,0ba3023f7d72ae64498cd359,
2026-07-02 03:02:31.786+00,16.1,0ba3023f7d72ae64498cd359,
2026-07-02 03:00:06.862+00,16.1,0ba3023f7d72ae64498cd359,
2026-07-02 02:57:41.888+00,16.1,0ba3023f7d72ae64498cd359,
2026-07-02 02:55:16.854+00,16.1,0ba3023f7d72ae64498cd359,
2026-07-02 02:52:51.876+00,16.1,0ba3023f7d72ae64498cd359,
2026-07-02 02:50:26.875+00,16.1,0ba3023f7d72ae64498cd359,
2026-07-02 02:48:01.853+00,16.1,0ba3023f7d72ae64498cd359,
2026-07-02 02:45:36.844+00,16.1,0ba3023f7d72ae64498cd359,
2026-07-02 02:43:11.81+00,16.1,0ba3023f7d72ae64498cd359,
2026-07-02 02:40:46.851+00,16.1,0ba3023f7d72ae64498cd359,
2026-07-02 02:38:21.855+00,16.1,0ba3023f7d72ae64498cd359,
2026-07-02 02:35:56.896+00,16.1,0ba3023f7d72ae64498cd359,
2026-07-02 02:33:31.863+00,16,0ba3023f7d72ae64498cd359,
2026-07-02 02:31:06.861+00,16,0ba3023f7d72ae64498cd359,
2026-07-02 02:28:41.84+00,16,0ba3023f7d72ae64498cd359,
2026-07-02 02:26:16.874+00,15.9,0ba3023f7d72ae64498cd359,
2026-07-02 02:23:51.783+00,15.9,0ba3023f7d72ae64498cd359,
2026-07-02 02:21:27.04+00,15.9,0ba3023f7d72ae64498cd359,
2026-07-02 02:19:01.87+00,15.9,0ba3023f7d72ae64498cd359,
2026-07-02 02:16:36.972+00,15.9,0ba3023f7d72ae64498cd359,
2026-07-02 02:14:11.905+00,15.9,0ba3023f7d72ae64498cd359,
2026-07-02 02:11:46.791+00,15.9,0ba3023f7d72ae64498cd359,
2026-07-02 02:09:21.871+00,15.9,0ba3023f7d72ae64498cd359,
2026-07-02 02:06:56.898+00,15.9,0ba3023f7d72ae64498cd359,
2026-07-02 02:04:31.878+00,15.9,0ba3023f7d72ae64498cd359,
2026-07-02 02:02:06.864+00,15.9,0ba3023f7d72ae64498cd359,
2026-07-02 01:59:42.309+00,15.9,0ba3023f7d72ae64498cd359,
2026-07-02 01:57:17.531+00,15.9,0ba3023f7d72ae64498cd359,
2026-07-02 01:54:51.867+00,16,0ba3023f7d72ae64498cd359,
2026-07-02 01:52:26.892+00,16,0ba3023f7d72ae64498cd359,
2026-07-02 01:50:01.878+00,16,0ba3023f7d72ae64498cd359,
2026-07-02 01:47:36.871+00,16,0ba3023f7d72ae64498cd359,
2026-07-02 01:45:12.013+00,16.1,0ba3023f7d72ae64498cd359,
2026-07-02 01:42:46.861+00,16.1,0ba3023f7d72ae64498cd359,
2026-07-02 01:40:21.978+00,16.1,0ba3023f7d72ae64498cd359,
2026-07-02 01:37:56.909+00,16.2,0ba3023f7d72ae64498cd359,
2026-07-02 01:35:31.876+00,16.2,0ba3023f7d72ae64498cd359,
2026-07-02 01:33:06.868+00,16.2,0ba3023f7d72ae64498cd359,
2026-07-02 01:30:41.8+00,16.2,0ba3023f7d72ae64498cd359,
2026-07-02 01:28:16.764+00,16.3,0ba3023f7d72ae64498cd359,
2026-07-02 01:25:51.78+00,16.3,0ba3023f7d72ae64498cd359,
2026-07-02 01:23:26.82+00,16.4,0ba3023f7d72ae64498cd359,
2026-07-02 01:21:01.908+00,16.4,0ba3023f7d72ae64498cd359,
2026-07-02 01:18:36.769+00,16.4,0ba3023f7d72ae64498cd359,
2026-07-02 01:16:11.81+00,16.5,0ba3023f7d72ae64498cd359,
2026-07-02 01:13:46.776+00,16.5,0ba3023f7d72ae64498cd359,
2026-07-02 01:11:21.772+00,16.5,0ba3023f7d72ae64498cd359,
2026-07-02 01:08:56.802+00,16.5,0ba3023f7d72ae64498cd359,
2026-07-02 01:06:31.788+00,16.6,0ba3023f7d72ae64498cd359,
2026-07-02 01:04:06.77+00,16.6,0ba3023f7d72ae64498cd359,
2026-07-02 01:01:41.808+00,16.6,0ba3023f7d72ae64498cd359,
2026-07-02 00:59:16.755+00,16.5,0ba3023f7d72ae64498cd359,
2026-07-02 00:56:51.72+00,16.5,0ba3023f7d72ae64498cd359,
2026-07-02 00:54:26.759+00,16.5,0ba3023f7d72ae64498cd359,
2026-07-02 00:52:01.729+00,16.4,0ba3023f7d72ae64498cd359,
2026-07-02 00:49:36.726+00,16.4,0ba3023f7d72ae64498cd359,
2026-07-02 00:47:12.174+00,16.4,0ba3023f7d72ae64498cd359,
2026-07-02 00:44:47.428+00,16.4,0ba3023f7d72ae64498cd359,
2026-07-02 00:42:21.744+00,16.5,0ba3023f7d72ae64498cd359,
2026-07-02 00:39:56.765+00,16.5,0ba3023f7d72ae64498cd359,
2026-07-02 00:37:31.726+00,16.5,0ba3023f7d72ae64498cd359,
2026-07-02 00:35:06.731+00,16.5,0ba3023f7d72ae64498cd359,
2026-07-02 00:32:41.774+00,16.4,0ba3023f7d72ae64498cd359,
2026-07-02 00:30:16.885+00,16.4,0ba3023f7d72ae64498cd359,
2026-07-02 00:27:51.802+00,16.4,0ba3023f7d72ae64498cd359,
2026-07-02 00:25:26.825+00,16.4,0ba3023f7d72ae64498cd359,
2026-07-02 00:23:01.8+00,16.4,0ba3023f7d72ae64498cd359,
2026-07-02 00:20:36.801+00,16.4,0ba3023f7d72ae64498cd359,
2026-07-02 00:18:11.833+00,16.4,0ba3023f7d72ae64498cd359,
2026-07-02 00:15:46.807+00,16.4,0ba3023f7d72ae64498cd359,
2026-07-02 00:13:21.779+00,16.4,0ba3023f7d72ae64498cd359,
2026-07-02 00:10:56.827+00,16.4,0ba3023f7d72ae64498cd359,
2026-07-02 00:08:31.807+00,16.4,0ba3023f7d72ae64498cd359,
2026-07-02 00:06:06.904+00,16.5,0ba3023f7d72ae64498cd359,
2026-07-02 00:03:41.831+00,16.5,0ba3023f7d72ae64498cd359,
2026-07-02 00:01:16.804+00,16.5,0ba3023f7d72ae64498cd359,
2026-07-01 23:58:51.801+00,16.5,0ba3023f7d72ae64498cd359,
2026-07-01 23:56:26.856+00,16.5,0ba3023f7d72ae64498cd359,
2026-07-01 23:54:01.816+00,16.5,0ba3023f7d72ae64498cd359,
2026-07-01 23:51:36.793+00,16.6,0ba3023f7d72ae64498cd359,
2026-07-01 23:49:11.84+00,16.6,0ba3023f7d72ae64498cd359,
2026-07-01 23:46:46.834+00,16.6,0ba3023f7d72ae64498cd359,
2026-07-01 23:44:21.831+00,16.6,0ba3023f7d72ae64498cd359,
2026-07-01 23:41:56.843+00,16.7,0ba3023f7d72ae64498cd359,
2026-07-01 23:39:31.717+00,16.7,0ba3023f7d72ae64498cd359,
2026-07-01 23:37:06.805+00,16.7,0ba3023f7d72ae64498cd359,
2026-07-01 23:34:41.745+00,16.7,0ba3023f7d72ae64498cd359,
2026-07-01 23:32:16.814+00,16.8,0ba3023f7d72ae64498cd359,
2026-07-01 23:29:52.236+00,16.8,0ba3023f7d72ae64498cd359,
2026-07-01 23:27:27.984+00,16.8,0ba3023f7d72ae64498cd359,
2026-07-01 23:25:01.803+00,16.8,0ba3023f7d72ae64498cd359,
2026-07-01 23:22:36.808+00,16.8,0ba3023f7d72ae64498cd359,
2026-07-01 23:20:11.844+00,16.9,0ba3023f7d72ae64498cd359,
2026-07-01 23:17:46.717+00,16.9,0ba3023f7d72ae64498cd359,
2026-07-01 23:15:21.704+00,16.9,0ba3023f7d72ae64498cd359,
2026-07-01 23:12:56.738+00,16.9,0ba3023f7d72ae64498cd359,
2026-07-01 23:10:31.733+00,17,0ba3023f7d72ae64498cd359,
2026-07-01 23:08:06.712+00,17,0ba3023f7d72ae64498cd359,
2026-07-01 23:05:41.733+00,17.1,0ba3023f7d72ae64498cd359,
2026-07-01 23:03:16.701+00,17.1,0ba3023f7d72ae64498cd359,
2026-07-01 23:00:51.718+00,17.1,0ba3023f7d72ae64498cd359,
2026-07-01 22:58:27.301+00,17.1,0ba3023f7d72ae64498cd359,
2026-07-01 22:56:01.711+00,17.2,0ba3023f7d72ae64498cd359,
2026-07-01 22:53:36.724+00,17.2,0ba3023f7d72ae64498cd359,
2026-07-01 22:51:11.727+00,17.3,0ba3023f7d72ae64498cd359,
2026-07-01 22:48:46.717+00,17.3,0ba3023f7d72ae64498cd359,
2026-07-01 22:46:21.715+00,17.3,0ba3023f7d72ae64498cd359,
2026-07-01 22:43:56.761+00,17.4,0ba3023f7d72ae64498cd359,
2026-07-01 22:41:31.718+00,17.4,0ba3023f7d72ae64498cd359,
2026-07-01 22:39:06.712+00,17.4,0ba3023f7d72ae64498cd359,
2026-07-01 22:36:41.78+00,17.4,0ba3023f7d72ae64498cd359,
2026-07-01 22:34:16.685+00,17.5,0ba3023f7d72ae64498cd359,
2026-07-01 22:31:51.725+00,17.5,0ba3023f7d72ae64498cd359,
2026-07-01 22:29:26.778+00,17.5,0ba3023f7d72ae64498cd359,
2026-07-01 22:27:01.709+00,17.6,0ba3023f7d72ae64498cd359,
2026-07-01 22:24:36.728+00,17.6,0ba3023f7d72ae64498cd359,
2026-07-01 22:22:11.757+00,17.6,0ba3023f7d72ae64498cd359,
2026-07-01 22:19:50.304+00,17.6,0ba3023f7d72ae64498cd359,
2026-07-01 22:17:21.726+00,17.6,0ba3023f7d72ae64498cd359,
2026-07-01 22:14:56.715+00,17.5,0ba3023f7d72ae64498cd359,
2026-07-01 22:12:31.672+00,17.5,0ba3023f7d72ae64498cd359,
2026-07-01 22:10:06.664+00,17.5,0ba3023f7d72ae64498cd359,
2026-07-01 22:07:41.735+00,17.6,0ba3023f7d72ae64498cd359,
2026-07-01 22:05:16.706+00,17.5,0ba3023f7d72ae64498cd359,
2026-07-01 22:02:51.664+00,17.6,0ba3023f7d72ae64498cd359,
2026-07-01 22:00:26.699+00,17.6,0ba3023f7d72ae64498cd359,
2026-07-01 21:58:01.697+00,17.6,0ba3023f7d72ae64498cd359,
2026-07-01 21:55:36.653+00,17.6,0ba3023f7d72ae64498cd359,
2026-07-01 21:53:11.702+00,17.7,0ba3023f7d72ae64498cd359,
2026-07-01 21:50:46.833+00,17.8,0ba3023f7d72ae64498cd359,
2026-07-01 21:48:21.733+00,17.8,0ba3023f7d72ae64498cd359,
2026-07-01 21:45:56.777+00,17.9,0ba3023f7d72ae64498cd359,
2026-07-01 21:43:31.743+00,17.9,0ba3023f7d72ae64498cd359,
2026-07-01 21:41:06.752+00,17.9,0ba3023f7d72ae64498cd359,
2026-07-01 21:38:41.768+00,18,0ba3023f7d72ae64498cd359,
2026-07-01 21:36:16.729+00,18,0ba3023f7d72ae64498cd359,
2026-07-01 21:33:51.745+00,18.1,0ba3023f7d72ae64498cd359,
2026-07-01 21:31:26.774+00,18.1,0ba3023f7d72ae64498cd359,
2026-07-01 21:29:01.745+00,18.1,0ba3023f7d72ae64498cd359,
2026-07-01 21:26:36.735+00,18.1,0ba3023f7d72ae64498cd359,
2026-07-01 21:24:11.775+00,18.2,0ba3023f7d72ae64498cd359,
2026-07-01 21:21:46.733+00,18.2,0ba3023f7d72ae64498cd359,
2026-07-01 21:19:21.745+00,18.2,0ba3023f7d72ae64498cd359,
2026-07-01 21:16:56.767+00,18.3,0ba3023f7d72ae64498cd359,
2026-07-01 21:14:31.743+00,18.3,0ba3023f7d72ae64498cd359,
2026-07-01 21:12:06.728+00,18.3,0ba3023f7d72ae64498cd359,
2026-07-01 21:09:46.135+00,18.3,0ba3023f7d72ae64498cd359,
2026-07-01 21:07:16.746+00,18.3,0ba3023f7d72ae64498cd359,
2026-07-01 21:04:51.635+00,18.4,0ba3023f7d72ae64498cd359,
2026-07-01 21:02:26.779+00,18.4,0ba3023f7d72ae64498cd359,
2026-07-01 21:00:01.643+00,18.4,0ba3023f7d72ae64498cd359,
2026-07-01 20:57:36.746+00,18.4,0ba3023f7d72ae64498cd359,
2026-07-01 20:55:11.718+00,18.4,0ba3023f7d72ae64498cd359,
2026-07-01 20:52:46.738+00,18.5,0ba3023f7d72ae64498cd359,
2026-07-01 20:50:21.845+00,18.6,0ba3023f7d72ae64498cd359,
2026-07-01 20:47:56.767+00,18.6,0ba3023f7d72ae64498cd359,
2026-07-01 20:45:31.743+00,18.6,0ba3023f7d72ae64498cd359,
2026-07-01 20:43:06.747+00,18.6,0ba3023f7d72ae64498cd359,
2026-07-01 20:40:41.68+00,18.7,0ba3023f7d72ae64498cd359,
2026-07-01 20:38:16.644+00,18.7,0ba3023f7d72ae64498cd359,
2026-07-01 20:35:51.645+00,18.7,0ba3023f7d72ae64498cd359,
2026-07-01 20:33:26.736+00,18.7,0ba3023f7d72ae64498cd359,
2026-07-01 20:31:01.643+00,18.8,0ba3023f7d72ae64498cd359,
2026-07-01 20:28:36.637+00,18.8,0ba3023f7d72ae64498cd359,
2026-07-01 20:26:11.694+00,18.9,0ba3023f7d72ae64498cd359,
2026-07-01 20:23:46.637+00,18.9,0ba3023f7d72ae64498cd359,
2026-07-01 20:21:21.666+00,18.9,0ba3023f7d72ae64498cd359,
2026-07-01 20:18:56.672+00,18.9,0ba3023f7d72ae64498cd359,
2026-07-01 20:16:31.621+00,19,0ba3023f7d72ae64498cd359,
2026-07-01 20:14:06.676+00,19.1,0ba3023f7d72ae64498cd359,
2026-07-01 20:11:41.584+00,19.1,0ba3023f7d72ae64498cd359,
2026-07-01 20:09:16.652+00,19.1,0ba3023f7d72ae64498cd359,
2026-07-01 20:06:51.548+00,19.2,0ba3023f7d72ae64498cd359,
2026-07-01 20:04:26.597+00,19.2,0ba3023f7d72ae64498cd359,
2026-07-01 20:02:02.501+00,19.2,0ba3023f7d72ae64498cd359,
2026-07-01 19:57:11.577+00,19.2,0ba3023f7d72ae64498cd359,
2026-07-01 19:54:46.513+00,19.2,0ba3023f7d72ae64498cd359,
2026-07-01 19:52:21.506+00,19.2,0ba3023f7d72ae64498cd359,
2026-07-01 19:49:56.545+00,19.3,0ba3023f7d72ae64498cd359,
2026-07-01 19:47:31.511+00,19.3,0ba3023f7d72ae64498cd359,
2026-07-01 19:45:06.51+00,19.3,0ba3023f7d72ae64498cd359,
2026-07-01 19:42:41.541+00,19.3,0ba3023f7d72ae64498cd359,
2026-07-01 19:40:16.497+00,19.4,0ba3023f7d72ae64498cd359,
2026-07-01 19:37:51.489+00,19.4,0ba3023f7d72ae64498cd359,
2026-07-01 19:35:26.52+00,19.5,0ba3023f7d72ae64498cd359,
2026-07-01 19:33:01.502+00,19.5,0ba3023f7d72ae64498cd359,
2026-07-01 19:30:36.625+00,19.6,0ba3023f7d72ae64498cd359,
2026-07-01 19:28:11.534+00,19.6,0ba3023f7d72ae64498cd359,
2026-07-01 19:25:46.485+00,19.7,0ba3023f7d72ae64498cd359,
2026-07-01 19:23:21.489+00,19.7,0ba3023f7d72ae64498cd359,
2026-07-01 19:20:56.548+00,19.8,0ba3023f7d72ae64498cd359,
2026-07-01 19:18:31.501+00,19.8,0ba3023f7d72ae64498cd359,
2026-07-01 19:16:06.567+00,19.9,0ba3023f7d72ae64498cd359,
2026-07-01 19:13:41.607+00,20,0ba3023f7d72ae64498cd359,
2026-07-01 19:11:16.557+00,20.1,0ba3023f7d72ae64498cd359,
2026-07-01 19:08:51.572+00,20.1,0ba3023f7d72ae64498cd359,
2026-07-01 19:06:26.595+00,20.2,0ba3023f7d72ae64498cd359,
2026-07-01 19:04:01.562+00,20.2,0ba3023f7d72ae64498cd359,
2026-07-01 19:01:36.605+00,20.3,0ba3023f7d72ae64498cd359,
2026-07-01 18:59:11.591+00,20.4,0ba3023f7d72ae64498cd359,
2026-07-01 18:56:46.583+00,20.6,0ba3023f7d72ae64498cd359,
2026-07-01 18:54:21.597+00,20.7,0ba3023f7d72ae64498cd359,
2026-07-01 18:51:56.631+00,20.7,0ba3023f7d72ae64498cd359,
2026-07-01 18:49:31.566+00,20.7,0ba3023f7d72ae64498cd359,
2026-07-01 18:47:06.587+00,20.7,0ba3023f7d72ae64498cd359,
2026-07-01 18:44:41.599+00,20.7,0ba3023f7d72ae64498cd359,
2026-07-01 18:42:16.579+00,20.7,0ba3023f7d72ae64498cd359,
2026-07-01 18:39:51.578+00,20.7,0ba3023f7d72ae64498cd359,
2026-07-01 18:37:26.638+00,20.7,0ba3023f7d72ae64498cd359,
2026-07-01 18:35:02.015+00,20.7,0ba3023f7d72ae64498cd359,
2026-07-01 18:32:36.679+00,20.8,0ba3023f7d72ae64498cd359,
2026-07-01 18:30:11.503+00,20.8,0ba3023f7d72ae64498cd359,
2026-07-01 18:27:46.586+00,20.8,0ba3023f7d72ae64498cd359,
2026-07-01 18:25:21.567+00,20.9,0ba3023f7d72ae64498cd359,
2026-07-01 18:22:56.611+00,20.9,0ba3023f7d72ae64498cd359,
2026-07-01 18:20:31.482+00,20.9,0ba3023f7d72ae64498cd359,
2026-07-01 18:18:06.528+00,20.9,0ba3023f7d72ae64498cd359,
2026-07-01 18:15:42.131+00,20.9,0ba3023f7d72ae64498cd359,
2026-07-01 18:13:16.476+00,21,0ba3023f7d72ae64498cd359,
2026-07-01 18:10:51.486+00,21,0ba3023f7d72ae64498cd359,
2026-07-01 18:08:26.904+00,21,0ba3023f7d72ae64498cd359,
2026-07-01 18:06:01.476+00,21,0ba3023f7d72ae64498cd359,
2026-07-01 18:03:36.511+00,21,0ba3023f7d72ae64498cd359,
2026-07-01 18:01:11.539+00,21,0ba3023f7d72ae64498cd359,
2026-07-01 17:58:46.502+00,21,0ba3023f7d72ae64498cd359,
2026-07-01 17:56:21.454+00,21,0ba3023f7d72ae64498cd359,
2026-07-01 17:53:56.529+00,21,0ba3023f7d72ae64498cd359,
2026-07-01 17:51:31.599+00,21,0ba3023f7d72ae64498cd359,
2026-07-01 17:49:06.493+00,21,0ba3023f7d72ae64498cd359,
2026-07-01 17:46:41.542+00,21,0ba3023f7d72ae64498cd359,
2026-07-01 17:44:16.472+00,21.1,0ba3023f7d72ae64498cd359,
2026-07-01 17:41:51.504+00,21.1,0ba3023f7d72ae64498cd359,
2026-07-01 17:39:26.525+00,21.1,0ba3023f7d72ae64498cd359,
2026-07-01 17:37:02.425+00,21.1,0ba3023f7d72ae64498cd359,
2026-07-01 17:32:11.55+00,21.1,0ba3023f7d72ae64498cd359,
2026-07-01 17:29:46.593+00,21.1,0ba3023f7d72ae64498cd359,
2026-07-01 17:27:21.458+00,21,0ba3023f7d72ae64498cd359,
2026-07-01 17:24:56.524+00,21,0ba3023f7d72ae64498cd359,
2026-07-01 17:22:31.494+00,21,0ba3023f7d72ae64498cd359,
2026-07-01 17:20:06.501+00,20.9,0ba3023f7d72ae64498cd359,
2026-07-01 17:17:41.508+00,20.9,0ba3023f7d72ae64498cd359,
2026-07-01 17:15:16.455+00,20.9,0ba3023f7d72ae64498cd359,
2026-07-01 17:12:51.533+00,20.9,0ba3023f7d72ae64498cd359,
2026-07-01 17:10:26.498+00,20.9,0ba3023f7d72ae64498cd359,
2026-07-01 17:08:01.457+00,20.9,0ba3023f7d72ae64498cd359,
2026-07-01 17:05:36.445+00,20.9,0ba3023f7d72ae64498cd359,
2026-07-01 17:03:11.474+00,20.8,0ba3023f7d72ae64498cd359,
2026-07-01 17:00:46.445+00,20.8,0ba3023f7d72ae64498cd359,
2026-07-01 16:58:21.533+00,20.8,0ba3023f7d72ae64498cd359,
2026-07-01 16:55:56.499+00,20.8,0ba3023f7d72ae64498cd359,
2026-07-01 16:53:31.438+00,20.8,0ba3023f7d72ae64498cd359,
2026-07-01 16:51:06.483+00,20.8,0ba3023f7d72ae64498cd359,
2026-07-01 16:48:41.475+00,20.9,0ba3023f7d72ae64498cd359,
2026-07-01 16:46:17.023+00,20.9,0ba3023f7d72ae64498cd359,
2026-07-01 16:43:51.501+00,20.9,0ba3023f7d72ae64498cd359,
2026-07-01 16:41:26.476+00,20.9,0ba3023f7d72ae64498cd359,
2026-07-01 16:39:01.597+00,20.9,0ba3023f7d72ae64498cd359,
2026-07-01 16:36:36.507+00,20.9,0ba3023f7d72ae64498cd359,
2026-07-01 16:34:11.563+00,21,0ba3023f7d72ae64498cd359,
2026-07-01 16:31:46.493+00,21.1,0ba3023f7d72ae64498cd359,
2026-07-01 16:29:21.508+00,21.1,0ba3023f7d72ae64498cd359,
2026-07-01 16:26:56.56+00,21.2,0ba3023f7d72ae64498cd359,
2026-07-01 16:24:31.5+00,21.2,0ba3023f7d72ae64498cd359,
2026-07-01 16:22:08.624+00,21.2,0ba3023f7d72ae64498cd359,
2026-07-01 16:19:41.542+00,21.4,0ba3023f7d72ae64498cd359,
2026-07-01 16:17:16.538+00,21.5,0ba3023f7d72ae64498cd359,
2026-07-01 16:14:51.508+00,21.6,0ba3023f7d72ae64498cd359,
2026-07-01 16:12:26.549+00,21.8,0ba3023f7d72ae64498cd359,
2026-07-01 16:10:01.511+00,21.9,0ba3023f7d72ae64498cd359,
2026-07-01 16:07:36.414+00,22.1,0ba3023f7d72ae64498cd359,
2026-07-01 16:05:12.085+00,22.3,0ba3023f7d72ae64498cd359,
2026-07-01 16:02:46.516+00,22.5,0ba3023f7d72ae64498cd359,
2026-07-01 16:00:21.522+00,22.7,0ba3023f7d72ae64498cd359,
2026-07-01 15:57:56.539+00,22.9,0ba3023f7d72ae64498cd359,
2026-07-01 15:55:31.533+00,23.1,0ba3023f7d72ae64498cd359,
2026-07-01 15:53:06.504+00,23.3,0ba3023f7d72ae64498cd359,
2026-07-01 15:50:41.552+00,23.4,0ba3023f7d72ae64498cd359,
2026-07-01 15:48:16.528+00,23.5,0ba3023f7d72ae64498cd359,
2026-07-01 15:45:51.526+00,23.6,0ba3023f7d72ae64498cd359,
2026-07-01 15:43:26.551+00,23.7,0ba3023f7d72ae64498cd359,
2026-07-01 15:41:01.525+00,23.8,0ba3023f7d72ae64498cd359,
2026-07-01 15:38:36.508+00,23.9,0ba3023f7d72ae64498cd359,
2026-07-01 15:36:11.441+00,23.9,0ba3023f7d72ae64498cd359,
2026-07-01 15:33:46.423+00,24,0ba3023f7d72ae64498cd359,
2026-07-01 15:31:21.43+00,24,0ba3023f7d72ae64498cd359,
2026-07-01 15:28:56.451+00,24.1,0ba3023f7d72ae64498cd359,
2026-07-01 15:26:31.414+00,24.1,0ba3023f7d72ae64498cd359,
2026-07-01 15:24:06.432+00,24.1,0ba3023f7d72ae64498cd359,
2026-07-01 15:21:41.467+00,24.1,0ba3023f7d72ae64498cd359,
2026-07-01 15:19:16.436+00,24.1,0ba3023f7d72ae64498cd359,
2026-07-01 15:16:51.433+00,24.2,0ba3023f7d72ae64498cd359,
2026-07-01 15:14:26.475+00,24.3,0ba3023f7d72ae64498cd359,
2026-07-01 15:12:01.481+00,24.4,0ba3023f7d72ae64498cd359,
2026-07-01 15:09:36.433+00,24.5,0ba3023f7d72ae64498cd359,
2026-07-01 15:07:11.448+00,24.5,0ba3023f7d72ae64498cd359,
2026-07-01 15:04:50.628+00,24.5,0ba3023f7d72ae64498cd359,
2026-07-01 15:02:21.431+00,24.6,0ba3023f7d72ae64498cd359,
2026-07-01 14:59:56.461+00,24.6,0ba3023f7d72ae64498cd359,
2026-07-01 14:57:31.449+00,24.7,0ba3023f7d72ae64498cd359,
2026-07-01 14:55:06.439+00,24.6,0ba3023f7d72ae64498cd359,
2026-07-01 14:52:41.465+00,24.6,0ba3023f7d72ae64498cd359,
2026-07-01 14:50:16.419+00,24.5,0ba3023f7d72ae64498cd359,
2026-07-01 14:47:51.432+00,24.5,0ba3023f7d72ae64498cd359,
2026-07-01 14:45:26.451+00,24.4,0ba3023f7d72ae64498cd359,
2026-07-01 14:43:01.438+00,24.3,0ba3023f7d72ae64498cd359,
2026-07-01 14:40:36.387+00,24.2,0ba3023f7d72ae64498cd359,
2026-07-01 14:38:11.404+00,24.1,0ba3023f7d72ae64498cd359,
2026-07-01 14:35:46.387+00,24,0ba3023f7d72ae64498cd359,
2026-07-01 14:33:21.404+00,24,0ba3023f7d72ae64498cd359,
2026-07-01 14:30:56.418+00,23.9,0ba3023f7d72ae64498cd359,
2026-07-01 14:28:31.386+00,23.9,0ba3023f7d72ae64498cd359,
2026-07-01 14:26:06.387+00,23.8,0ba3023f7d72ae64498cd359,
2026-07-01 14:23:41.41+00,23.7,0ba3023f7d72ae64498cd359,
2026-07-01 14:21:16.383+00,23.7,0ba3023f7d72ae64498cd359,
2026-07-01 14:18:51.39+00,23.6,0ba3023f7d72ae64498cd359,
2026-07-01 14:16:26.435+00,23.6,0ba3023f7d72ae64498cd359,
2026-07-01 14:10:14.398+00,23.6,0ba3023f7d72ae64498cd359,
2026-07-01 14:07:49.436+00,23.6,0ba3023f7d72ae64498cd359,
2026-07-01 14:05:24.47+00,23.6,0ba3023f7d72ae64498cd359,
2026-07-01 14:02:59.416+00,23.7,0ba3023f7d72ae64498cd359,
2026-07-01 14:00:34.369+00,23.7,0ba3023f7d72ae64498cd359,
2026-07-01 13:58:09.409+00,23.7,0ba3023f7d72ae64498cd359,
2026-07-01 13:55:44.369+00,23.7,0ba3023f7d72ae64498cd359,
2026-07-01 13:53:19.428+00,23.7,0ba3023f7d72ae64498cd359,
2026-07-01 13:50:54.441+00,23.7,0ba3023f7d72ae64498cd359,
2026-07-01 13:48:29.418+00,23.7,0ba3023f7d72ae64498cd359,
2026-07-01 13:46:04.433+00,23.7,0ba3023f7d72ae64498cd359,
2026-07-01 13:43:39.464+00,23.8,0ba3023f7d72ae64498cd359,
2026-07-01 13:41:14.57+00,23.8,0ba3023f7d72ae64498cd359,
2026-07-01 13:38:49.425+00,23.8,0ba3023f7d72ae64498cd359,
2026-07-01 13:36:24.495+00,23.7,0ba3023f7d72ae64498cd359,
2026-07-01 13:33:59.43+00,23.7,0ba3023f7d72ae64498cd359,
2026-07-01 13:31:34.404+00,23.7,0ba3023f7d72ae64498cd359,
2026-07-01 13:29:09.452+00,23.6,0ba3023f7d72ae64498cd359,
2026-07-01 13:26:44.341+00,23.6,0ba3023f7d72ae64498cd359,
2026-07-01 13:24:19.333+00,23.5,0ba3023f7d72ae64498cd359,
2026-07-01 13:21:54.467+00,23.4,0ba3023f7d72ae64498cd359,
2026-07-01 13:19:29.425+00,23.3,0ba3023f7d72ae64498cd359,
2026-07-01 13:17:04.427+00,23.3,0ba3023f7d72ae64498cd359,
2026-07-01 13:14:39.472+00,23.3,0ba3023f7d72ae64498cd359,
2026-07-01 13:12:15.403+00,23.2,0ba3023f7d72ae64498cd359,
2026-07-01 13:09:49.457+00,23.1,0ba3023f7d72ae64498cd359,
2026-07-01 13:07:24.466+00,23.1,0ba3023f7d72ae64498cd359,
2026-07-01 13:04:59.414+00,23,0ba3023f7d72ae64498cd359,
2026-07-01 13:02:34.435+00,22.9,0ba3023f7d72ae64498cd359,
2026-07-01 13:00:09.475+00,22.8,0ba3023f7d72ae64498cd359,
2026-07-01 12:57:44.431+00,22.8,0ba3023f7d72ae64498cd359,
2026-07-01 12:55:19.456+00,22.8,0ba3023f7d72ae64498cd359,
2026-07-01 12:52:54.371+00,22.9,0ba3023f7d72ae64498cd359,
2026-07-01 12:50:29.328+00,22.9,0ba3023f7d72ae64498cd359,
2026-07-01 12:48:04.327+00,23,0ba3023f7d72ae64498cd359,
2026-07-01 12:45:39.358+00,23,0ba3023f7d72ae64498cd359,
2026-07-01 12:43:14.328+00,23.1,0ba3023f7d72ae64498cd359,
2026-07-01 12:40:49.357+00,23.1,0ba3023f7d72ae64498cd359,
2026-07-01 12:38:24.465+00,23.2,0ba3023f7d72ae64498cd359,
2026-07-01 12:35:59.366+00,23.2,0ba3023f7d72ae64498cd359,
2026-07-01 12:33:34.379+00,23.3,0ba3023f7d72ae64498cd359,
2026-07-01 12:31:09.358+00,23.3,0ba3023f7d72ae64498cd359,
2026-07-01 12:28:44.34+00,23.4,0ba3023f7d72ae64498cd359,
2026-07-01 12:26:19.351+00,23.4,0ba3023f7d72ae64498cd359,
2026-07-01 12:23:54.408+00,23.5,0ba3023f7d72ae64498cd359,
2026-07-01 12:21:29.372+00,23.5,0ba3023f7d72ae64498cd359,
2026-07-01 12:19:04.331+00,23.5,0ba3023f7d72ae64498cd359,
2026-07-01 12:16:39.396+00,23.6,0ba3023f7d72ae64498cd359,
2026-07-01 12:14:14.34+00,23.6,0ba3023f7d72ae64498cd359,
2026-07-01 12:11:49.353+00,23.6,0ba3023f7d72ae64498cd359,
2026-07-01 12:09:24.398+00,23.6,0ba3023f7d72ae64498cd359,
2026-07-01 12:06:59.346+00,23.6,0ba3023f7d72ae64498cd359,
2026-07-01 12:04:34.348+00,23.6,0ba3023f7d72ae64498cd359,
2026-07-01 12:02:09.951+00,23.6,0ba3023f7d72ae64498cd359,
2026-07-01 11:57:19.308+00,23.7,0ba3023f7d72ae64498cd359,
2026-07-01 11:54:54.327+00,23.7,0ba3023f7d72ae64498cd359,
2026-07-01 11:52:29.387+00,23.7,0ba3023f7d72ae64498cd359,
2026-07-01 11:50:04.357+00,23.6,0ba3023f7d72ae64498cd359,
2026-07-01 11:47:39.42+00,23.6,0ba3023f7d72ae64498cd359,
2026-07-01 11:45:14.387+00,23.5,0ba3023f7d72ae64498cd359,
2026-07-01 11:42:49.36+00,23.5,0ba3023f7d72ae64498cd359,
2026-07-01 11:40:24.332+00,23.5,0ba3023f7d72ae64498cd359,
2026-07-01 11:37:59.382+00,23.5,0ba3023f7d72ae64498cd359,
2026-07-01 11:35:34.408+00,23.4,0ba3023f7d72ae64498cd359,
2026-07-01 11:33:09.734+00,23.4,0ba3023f7d72ae64498cd359,
2026-07-01 11:30:44.358+00,23.4,0ba3023f7d72ae64498cd359,
2026-07-01 11:28:19.366+00,23.5,0ba3023f7d72ae64498cd359,
2026-07-01 11:25:54.374+00,23.6,0ba3023f7d72ae64498cd359,
2026-07-01 11:23:29.284+00,23.6,0ba3023f7d72ae64498cd359,
2026-07-01 11:21:04.417+00,23.7,0ba3023f7d72ae64498cd359,
2026-07-01 11:18:39.379+00,23.8,0ba3023f7d72ae64498cd359,
2026-07-01 11:16:14.274+00,23.8,0ba3023f7d72ae64498cd359,
2026-07-01 11:13:49.372+00,23.8,0ba3023f7d72ae64498cd359,
2026-07-01 11:11:24.311+00,23.7,0ba3023f7d72ae64498cd359,
2026-07-01 11:08:59.346+00,23.6,0ba3023f7d72ae64498cd359,
2026-07-01 11:06:34.387+00,23.5,0ba3023f7d72ae64498cd359,
2026-07-01 11:04:09.407+00,23.3,0ba3023f7d72ae64498cd359,
2026-07-01 11:01:44.358+00,23.1,0ba3023f7d72ae64498cd359,
2026-07-01 10:59:19.388+00,22.9,0ba3023f7d72ae64498cd359,
2026-07-01 10:56:54.42+00,22.8,0ba3023f7d72ae64498cd359,
2026-07-01 10:54:29.38+00,22.7,0ba3023f7d72ae64498cd359,
2026-07-01 10:52:04.384+00,22.7,0ba3023f7d72ae64498cd359,
2026-07-01 10:49:39.435+00,22.6,0ba3023f7d72ae64498cd359,
2026-07-01 10:47:14.413+00,22.6,0ba3023f7d72ae64498cd359,
2026-07-01 10:42:32.907+00,22.5,0ba3023f7d72ae64498cd359,
2026-07-01 10:39:59.383+00,22.5,0ba3023f7d72ae64498cd359,
2026-07-01 10:37:34.383+00,22.4,0ba3023f7d72ae64498cd359,
2026-07-01 10:35:09.453+00,22.4,0ba3023f7d72ae64498cd359,
2026-07-01 10:32:44.406+00,22.3,0ba3023f7d72ae64498cd359,
2026-07-01 10:30:19.396+00,22.3,0ba3023f7d72ae64498cd359,
2026-07-01 10:27:54.407+00,22.3,0ba3023f7d72ae64498cd359,
2026-07-01 10:25:29.408+00,22.2,0ba3023f7d72ae64498cd359,
2026-07-01 10:23:04.268+00,22.2,0ba3023f7d72ae64498cd359,
2026-07-01 10:20:39.317+00,22.1,0ba3023f7d72ae64498cd359,
2026-07-01 10:18:14.277+00,22.1,0ba3023f7d72ae64498cd359,
2026-07-01 10:15:49.283+00,22,0ba3023f7d72ae64498cd359,
2026-07-01 10:13:24.303+00,22,0ba3023f7d72ae64498cd359,
2026-07-01 10:10:59.278+00,22,0ba3023f7d72ae64498cd359,
2026-07-01 10:08:34.395+00,22,0ba3023f7d72ae64498cd359,
2026-07-01 10:06:09.328+00,21.9,0ba3023f7d72ae64498cd359,
2026-07-01 10:03:44.3+00,21.9,0ba3023f7d72ae64498cd359,
2026-07-01 10:01:19.382+00,21.8,0ba3023f7d72ae64498cd359,
2026-07-01 09:58:54.313+00,21.7,0ba3023f7d72ae64498cd359,
2026-07-01 09:56:29.287+00,21.6,0ba3023f7d72ae64498cd359,
2026-07-01 09:54:04.363+00,21.5,0ba3023f7d72ae64498cd359,
2026-07-01 09:51:39.311+00,21.5,0ba3023f7d72ae64498cd359,
2026-07-01 09:49:14.265+00,21.4,0ba3023f7d72ae64498cd359,
2026-07-01 09:46:49.403+00,21.3,0ba3023f7d72ae64498cd359,
2026-07-01 09:44:24.316+00,21.1,0ba3023f7d72ae64498cd359,
2026-07-01 09:41:59.287+00,21,0ba3023f7d72ae64498cd359,
2026-07-01 09:39:34.292+00,20.9,0ba3023f7d72ae64498cd359,
2026-07-01 09:37:09.381+00,20.9,0ba3023f7d72ae64498cd359,
2026-07-01 09:34:45.036+00,20.9,0ba3023f7d72ae64498cd359,
2026-07-01 09:32:19.295+00,20.9,0ba3023f7d72ae64498cd359,
2026-07-01 09:29:54.415+00,20.9,0ba3023f7d72ae64498cd359,
2026-07-01 09:27:29.296+00,20.9,0ba3023f7d72ae64498cd359,
2026-07-01 09:25:04.311+00,20.8,0ba3023f7d72ae64498cd359,
2026-07-01 09:22:39.309+00,20.8,0ba3023f7d72ae64498cd359,
2026-07-01 09:20:14.254+00,20.8,0ba3023f7d72ae64498cd359,
2026-07-01 09:17:49.236+00,20.8,0ba3023f7d72ae64498cd359,
2026-07-01 09:15:24.279+00,20.8,0ba3023f7d72ae64498cd359,
2026-07-01 09:12:59.235+00,20.8,0ba3023f7d72ae64498cd359,
2026-07-01 09:10:34.54+00,20.8,0ba3023f7d72ae64498cd359,
2026-07-01 09:08:09.333+00,20.8,0ba3023f7d72ae64498cd359,
2026-07-01 09:05:44.395+00,20.8,0ba3023f7d72ae64498cd359,
2026-07-01 09:03:19.231+00,20.8,0ba3023f7d72ae64498cd359,
2026-07-01 09:00:54.334+00,20.8,0ba3023f7d72ae64498cd359,
2026-07-01 08:58:29.224+00,20.8,0ba3023f7d72ae64498cd359,
2026-07-01 08:56:04.279+00,20.9,0ba3023f7d72ae64498cd359,
2026-07-01 08:53:39.261+00,20.9,0ba3023f7d72ae64498cd359,
2026-07-01 08:51:14.326+00,20.9,0ba3023f7d72ae64498cd359,
2026-07-01 08:48:49.308+00,20.9,0ba3023f7d72ae64498cd359,
2026-07-01 08:46:24.335+00,20.9,0ba3023f7d72ae64498cd359,
2026-07-01 08:43:59.415+00,20.9,0ba3023f7d72ae64498cd359,
2026-07-01 08:41:34.312+00,20.8,0ba3023f7d72ae64498cd359,
2026-07-01 08:39:09.351+00,20.8,0ba3023f7d72ae64498cd359,
2026-07-01 08:36:44.28+00,20.8,0ba3023f7d72ae64498cd359,
2026-07-01 08:34:19.296+00,20.8,0ba3023f7d72ae64498cd359,
2026-07-01 08:31:54.255+00,20.7,0ba3023f7d72ae64498cd359,
2026-07-01 08:29:29.309+00,20.7,0ba3023f7d72ae64498cd359,
2026-07-01 08:27:04.321+00,20.7,0ba3023f7d72ae64498cd359,
2026-07-01 08:24:39.367+00,20.7,0ba3023f7d72ae64498cd359,
2026-07-01 08:22:14.309+00,20.7,0ba3023f7d72ae64498cd359,
2026-07-01 08:19:49.491+00,20.7,0ba3023f7d72ae64498cd359,
2026-07-01 08:17:24.368+00,20.7,0ba3023f7d72ae64498cd359,
2026-07-01 08:14:59.316+00,20.7,0ba3023f7d72ae64498cd359,
2026-07-01 08:12:34.361+00,20.8,0ba3023f7d72ae64498cd359,
2026-07-01 08:10:09.352+00,20.8,0ba3023f7d72ae64498cd359,
2026-07-01 08:07:44.342+00,20.8,0ba3023f7d72ae64498cd359,
2026-07-01 08:05:19.338+00,20.8,0ba3023f7d72ae64498cd359,
2026-07-01 08:02:54.382+00,20.9,0ba3023f7d72ae64498cd359,
2026-07-01 08:00:29.207+00,20.9,0ba3023f7d72ae64498cd359,
2026-07-01 07:58:04.321+00,20.9,0ba3023f7d72ae64498cd359,
2026-07-01 07:55:39.379+00,20.9,0ba3023f7d72ae64498cd359,
2026-07-01 07:53:14.221+00,20.9,0ba3023f7d72ae64498cd359,
2026-07-01 07:50:49.226+00,20.9,0ba3023f7d72ae64498cd359,
2026-07-01 07:48:24.215+00,20.9,0ba3023f7d72ae64498cd359,
2026-07-01 07:45:59.252+00,20.8,0ba3023f7d72ae64498cd359,
2026-07-01 07:43:34.381+00,20.8,0ba3023f7d72ae64498cd359,
2026-07-01 07:41:09.274+00,20.8,0ba3023f7d72ae64498cd359,
2026-07-01 07:38:44.221+00,20.8,0ba3023f7d72ae64498cd359,
2026-07-01 07:36:19.221+00,20.9,0ba3023f7d72ae64498cd359,
2026-07-01 07:33:54.263+00,20.9,0ba3023f7d72ae64498cd359,
2026-07-01 07:31:29.206+00,20.9,0ba3023f7d72ae64498cd359,
2026-07-01 07:29:04.222+00,20.9,0ba3023f7d72ae64498cd359,
2026-07-01 07:26:39.27+00,20.9,0ba3023f7d72ae64498cd359,
2026-07-01 07:24:14.277+00,20.9,0ba3023f7d72ae64498cd359,
2026-07-01 07:21:49.227+00,21,0ba3023f7d72ae64498cd359,
2026-07-01 07:19:24.262+00,21,0ba3023f7d72ae64498cd359,
2026-07-01 07:16:59.223+00,21,0ba3023f7d72ae64498cd359,
2026-07-01 07:14:34.214+00,21,0ba3023f7d72ae64498cd359,
2026-07-01 07:12:09.23+00,21,0ba3023f7d72ae64498cd359,
2026-07-01 07:09:47.346+00,21,0ba3023f7d72ae64498cd359,
2026-07-01 07:07:19.211+00,21,0ba3023f7d72ae64498cd359,
2026-07-01 07:04:54.238+00,21,0ba3023f7d72ae64498cd359,
2026-07-01 07:02:29.236+00,21,0ba3023f7d72ae64498cd359,
2026-07-01 07:00:04.237+00,21.1,0ba3023f7d72ae64498cd359,
2026-07-01 06:57:39.246+00,21.1,0ba3023f7d72ae64498cd359,
2026-07-01 06:55:14.193+00,21.1,0ba3023f7d72ae64498cd359,
2026-07-01 06:52:49.168+00,21.1,0ba3023f7d72ae64498cd359,
2026-07-01 06:50:24.222+00,21.1,0ba3023f7d72ae64498cd359,
2026-07-01 06:47:59.175+00,21.2,0ba3023f7d72ae64498cd359,
2026-07-01 06:45:34.189+00,21.2,0ba3023f7d72ae64498cd359,
2026-07-01 06:43:09.244+00,21.2,0ba3023f7d72ae64498cd359,
2026-07-01 06:40:44.295+00,21.3,0ba3023f7d72ae64498cd359,
2026-07-01 06:38:19.245+00,21.3,0ba3023f7d72ae64498cd359,
2026-07-01 06:35:54.221+00,21.4,0ba3023f7d72ae64498cd359,
2026-07-01 06:33:29.236+00,21.5,0ba3023f7d72ae64498cd359,
2026-07-01 06:31:04.199+00,21.5,0ba3023f7d72ae64498cd359,
2026-07-01 06:28:39.427+00,21.5,0ba3023f7d72ae64498cd359,
2026-07-01 06:26:14.175+00,21.5,0ba3023f7d72ae64498cd359,
2026-07-01 06:23:49.284+00,21.5,0ba3023f7d72ae64498cd359,
2026-07-01 06:21:24.281+00,21.5,0ba3023f7d72ae64498cd359,
2026-07-01 06:18:59.244+00,21.5,0ba3023f7d72ae64498cd359,
2026-07-01 06:16:34.264+00,21.4,0ba3023f7d72ae64498cd359,
2026-07-01 06:14:09.3+00,21.4,0ba3023f7d72ae64498cd359,
2026-07-01 06:11:44.27+00,21.4,0ba3023f7d72ae64498cd359,
2026-07-01 06:09:19.258+00,21.4,0ba3023f7d72ae64498cd359,
2026-07-01 06:06:54.301+00,21.4,0ba3023f7d72ae64498cd359,
2026-07-01 06:04:29.259+00,21.4,0ba3023f7d72ae64498cd359,
2026-07-01 06:02:04.261+00,21.3,0ba3023f7d72ae64498cd359,
2026-07-01 05:59:39.319+00,21.3,0ba3023f7d72ae64498cd359,
2026-07-01 05:57:14.766+00,21.2,0ba3023f7d72ae64498cd359,
2026-07-01 05:54:49.161+00,21.2,0ba3023f7d72ae64498cd359,
2026-07-01 05:52:24.185+00,21.2,0ba3023f7d72ae64498cd359,
2026-07-01 05:49:59.262+00,21.2,0ba3023f7d72ae64498cd359,
2026-07-01 05:47:34.245+00,21.2,0ba3023f7d72ae64498cd359,
2026-07-01 05:45:09.393+00,21.2,0ba3023f7d72ae64498cd359,
2026-07-01 05:42:44.396+00,21.2,0ba3023f7d72ae64498cd359,
2026-07-01 05:40:19.253+00,21.1,0ba3023f7d72ae64498cd359,
2026-07-01 05:37:54.282+00,21.1,0ba3023f7d72ae64498cd359,
2026-07-01 05:35:29.259+00,21.1,0ba3023f7d72ae64498cd359,
2026-07-01 05:33:04.246+00,21.1,0ba3023f7d72ae64498cd359,
2026-07-01 05:30:39.293+00,73.6,0ba3023f7d72ae64498cd359,
2026-07-01 05:28:14.275+00,21.1,0ba3023f7d72ae64498cd359,
2026-07-01 05:25:49.241+00,21.1,0ba3023f7d72ae64498cd359,
2026-07-01 05:23:24.307+00,21,0ba3023f7d72ae64498cd359,
2026-07-01 05:20:59.266+00,21,0ba3023f7d72ae64498cd359,
2026-07-01 05:18:34.252+00,21,0ba3023f7d72ae64498cd359,
2026-07-01 05:16:09.278+00,21,0ba3023f7d72ae64498cd359,
2026-07-01 05:13:44.267+00,20.9,0ba3023f7d72ae64498cd359,
2026-07-01 05:11:19.143+00,20.9,0ba3023f7d72ae64498cd359,
2026-07-01 05:08:54.203+00,20.9,0ba3023f7d72ae64498cd359,
2026-07-01 05:06:29.122+00,20.9,0ba3023f7d72ae64498cd359,
2026-07-01 05:04:04.148+00,20.9,0ba3023f7d72ae64498cd359,
2026-07-01 05:01:39.186+00,20.9,0ba3023f7d72ae64498cd359,
2026-07-01 04:59:14.165+00,20.8,0ba3023f7d72ae64498cd359,
2026-07-01 04:56:49.14+00,20.8,0ba3023f7d72ae64498cd359,
2026-07-01 04:54:24.295+00,20.9,0ba3023f7d72ae64498cd359,
2026-07-01 04:51:59.164+00,20.9,0ba3023f7d72ae64498cd359,
2026-07-01 04:49:34.154+00,20.9,0ba3023f7d72ae64498cd359,
2026-07-01 04:47:09.196+00,20.9,0ba3023f7d72ae64498cd359,
2026-07-01 04:44:46.4+00,21,0ba3023f7d72ae64498cd359,
2026-07-01 04:42:19.163+00,21,0ba3023f7d72ae64498cd359,
2026-07-01 04:39:54.203+00,21,0ba3023f7d72ae64498cd359,
2026-07-01 04:37:29.161+00,21,0ba3023f7d72ae64498cd359,
2026-07-01 04:35:04.158+00,21,0ba3023f7d72ae64498cd359,
2026-07-01 04:32:39.197+00,21,0ba3023f7d72ae64498cd359,
2026-07-01 04:30:14.152+00,21.1,0ba3023f7d72ae64498cd359,
2026-07-01 04:27:49.107+00,21.1,0ba3023f7d72ae64498cd359,
2026-07-01 04:25:24.207+00,21,0ba3023f7d72ae64498cd359,
2026-07-01 04:22:59.197+00,21,0ba3023f7d72ae64498cd359,
2026-07-01 04:20:34.162+00,21,0ba3023f7d72ae64498cd359,
2026-07-01 04:18:09.202+00,21,0ba3023f7d72ae64498cd359,
2026-07-01 04:15:44.156+00,21,0ba3023f7d72ae64498cd359,
2026-07-01 04:13:19.164+00,21,0ba3023f7d72ae64498cd359,
2026-07-01 04:10:54.204+00,21,0ba3023f7d72ae64498cd359,
2026-07-01 04:08:29.165+00,21,0ba3023f7d72ae64498cd359,
2026-07-01 04:06:04.192+00,21,0ba3023f7d72ae64498cd359,
2026-07-01 04:03:39.209+00,21,0ba3023f7d72ae64498cd359,
2026-07-01 04:01:14.135+00,21,0ba3023f7d72ae64498cd359,
2026-07-01 03:58:49.142+00,21,0ba3023f7d72ae64498cd359,
2026-07-01 03:56:24.158+00,21,0ba3023f7d72ae64498cd359,
2026-07-01 03:53:59.139+00,21,0ba3023f7d72ae64498cd359,
2026-07-01 03:51:34.609+00,21,0ba3023f7d72ae64498cd359,
2026-07-01 03:49:09.162+00,21,0ba3023f7d72ae64498cd359,
2026-07-01 03:46:44.342+00,21,0ba3023f7d72ae64498cd359,
2026-07-01 03:44:19.178+00,21,0ba3023f7d72ae64498cd359,
2026-07-01 03:41:54.208+00,21,0ba3023f7d72ae64498cd359,
2026-07-01 03:39:29.173+00,21,0ba3023f7d72ae64498cd359,
2026-07-01 03:34:52.415+00,20.9,0ba3023f7d72ae64498cd359,
2026-07-01 03:32:14.179+00,20.9,0ba3023f7d72ae64498cd359,
2026-07-01 03:29:49.19+00,20.9,0ba3023f7d72ae64498cd359,
2026-07-01 03:27:24.212+00,20.9,0ba3023f7d72ae64498cd359,
2026-07-01 03:24:59.193+00,20.8,0ba3023f7d72ae64498cd359,
2026-07-01 03:22:34.214+00,20.8,0ba3023f7d72ae64498cd359,
2026-07-01 03:20:09.218+00,73.4,0ba3023f7d72ae64498cd359,
2026-07-01 03:17:44.176+00,20.8,0ba3023f7d72ae64498cd359,
2026-07-01 03:15:19.192+00,20.8,0ba3023f7d72ae64498cd359,
2026-07-01 03:12:54.125+00,20.8,0ba3023f7d72ae64498cd359,
2026-07-01 03:10:29.196+00,20.8,0ba3023f7d72ae64498cd359,
2026-07-01 03:08:04.124+00,20.8,0ba3023f7d72ae64498cd359,
2026-07-01 03:05:39.217+00,20.8,0ba3023f7d72ae64498cd359,
2026-07-01 03:03:14.179+00,20.8,0ba3023f7d72ae64498cd359,
2026-07-01 03:00:49.2+00,20.9,0ba3023f7d72ae64498cd359,
2026-07-01 02:58:24.217+00,20.8,0ba3023f7d72ae64498cd359,
2026-07-01 02:55:59.197+00,20.8,0ba3023f7d72ae64498cd359,
2026-07-01 02:53:34.173+00,20.8,0ba3023f7d72ae64498cd359,
2026-07-01 02:51:09.215+00,20.8,0ba3023f7d72ae64498cd359,
2026-07-01 02:48:44.192+00,20.8,0ba3023f7d72ae64498cd359,
2026-07-01 02:46:19.177+00,20.8,0ba3023f7d72ae64498cd359,
2026-07-01 02:43:54.216+00,20.8,0ba3023f7d72ae64498cd359,
2026-07-01 02:41:29.181+00,20.8,0ba3023f7d72ae64498cd359,
2026-07-01 02:39:04.179+00,20.8,0ba3023f7d72ae64498cd359,
2026-07-01 02:36:39.231+00,20.8,0ba3023f7d72ae64498cd359,
2026-07-01 02:34:14.2+00,20.9,0ba3023f7d72ae64498cd359,
2026-07-01 02:31:49.202+00,20.9,0ba3023f7d72ae64498cd359,
2026-07-01 02:29:24.255+00,20.9,0ba3023f7d72ae64498cd359,
2026-07-01 02:26:59.111+00,20.9,0ba3023f7d72ae64498cd359,
2026-07-01 02:24:34.198+00,20.9,0ba3023f7d72ae64498cd359,
2026-07-01 02:22:09.181+00,21,0ba3023f7d72ae64498cd359,
2026-07-01 02:17:25.093+00,21,0ba3023f7d72ae64498cd359,
2026-07-01 02:14:54.105+00,21,0ba3023f7d72ae64498cd359,
2026-07-01 02:12:29.127+00,21,0ba3023f7d72ae64498cd359,
2026-07-01 02:10:04.101+00,21.1,0ba3023f7d72ae64498cd359,
2026-07-01 02:07:39.068+00,21.1,0ba3023f7d72ae64498cd359,
2026-07-01 02:05:14.127+00,21.1,0ba3023f7d72ae64498cd359,
2026-07-01 02:02:49.083+00,21.2,0ba3023f7d72ae64498cd359,
2026-07-01 02:00:24.082+00,21.2,0ba3023f7d72ae64498cd359,
2026-07-01 01:57:59.156+00,21.2,0ba3023f7d72ae64498cd359,
2026-07-01 01:55:34.107+00,21.2,0ba3023f7d72ae64498cd359,
2026-07-01 01:53:09.122+00,21.2,0ba3023f7d72ae64498cd359,
2026-07-01 01:50:44.156+00,21.2,0ba3023f7d72ae64498cd359,
2026-07-01 01:48:19.091+00,21.2,0ba3023f7d72ae64498cd359,
2026-07-01 01:45:54.222+00,21.1,0ba3023f7d72ae64498cd359,
2026-07-01 01:43:29.105+00,21.1,0ba3023f7d72ae64498cd359,
2026-07-01 01:41:04.072+00,21.1,0ba3023f7d72ae64498cd359,
2026-07-01 01:38:39.09+00,21.1,0ba3023f7d72ae64498cd359,
2026-07-01 01:36:14.104+00,21.1,0ba3023f7d72ae64498cd359,
2026-07-01 01:33:49.058+00,21.1,0ba3023f7d72ae64498cd359,
2026-07-01 01:31:24.514+00,21.1,0ba3023f7d72ae64498cd359,
2026-07-01 01:28:59.106+00,21.1,0ba3023f7d72ae64498cd359,
2026-07-01 01:26:34.067+00,21.1,0ba3023f7d72ae64498cd359,
2026-07-01 01:24:09.092+00,21.1,0ba3023f7d72ae64498cd359,
2026-07-01 01:21:44.121+00,21.1,0ba3023f7d72ae64498cd359,
2026-07-01 01:19:19.099+00,21.1,0ba3023f7d72ae64498cd359,
2026-07-01 01:16:54.128+00,21.1,0ba3023f7d72ae64498cd359,
2026-07-01 01:14:29.187+00,21.1,0ba3023f7d72ae64498cd359,
2026-07-01 01:12:04.144+00,21.1,0ba3023f7d72ae64498cd359,
2026-07-01 01:09:39.146+00,21.2,0ba3023f7d72ae64498cd359,
2026-07-01 01:07:14.169+00,21.2,0ba3023f7d72ae64498cd359,
2026-07-01 01:04:53.49+00,21.2,0ba3023f7d72ae64498cd359,
2026-07-01 01:02:24.057+00,21.2,0ba3023f7d72ae64498cd359,
2026-07-01 00:59:59.091+00,21.2,0ba3023f7d72ae64498cd359,
2026-07-01 00:57:34.135+00,21.2,0ba3023f7d72ae64498cd359,
2026-07-01 00:55:09.133+00,21.2,0ba3023f7d72ae64498cd359,
2026-07-01 00:52:44.15+00,21.2,0ba3023f7d72ae64498cd359,
2026-07-01 00:50:19.115+00,21.2,0ba3023f7d72ae64498cd359,
2026-07-01 00:47:54.127+00,21.2,0ba3023f7d72ae64498cd359,
2026-07-01 00:45:29.181+00,21.2,0ba3023f7d72ae64498cd359,
2026-07-01 00:43:04.119+00,21.2,0ba3023f7d72ae64498cd359,
2026-07-01 00:40:39.129+00,21.2,0ba3023f7d72ae64498cd359,
2026-07-01 00:38:14.066+00,21.2,0ba3023f7d72ae64498cd359,
2026-07-01 00:35:49.121+00,21.2,0ba3023f7d72ae64498cd359,
2026-07-01 00:33:24.113+00,21.2,0ba3023f7d72ae64498cd359,
2026-07-01 00:30:59.152+00,21.2,0ba3023f7d72ae64498cd359,
2026-07-01 00:28:34.042+00,21.2,0ba3023f7d72ae64498cd359,
2026-07-01 00:26:09.134+00,21.1,0ba3023f7d72ae64498cd359,
2026-07-01 00:23:44.082+00,21.1,0ba3023f7d72ae64498cd359,
2026-07-01 00:21:19.057+00,21.1,0ba3023f7d72ae64498cd359,
2026-07-01 00:18:54.168+00,21.1,0ba3023f7d72ae64498cd359,
2026-07-01 00:16:29.176+00,21.1,0ba3023f7d72ae64498cd359,
2026-07-01 00:14:04.143+00,21.1,0ba3023f7d72ae64498cd359,
2026-07-01 00:11:39.264+00,21.1,0ba3023f7d72ae64498cd359,
2026-07-01 00:09:14.15+00,21.1,0ba3023f7d72ae64498cd359,
2026-07-01 00:06:49.139+00,21.1,0ba3023f7d72ae64498cd359,
2026-07-01 00:04:24.153+00,21.1,0ba3023f7d72ae64498cd359,
2026-07-01 00:01:59.166+00,21.1,0ba3023f7d72ae64498cd359,
2026-06-30 23:59:34.126+00,21.1,0ba3023f7d72ae64498cd359,
2026-06-30 23:54:50.528+00,21.2,0ba3023f7d72ae64498cd359,
2026-06-30 23:52:19.141+00,21.2,0ba3023f7d72ae64498cd359,
2026-06-30 23:49:54.242+00,21.2,0ba3023f7d72ae64498cd359,
2026-06-30 23:47:29.172+00,21.2,0ba3023f7d72ae64498cd359,
2026-06-30 23:45:04.132+00,21.2,0ba3023f7d72ae64498cd359,
2026-06-30 23:42:39.034+00,21.2,0ba3023f7d72ae64498cd359,
2026-06-30 23:40:14.071+00,21.2,0ba3023f7d72ae64498cd359,
2026-06-30 23:37:49.036+00,21.2,0ba3023f7d72ae64498cd359,
2026-06-30 23:35:24.197+00,21.3,0ba3023f7d72ae64498cd359,
2026-06-30 23:32:59.115+00,21.3,0ba3023f7d72ae64498cd359,
2026-06-30 23:30:34.045+00,21.3,0ba3023f7d72ae64498cd359,
2026-06-30 23:28:09.039+00,21.3,0ba3023f7d72ae64498cd359,
2026-06-30 23:25:44.071+00,21.3,0ba3023f7d72ae64498cd359,
2026-06-30 23:23:19.075+00,21.3,0ba3023f7d72ae64498cd359,
2026-06-30 23:20:54.053+00,21.3,0ba3023f7d72ae64498cd359,
2026-06-30 23:18:29.088+00,21.3,0ba3023f7d72ae64498cd359,
2026-06-30 23:16:04.044+00,21.4,0ba3023f7d72ae64498cd359,
2026-06-30 23:13:39.046+00,21.4,0ba3023f7d72ae64498cd359,
2026-06-30 23:11:14.072+00,21.4,0ba3023f7d72ae64498cd359,
2026-06-30 23:08:49.038+00,21.4,0ba3023f7d72ae64498cd359,
2026-06-30 23:06:24.018+00,21.5,0ba3023f7d72ae64498cd359,
2026-06-30 23:03:59.055+00,21.5,0ba3023f7d72ae64498cd359,
2026-06-30 23:01:34.032+00,21.5,0ba3023f7d72ae64498cd359,
2026-06-30 22:59:09.011+00,21.5,0ba3023f7d72ae64498cd359,
2026-06-30 22:56:44.075+00,21.6,0ba3023f7d72ae64498cd359,
2026-06-30 22:54:19.025+00,21.6,0ba3023f7d72ae64498cd359,
2026-06-30 22:51:54.009+00,21.6,0ba3023f7d72ae64498cd359,
2026-06-30 22:49:29.035+00,21.6,0ba3023f7d72ae64498cd359,
2026-06-30 22:44:51.551+00,21.6,0ba3023f7d72ae64498cd359,
2026-06-30 22:42:14.072+00,21.6,0ba3023f7d72ae64498cd359,
2026-06-30 22:39:48.995+00,21.6,0ba3023f7d72ae64498cd359,
2026-06-30 22:37:24.016+00,21.6,0ba3023f7d72ae64498cd359,
2026-06-30 22:34:59.087+00,21.6,0ba3023f7d72ae64498cd359,
2026-06-30 22:32:34.056+00,21.6,0ba3023f7d72ae64498cd359,
2026-06-30 22:30:09.055+00,21.7,0ba3023f7d72ae64498cd359,
2026-06-30 22:27:44.085+00,21.7,0ba3023f7d72ae64498cd359,
2026-06-30 22:25:19.056+00,21.7,0ba3023f7d72ae64498cd359,
2026-06-30 22:22:54.036+00,21.7,0ba3023f7d72ae64498cd359,
2026-06-30 22:20:29.073+00,21.7,0ba3023f7d72ae64498cd359,
2026-06-30 22:18:04.065+00,21.7,0ba3023f7d72ae64498cd359,
2026-06-30 22:15:39.006+00,21.7,0ba3023f7d72ae64498cd359,
2026-06-30 22:13:14.093+00,21.7,0ba3023f7d72ae64498cd359,
2026-06-30 22:10:49.071+00,21.7,0ba3023f7d72ae64498cd359,
2026-06-30 22:08:24.135+00,21.7,0ba3023f7d72ae64498cd359,
2026-06-30 22:05:59.078+00,21.7,0ba3023f7d72ae64498cd359,
2026-06-30 22:03:34.059+00,21.7,0ba3023f7d72ae64498cd359,
2026-06-30 22:01:09.068+00,21.7,0ba3023f7d72ae64498cd359,
2026-06-30 21:58:44.092+00,21.8,0ba3023f7d72ae64498cd359,
2026-06-30 21:56:19.07+00,21.8,0ba3023f7d72ae64498cd359,
2026-06-30 21:53:54.049+00,21.8,0ba3023f7d72ae64498cd359,
2026-06-30 21:51:29.073+00,21.8,0ba3023f7d72ae64498cd359,
2026-06-30 21:49:04+00,21.8,0ba3023f7d72ae64498cd359,
2026-06-30 21:46:39.083+00,21.8,0ba3023f7d72ae64498cd359,
2026-06-30 21:44:14.063+00,21.8,0ba3023f7d72ae64498cd359,
2026-06-30 21:41:49.077+00,21.9,0ba3023f7d72ae64498cd359,
2026-06-30 21:39:23.966+00,21.9,0ba3023f7d72ae64498cd359,
2026-06-30 21:36:59.095+00,21.9,0ba3023f7d72ae64498cd359,
2026-06-30 21:34:34.061+00,21.9,0ba3023f7d72ae64498cd359,
2026-06-30 21:32:09.517+00,21.9,0ba3023f7d72ae64498cd359,
2026-06-30 21:29:44.109+00,21.9,0ba3023f7d72ae64498cd359,
2026-06-30 21:27:19.07+00,21.9,0ba3023f7d72ae64498cd359,
2026-06-30 21:24:54.076+00,21.9,0ba3023f7d72ae64498cd359,
2026-06-30 21:22:29.091+00,21.9,0ba3023f7d72ae64498cd359,
2026-06-30 21:20:04.061+00,22,0ba3023f7d72ae64498cd359,
2026-06-30 21:17:39.088+00,22,0ba3023f7d72ae64498cd359,
2026-06-30 21:15:14.098+00,22,0ba3023f7d72ae64498cd359,
2026-06-30 21:12:49.071+00,22,0ba3023f7d72ae64498cd359,
2026-06-30 21:10:24.072+00,22,0ba3023f7d72ae64498cd359,
2026-06-30 21:07:58.992+00,22,0ba3023f7d72ae64498cd359,
2026-06-30 21:05:34.07+00,22,0ba3023f7d72ae64498cd359,
2026-06-30 21:03:09.073+00,21.9,0ba3023f7d72ae64498cd359,
2026-06-30 21:00:44.118+00,21.9,0ba3023f7d72ae64498cd359,
2026-06-30 20:58:18.968+00,21.9,0ba3023f7d72ae64498cd359,
2026-06-30 20:55:53.973+00,21.9,0ba3023f7d72ae64498cd359,
2026-06-30 20:53:29.016+00,21.9,0ba3023f7d72ae64498cd359,
2026-06-30 20:51:03.98+00,21.9,0ba3023f7d72ae64498cd359,
2026-06-30 20:48:38.993+00,21.9,0ba3023f7d72ae64498cd359,
2026-06-30 20:46:14.012+00,21.9,0ba3023f7d72ae64498cd359,
2026-06-30 20:43:48.991+00,22,0ba3023f7d72ae64498cd359,
2026-06-30 20:41:23.989+00,22,0ba3023f7d72ae64498cd359,
2026-06-30 20:38:58.988+00,22,0ba3023f7d72ae64498cd359,
2026-06-30 20:36:33.964+00,22.1,0ba3023f7d72ae64498cd359,
2026-06-30 20:34:08.972+00,22.1,0ba3023f7d72ae64498cd359,
2026-06-30 20:31:44.015+00,22.1,0ba3023f7d72ae64498cd359,
2026-06-30 20:29:18.969+00,22.1,0ba3023f7d72ae64498cd359,
2026-06-30 20:26:54.012+00,22.2,0ba3023f7d72ae64498cd359,
2026-06-30 20:24:29.032+00,22.3,0ba3023f7d72ae64498cd359,
2026-06-30 20:22:03.979+00,22.4,0ba3023f7d72ae64498cd359,
2026-06-30 20:19:38.969+00,22.4,0ba3023f7d72ae64498cd359,
2026-06-30 20:17:15.134+00,22.4,0ba3023f7d72ae64498cd359,
2026-06-30 20:14:48.98+00,22.5,0ba3023f7d72ae64498cd359,
2026-06-30 20:12:23.955+00,22.5,0ba3023f7d72ae64498cd359,
2026-06-30 20:09:59.031+00,22.6,0ba3023f7d72ae64498cd359,
2026-06-30 20:07:33.933+00,22.7,0ba3023f7d72ae64498cd359,
2026-06-30 20:05:08.994+00,22.8,0ba3023f7d72ae64498cd359,
2026-06-30 20:02:43.97+00,22.8,0ba3023f7d72ae64498cd359,
2026-06-30 20:00:18.982+00,22.9,0ba3023f7d72ae64498cd359,
2026-06-30 19:57:53.935+00,22.9,0ba3023f7d72ae64498cd359,
2026-06-30 19:55:29.041+00,22.9,0ba3023f7d72ae64498cd359,
2026-06-30 19:53:03.954+00,22.9,0ba3023f7d72ae64498cd359,
2026-06-30 19:50:38.99+00,23,0ba3023f7d72ae64498cd359,
2026-06-30 19:48:13.964+00,23,0ba3023f7d72ae64498cd359,
2026-06-30 19:45:48.988+00,23.1,0ba3023f7d72ae64498cd359,
2026-06-30 19:43:23.928+00,23.1,0ba3023f7d72ae64498cd359,
2026-06-30 19:40:59.022+00,23.1,0ba3023f7d72ae64498cd359,
2026-06-30 19:38:33.934+00,23.2,0ba3023f7d72ae64498cd359,
2026-06-30 19:36:08.989+00,23.2,0ba3023f7d72ae64498cd359,
2026-06-30 19:33:43.981+00,23.2,0ba3023f7d72ae64498cd359,
2026-06-30 19:31:19.003+00,23.3,0ba3023f7d72ae64498cd359,
2026-06-30 19:28:53.943+00,23.3,0ba3023f7d72ae64498cd359,
2026-06-30 19:26:29.023+00,23.4,0ba3023f7d72ae64498cd359,
2026-06-30 19:24:03.921+00,23.4,0ba3023f7d72ae64498cd359,
2026-06-30 19:21:39.006+00,23.4,0ba3023f7d72ae64498cd359,
2026-06-30 19:19:13.96+00,23.5,0ba3023f7d72ae64498cd359,
2026-06-30 19:16:49.028+00,23.6,0ba3023f7d72ae64498cd359,
2026-06-30 19:14:23.922+00,23.6,0ba3023f7d72ae64498cd359,
2026-06-30 19:12:00.445+00,23.6,0ba3023f7d72ae64498cd359,
2026-06-30 19:09:33.925+00,23.7,0ba3023f7d72ae64498cd359,
2026-06-30 19:07:09.012+00,23.8,0ba3023f7d72ae64498cd359,
2026-06-30 19:04:43.994+00,23.8,0ba3023f7d72ae64498cd359,
2026-06-30 19:02:19.017+00,23.8,0ba3023f7d72ae64498cd359,
2026-06-30 18:59:53.931+00,23.9,0ba3023f7d72ae64498cd359,
2026-06-30 18:57:29.031+00,23.9,0ba3023f7d72ae64498cd359,
2026-06-30 18:55:03.923+00,24,0ba3023f7d72ae64498cd359,
2026-06-30 18:52:38.992+00,24.1,0ba3023f7d72ae64498cd359,
2026-06-30 18:50:14.074+00,24.1,0ba3023f7d72ae64498cd359,
2026-06-30 18:47:49.026+00,24.2,0ba3023f7d72ae64498cd359,
2026-06-30 18:45:23.931+00,24.2,0ba3023f7d72ae64498cd359,
2026-06-30 18:42:59.055+00,24.3,0ba3023f7d72ae64498cd359,
2026-06-30 18:40:33.942+00,24.3,0ba3023f7d72ae64498cd359,
2026-06-30 18:38:09.011+00,24.4,0ba3023f7d72ae64498cd359,
2026-06-30 18:35:43.943+00,24.4,0ba3023f7d72ae64498cd359,
2026-06-30 18:33:19.008+00,24.5,0ba3023f7d72ae64498cd359,
2026-06-30 18:30:53.909+00,24.5,0ba3023f7d72ae64498cd359,
2026-06-30 18:28:29.049+00,24.5,0ba3023f7d72ae64498cd359,
2026-06-30 18:26:03.896+00,24.5,0ba3023f7d72ae64498cd359,
2026-06-30 18:23:38.905+00,24.6,0ba3023f7d72ae64498cd359,
2026-06-30 18:21:13.973+00,24.6,0ba3023f7d72ae64498cd359,
2026-06-30 18:18:48.898+00,24.6,0ba3023f7d72ae64498cd359,
2026-06-30 18:16:23.949+00,24.7,0ba3023f7d72ae64498cd359,
2026-06-30 18:13:59.007+00,24.8,0ba3023f7d72ae64498cd359,
2026-06-30 18:11:33.91+00,24.8,0ba3023f7d72ae64498cd359,
2026-06-30 18:09:08.946+00,24.8,0ba3023f7d72ae64498cd359,
2026-06-30 18:06:44.017+00,24.8,0ba3023f7d72ae64498cd359,
2026-06-30 18:04:18.909+00,24.9,0ba3023f7d72ae64498cd359,
2026-06-30 18:01:53.906+00,24.9,0ba3023f7d72ae64498cd359,
2026-06-30 17:59:28.954+00,24.9,0ba3023f7d72ae64498cd359,
2026-06-30 17:57:03.962+00,24.9,0ba3023f7d72ae64498cd359,
2026-06-30 17:54:38.929+00,24.9,0ba3023f7d72ae64498cd359,
2026-06-30 17:52:14.882+00,25,0ba3023f7d72ae64498cd359,
2026-06-30 17:49:48.928+00,25,0ba3023f7d72ae64498cd359,
2026-06-30 17:47:23.931+00,25,0ba3023f7d72ae64498cd359,
2026-06-30 17:44:58.951+00,25,0ba3023f7d72ae64498cd359,
2026-06-30 17:42:33.924+00,25,0ba3023f7d72ae64498cd359,
2026-06-30 17:40:08.93+00,25,0ba3023f7d72ae64498cd359,
2026-06-30 17:37:43.953+00,25.1,0ba3023f7d72ae64498cd359,
2026-06-30 17:35:18.948+00,25.1,0ba3023f7d72ae64498cd359,
2026-06-30 17:32:53.901+00,25.1,0ba3023f7d72ae64498cd359,
2026-06-30 17:30:28.917+00,25.1,0ba3023f7d72ae64498cd359,
2026-06-30 17:28:03.909+00,25,0ba3023f7d72ae64498cd359,
2026-06-30 17:25:38.879+00,25,0ba3023f7d72ae64498cd359,
2026-06-30 17:23:13.917+00,24.9,0ba3023f7d72ae64498cd359,
2026-06-30 17:20:48.889+00,25,0ba3023f7d72ae64498cd359,
2026-06-30 17:18:23.888+00,25,0ba3023f7d72ae64498cd359,
2026-06-30 17:15:58.957+00,25,0ba3023f7d72ae64498cd359,
2026-06-30 17:13:33.958+00,25.1,0ba3023f7d72ae64498cd359,
2026-06-30 17:11:08.951+00,25.1,0ba3023f7d72ae64498cd359,
2026-06-30 17:08:43.965+00,25.1,0ba3023f7d72ae64498cd359,
2026-06-30 17:06:18.955+00,25.2,0ba3023f7d72ae64498cd359,
2026-06-30 17:03:53.933+00,25.2,0ba3023f7d72ae64498cd359,
2026-06-30 17:01:28.969+00,25.2,0ba3023f7d72ae64498cd359,
2026-06-30 16:59:03.885+00,25.2,0ba3023f7d72ae64498cd359,
2026-06-30 16:56:38.922+00,25.2,0ba3023f7d72ae64498cd359,
2026-06-30 16:54:14.132+00,25.2,0ba3023f7d72ae64498cd359,
2026-06-30 16:51:48.922+00,25.3,0ba3023f7d72ae64498cd359,
2026-06-30 16:49:23.933+00,25.3,0ba3023f7d72ae64498cd359,
2026-06-30 16:46:58.889+00,25.3,0ba3023f7d72ae64498cd359,
2026-06-30 16:44:33.935+00,25.3,0ba3023f7d72ae64498cd359,
2026-06-30 16:42:11.217+00,25.3,0ba3023f7d72ae64498cd359,
2026-06-30 16:39:43.956+00,25.4,0ba3023f7d72ae64498cd359,
2026-06-30 16:37:18.951+00,25.4,0ba3023f7d72ae64498cd359,
2026-06-30 16:34:53.978+00,25.4,0ba3023f7d72ae64498cd359,
2026-06-30 16:32:28.975+00,62.7,0ba3023f7d72ae64498cd359,
2026-06-30 16:30:03.942+00,25.5,0ba3023f7d72ae64498cd359,
2026-06-30 16:27:38.879+00,25.5,0ba3023f7d72ae64498cd359,
2026-06-30 16:25:14.043+00,25.6,0ba3023f7d72ae64498cd359,
2026-06-30 16:22:48.86+00,25.6,0ba3023f7d72ae64498cd359,
2026-06-30 16:20:23.88+00,25.6,0ba3023f7d72ae64498cd359,
2026-06-30 16:17:58.972+00,25.6,0ba3023f7d72ae64498cd359,
2026-06-30 16:15:33.882+00,25.6,0ba3023f7d72ae64498cd359,
2026-06-30 16:13:08.938+00,25.6,0ba3023f7d72ae64498cd359,
2026-06-30 16:10:44.114+00,25.6,0ba3023f7d72ae64498cd359,
2026-06-30 16:08:18.952+00,25.6,0ba3023f7d72ae64498cd359,
2026-06-30 16:05:53.953+00,25.6,0ba3023f7d72ae64498cd359,
2026-06-30 16:03:28.99+00,25.7,0ba3023f7d72ae64498cd359,
2026-06-30 16:01:03.938+00,25.7,0ba3023f7d72ae64498cd359,
2026-06-30 15:58:38.976+00,25.7,0ba3023f7d72ae64498cd359,
2026-06-30 15:56:14.001+00,25.7,0ba3023f7d72ae64498cd359,
2026-06-30 15:53:48.869+00,25.7,0ba3023f7d72ae64498cd359,
2026-06-30 15:51:23.955+00,25.7,0ba3023f7d72ae64498cd359,
2026-06-30 15:48:58.986+00,25.7,0ba3023f7d72ae64498cd359,
2026-06-30 15:46:33.971+00,25.7,0ba3023f7d72ae64498cd359,
2026-06-30 15:44:08.96+00,25.7,0ba3023f7d72ae64498cd359,
2026-06-30 15:41:43.983+00,25.7,0ba3023f7d72ae64498cd359,
2026-06-30 15:39:18.963+00,25.7,0ba3023f7d72ae64498cd359,
2026-06-30 15:36:53.951+00,25.7,0ba3023f7d72ae64498cd359,
2026-06-30 15:34:29.021+00,25.7,0ba3023f7d72ae64498cd359,
2026-06-30 15:32:03.875+00,25.6,0ba3023f7d72ae64498cd359,
2026-06-30 15:29:38.975+00,25.6,0ba3023f7d72ae64498cd359,
2026-06-30 15:27:13.986+00,25.6,0ba3023f7d72ae64498cd359,
2026-06-30 15:24:48.968+00,25.6,0ba3023f7d72ae64498cd359,
2026-06-30 15:22:23.862+00,25.5,0ba3023f7d72ae64498cd359,
2026-06-30 15:19:58.922+00,25.5,0ba3023f7d72ae64498cd359,
2026-06-30 15:17:33.86+00,25.5,0ba3023f7d72ae64498cd359,
2026-06-30 15:15:08.931+00,25.5,0ba3023f7d72ae64498cd359,
2026-06-30 15:12:45.66+00,25.4,0ba3023f7d72ae64498cd359,
2026-06-30 15:10:18.884+00,25.4,0ba3023f7d72ae64498cd359,
2026-06-30 15:07:53.848+00,25.4,0ba3023f7d72ae64498cd359,
2026-06-30 15:05:28.902+00,25.4,0ba3023f7d72ae64498cd359,
2026-06-30 15:03:03.86+00,25.4,0ba3023f7d72ae64498cd359,
2026-06-30 15:00:38.871+00,25.3,0ba3023f7d72ae64498cd359,
2026-06-30 14:58:13.922+00,25.4,0ba3023f7d72ae64498cd359,
2026-06-30 14:55:48.892+00,25.4,0ba3023f7d72ae64498cd359,
2026-06-30 14:53:23.856+00,25.4,0ba3023f7d72ae64498cd359,
2026-06-30 14:50:59.013+00,25.4,0ba3023f7d72ae64498cd359,
2026-06-30 14:48:33.851+00,25.4,0ba3023f7d72ae64498cd359,
2026-06-30 14:46:08.902+00,25.4,0ba3023f7d72ae64498cd359,
2026-06-30 14:43:43.952+00,25.5,0ba3023f7d72ae64498cd359,
2026-06-30 14:41:18.899+00,25.5,0ba3023f7d72ae64498cd359,
2026-06-30 14:38:53.847+00,25.6,0ba3023f7d72ae64498cd359,
2026-06-30 14:36:28.906+00,25.6,0ba3023f7d72ae64498cd359,
2026-06-30 14:34:03.869+00,25.6,0ba3023f7d72ae64498cd359,
2026-06-30 14:31:38.868+00,25.6,0ba3023f7d72ae64498cd359,
2026-06-30 14:29:13.962+00,25.6,0ba3023f7d72ae64498cd359,
2026-06-30 14:26:48.876+00,25.6,0ba3023f7d72ae64498cd359,
2026-06-30 14:24:23.876+00,25.6,0ba3023f7d72ae64498cd359,
2026-06-30 14:21:58.896+00,25.6,0ba3023f7d72ae64498cd359,
2026-06-30 14:19:33.868+00,25.6,0ba3023f7d72ae64498cd359,
2026-06-30 14:17:08.893+00,25.6,0ba3023f7d72ae64498cd359,
2026-06-30 14:14:43.928+00,25.5,0ba3023f7d72ae64498cd359,
2026-06-30 14:10:02.358+00,25.5,0ba3023f7d72ae64498cd359,
2026-06-30 14:07:28.916+00,25.5,0ba3023f7d72ae64498cd359,
2026-06-30 14:05:03.876+00,25.4,0ba3023f7d72ae64498cd359,
2026-06-30 14:02:38.883+00,25.4,0ba3023f7d72ae64498cd359,
2026-06-30 14:00:13.869+00,25.5,0ba3023f7d72ae64498cd359,
2026-06-30 13:57:48.829+00,25.5,0ba3023f7d72ae64498cd359,
2026-06-30 13:55:23.886+00,25.5,0ba3023f7d72ae64498cd359,
2026-06-30 13:52:58.898+00,25.5,0ba3023f7d72ae64498cd359,
2026-06-30 13:50:33.826+00,25.5,0ba3023f7d72ae64498cd359,
2026-06-30 13:48:08.871+00,25.5,0ba3023f7d72ae64498cd359,
2026-06-30 13:45:43.92+00,25.5,0ba3023f7d72ae64498cd359,
2026-06-30 13:43:18.897+00,25.6,0ba3023f7d72ae64498cd359,
2026-06-30 13:40:53.824+00,25.5,0ba3023f7d72ae64498cd359,
2026-06-30 13:38:28.944+00,25.5,0ba3023f7d72ae64498cd359,
2026-06-30 13:36:03.804+00,25.4,0ba3023f7d72ae64498cd359,
2026-06-30 13:33:38.908+00,25.4,0ba3023f7d72ae64498cd359,
2026-06-30 13:31:13.921+00,25.3,0ba3023f7d72ae64498cd359,
2026-06-30 13:28:48.821+00,25.3,0ba3023f7d72ae64498cd359,
2026-06-30 13:26:23.899+00,25.2,0ba3023f7d72ae64498cd359,
2026-06-30 13:23:58.93+00,25.2,0ba3023f7d72ae64498cd359,
2026-06-30 13:21:33.901+00,25.2,0ba3023f7d72ae64498cd359,
2026-06-30 13:19:08.898+00,25.2,0ba3023f7d72ae64498cd359,
2026-06-30 13:16:43.93+00,25.1,0ba3023f7d72ae64498cd359,
2026-06-30 13:14:19.029+00,25.1,0ba3023f7d72ae64498cd359,
2026-06-30 13:11:53.946+00,25.1,0ba3023f7d72ae64498cd359,
2026-06-30 13:09:28.928+00,25,0ba3023f7d72ae64498cd359,
2026-06-30 13:07:03.881+00,25,0ba3023f7d72ae64498cd359,
2026-06-30 13:04:38.907+00,25,0ba3023f7d72ae64498cd359,
2026-06-30 13:02:13.909+00,25,0ba3023f7d72ae64498cd359,
2026-06-30 12:59:48.829+00,24.9,0ba3023f7d72ae64498cd359,
2026-06-30 12:57:23.916+00,24.9,0ba3023f7d72ae64498cd359,
2026-06-30 12:54:59.876+00,24.9,0ba3023f7d72ae64498cd359,
2026-06-30 12:52:33.918+00,24.9,0ba3023f7d72ae64498cd359,
2026-06-30 12:50:08.813+00,24.8,0ba3023f7d72ae64498cd359,
2026-06-30 12:47:43.849+00,24.7,0ba3023f7d72ae64498cd359,
2026-06-30 12:45:18.902+00,24.7,0ba3023f7d72ae64498cd359,
2026-06-30 12:42:53.824+00,24.6,0ba3023f7d72ae64498cd359,
2026-06-30 12:40:28.843+00,24.6,0ba3023f7d72ae64498cd359,
2026-06-30 12:38:03.797+00,24.6,0ba3023f7d72ae64498cd359,
2026-06-30 12:35:38.813+00,24.6,0ba3023f7d72ae64498cd359,
2026-06-30 12:33:13.966+00,24.6,0ba3023f7d72ae64498cd359,
2026-06-30 12:30:48.973+00,24.6,0ba3023f7d72ae64498cd359,
2026-06-30 12:28:23.821+00,24.6,0ba3023f7d72ae64498cd359,
2026-06-30 12:25:58.923+00,24.5,0ba3023f7d72ae64498cd359,
2026-06-30 12:23:33.868+00,24.5,0ba3023f7d72ae64498cd359,
2026-06-30 12:21:08.802+00,24.5,0ba3023f7d72ae64498cd359,
2026-06-30 12:18:43.827+00,24.5,0ba3023f7d72ae64498cd359,
2026-06-30 12:16:18.825+00,24.6,0ba3023f7d72ae64498cd359,
2026-06-30 12:13:53.815+00,24.6,0ba3023f7d72ae64498cd359,
2026-06-30 12:11:28.84+00,24.7,0ba3023f7d72ae64498cd359,
2026-06-30 12:09:03.817+00,24.8,0ba3023f7d72ae64498cd359,
2026-06-30 12:06:38.81+00,24.8,0ba3023f7d72ae64498cd359,
2026-06-30 12:04:13.838+00,24.9,0ba3023f7d72ae64498cd359,
2026-06-30 12:01:48.821+00,24.9,0ba3023f7d72ae64498cd359,
2026-06-30 11:59:23.779+00,24.9,0ba3023f7d72ae64498cd359,
2026-06-30 11:56:58.821+00,24.9,0ba3023f7d72ae64498cd359,
2026-06-30 11:54:33.821+00,24.9,0ba3023f7d72ae64498cd359,
2026-06-30 11:52:08.846+00,24.9,0ba3023f7d72ae64498cd359,
2026-06-30 11:49:43.874+00,24.9,0ba3023f7d72ae64498cd359,
2026-06-30 11:47:18.822+00,24.9,0ba3023f7d72ae64498cd359,
2026-06-30 11:44:54.55+00,24.9,0ba3023f7d72ae64498cd359,
2026-06-30 11:42:28.839+00,25,0ba3023f7d72ae64498cd359,
2026-06-30 11:40:03.926+00,25.1,0ba3023f7d72ae64498cd359,
2026-06-30 11:37:38.814+00,25.1,0ba3023f7d72ae64498cd359,
2026-06-30 11:35:13.829+00,25.1,0ba3023f7d72ae64498cd359,
2026-06-30 11:32:48.823+00,25.2,0ba3023f7d72ae64498cd359,
2026-06-30 11:30:23.842+00,25.2,0ba3023f7d72ae64498cd359,
2026-06-30 11:27:58.99+00,25.3,0ba3023f7d72ae64498cd359,
2026-06-30 11:25:33.805+00,25.5,0ba3023f7d72ae64498cd359,
2026-06-30 11:23:08.815+00,25.6,0ba3023f7d72ae64498cd359,
2026-06-30 11:20:43.832+00,25.7,0ba3023f7d72ae64498cd359,
2026-06-30 11:18:18.872+00,25.8,0ba3023f7d72ae64498cd359,
2026-06-30 11:15:53.821+00,25.7,0ba3023f7d72ae64498cd359,
2026-06-30 11:13:28.882+00,25.7,0ba3023f7d72ae64498cd359,
2026-06-30 11:11:03.854+00,25.7,0ba3023f7d72ae64498cd359,
2026-06-30 11:08:39.156+00,25.6,0ba3023f7d72ae64498cd359,
2026-06-30 11:06:13.882+00,25.5,0ba3023f7d72ae64498cd359,
2026-06-30 11:03:48.839+00,25.3,0ba3023f7d72ae64498cd359,
2026-06-30 11:01:23.855+00,25.2,0ba3023f7d72ae64498cd359,
2026-06-30 10:58:58.873+00,25.2,0ba3023f7d72ae64498cd359,
2026-06-30 10:56:33.834+00,25.2,0ba3023f7d72ae64498cd359,
2026-06-30 10:54:08.843+00,25.1,0ba3023f7d72ae64498cd359,
2026-06-30 10:51:43.794+00,25.1,0ba3023f7d72ae64498cd359,
2026-06-30 10:49:18.872+00,25.1,0ba3023f7d72ae64498cd359,
2026-06-30 10:46:53.804+00,25,0ba3023f7d72ae64498cd359,
2026-06-30 10:44:28.877+00,24.9,0ba3023f7d72ae64498cd359,
2026-06-30 10:42:03.856+00,24.7,0ba3023f7d72ae64498cd359,
2026-06-30 10:39:38.865+00,24.6,0ba3023f7d72ae64498cd359,
2026-06-30 10:37:13.878+00,24.6,0ba3023f7d72ae64498cd359,
2026-06-30 10:34:48.748+00,24.5,0ba3023f7d72ae64498cd359,
2026-06-30 10:30:06.226+00,24.5,0ba3023f7d72ae64498cd359,
2026-06-30 10:27:33.74+00,24.4,0ba3023f7d72ae64498cd359,
2026-06-30 10:25:08.959+00,24.4,0ba3023f7d72ae64498cd359,
2026-06-30 10:22:44.113+00,24.3,0ba3023f7d72ae64498cd359,
2026-06-30 10:20:18.845+00,24.3,0ba3023f7d72ae64498cd359,
2026-06-30 10:17:53.828+00,24.3,0ba3023f7d72ae64498cd359,
2026-06-30 10:15:28.886+00,24.2,0ba3023f7d72ae64498cd359,
2026-06-30 10:13:03.87+00,24.2,0ba3023f7d72ae64498cd359,
2026-06-30 10:10:38.866+00,24.2,0ba3023f7d72ae64498cd359,
2026-06-30 10:08:13.8+00,24.2,0ba3023f7d72ae64498cd359,
2026-06-30 10:05:48.78+00,24.1,0ba3023f7d72ae64498cd359,
2026-06-30 10:03:23.863+00,24.1,0ba3023f7d72ae64498cd359,
2026-06-30 10:00:58.99+00,65.6,0ba3023f7d72ae64498cd359,
2026-06-30 09:58:33.849+00,24.1,0ba3023f7d72ae64498cd359,
2026-06-30 09:56:08.846+00,24.1,0ba3023f7d72ae64498cd359,
2026-06-30 09:53:43.891+00,24.1,0ba3023f7d72ae64498cd359,
2026-06-30 09:51:18.756+00,24.1,0ba3023f7d72ae64498cd359,
2026-06-30 09:48:53.752+00,24,0ba3023f7d72ae64498cd359,
2026-06-30 09:46:28.754+00,23.9,0ba3023f7d72ae64498cd359,
2026-06-30 09:44:03.814+00,23.9,0ba3023f7d72ae64498cd359,
2026-06-30 09:41:38.745+00,23.9,0ba3023f7d72ae64498cd359,
2026-06-30 09:39:13.769+00,23.9,0ba3023f7d72ae64498cd359,
2026-06-30 09:36:48.761+00,23.9,0ba3023f7d72ae64498cd359,
2026-06-30 09:34:23.741+00,23.9,0ba3023f7d72ae64498cd359,
2026-06-30 09:31:58.777+00,23.8,0ba3023f7d72ae64498cd359,
2026-06-30 09:29:33.783+00,23.8,0ba3023f7d72ae64498cd359,
2026-06-30 09:24:51.444+00,23.8,0ba3023f7d72ae64498cd359,
2026-06-30 09:22:18.812+00,23.8,0ba3023f7d72ae64498cd359,
2026-06-30 09:19:53.75+00,23.8,0ba3023f7d72ae64498cd359,
2026-06-30 09:17:28.779+00,23.8,0ba3023f7d72ae64498cd359,
2026-06-30 09:15:03.747+00,23.8,0ba3023f7d72ae64498cd359,
2026-06-30 09:12:38.735+00,23.8,0ba3023f7d72ae64498cd359,
2026-06-30 09:10:13.786+00,23.8,0ba3023f7d72ae64498cd359,
2026-06-30 09:07:48.854+00,23.7,0ba3023f7d72ae64498cd359,
2026-06-30 09:05:23.749+00,23.6,0ba3023f7d72ae64498cd359,
2026-06-30 09:02:58.806+00,23.6,0ba3023f7d72ae64498cd359,
2026-06-30 09:00:33.779+00,23.5,0ba3023f7d72ae64498cd359,
2026-06-30 08:58:08.773+00,23.4,0ba3023f7d72ae64498cd359,
2026-06-30 08:55:43.812+00,23.4,0ba3023f7d72ae64498cd359,
2026-06-30 08:53:18.792+00,23.3,0ba3023f7d72ae64498cd359,
2026-06-30 08:50:53.757+00,23.3,0ba3023f7d72ae64498cd359,
2026-06-30 08:48:28.826+00,68,0ba3023f7d72ae64498cd359,
2026-06-30 08:46:03.729+00,23.4,0ba3023f7d72ae64498cd359,
2026-06-30 08:43:38.765+00,23.4,0ba3023f7d72ae64498cd359,
2026-06-30 08:41:13.802+00,23.4,0ba3023f7d72ae64498cd359,
2026-06-30 08:38:48.713+00,23.4,0ba3023f7d72ae64498cd359,
2026-06-30 08:36:23.76+00,23.3,0ba3023f7d72ae64498cd359,
2026-06-30 08:33:58.797+00,23.2,0ba3023f7d72ae64498cd359,
2026-06-30 08:31:33.763+00,23.2,0ba3023f7d72ae64498cd359,
2026-06-30 08:29:08.791+00,23.2,0ba3023f7d72ae64498cd359,
2026-06-30 08:26:43.848+00,23.1,0ba3023f7d72ae64498cd359,
2026-06-30 08:24:18.776+00,23.1,0ba3023f7d72ae64498cd359,
2026-06-30 08:21:53.804+00,23.1,0ba3023f7d72ae64498cd359,
2026-06-30 08:19:28.786+00,23.1,0ba3023f7d72ae64498cd359,
2026-06-30 08:14:50.173+00,23.1,0ba3023f7d72ae64498cd359,
2026-06-30 08:12:13.808+00,23,0ba3023f7d72ae64498cd359,
2026-06-30 08:09:48.711+00,23,0ba3023f7d72ae64498cd359,
2026-06-30 08:07:23.767+00,23,0ba3023f7d72ae64498cd359,
2026-06-30 08:04:58.822+00,23,0ba3023f7d72ae64498cd359,
2026-06-30 08:02:33.693+00,23,0ba3023f7d72ae64498cd359,
2026-06-30 08:00:08.773+00,23.1,0ba3023f7d72ae64498cd359,
2026-06-30 07:57:43.769+00,23.1,0ba3023f7d72ae64498cd359,
2026-06-30 07:55:18.79+00,23.2,0ba3023f7d72ae64498cd359,
2026-06-30 07:52:53.787+00,23.2,0ba3023f7d72ae64498cd359,
2026-06-30 07:50:28.829+00,23.2,0ba3023f7d72ae64498cd359,
2026-06-30 07:48:03.791+00,23.2,0ba3023f7d72ae64498cd359,
2026-06-30 07:45:38.823+00,23.3,0ba3023f7d72ae64498cd359,
2026-06-30 07:43:13.838+00,23.4,0ba3023f7d72ae64498cd359,
2026-06-30 07:40:48.676+00,23.4,0ba3023f7d72ae64498cd359,
2026-06-30 07:38:23.785+00,23.4,0ba3023f7d72ae64498cd359,
2026-06-30 07:35:58.808+00,23.4,0ba3023f7d72ae64498cd359,
2026-06-30 07:33:33.78+00,23.4,0ba3023f7d72ae64498cd359,
2026-06-30 07:31:09.065+00,23.4,0ba3023f7d72ae64498cd359,
2026-06-30 07:28:43.819+00,23.4,0ba3023f7d72ae64498cd359,
2026-06-30 07:26:18.78+00,23.3,0ba3023f7d72ae64498cd359,
2026-06-30 07:23:53.781+00,23.2,0ba3023f7d72ae64498cd359,
2026-06-30 07:21:28.845+00,23.2,0ba3023f7d72ae64498cd359,
2026-06-30 07:19:03.797+00,23.1,0ba3023f7d72ae64498cd359,
2026-06-30 07:16:38.676+00,23.1,0ba3023f7d72ae64498cd359,
2026-06-30 07:14:13.716+00,23.1,0ba3023f7d72ae64498cd359,
2026-06-30 07:11:48.69+00,23,0ba3023f7d72ae64498cd359,
2026-06-30 07:09:23.684+00,23,0ba3023f7d72ae64498cd359,
2026-06-30 07:06:59.27+00,23,0ba3023f7d72ae64498cd359,
2026-06-30 07:02:08.745+00,23,0ba3023f7d72ae64498cd359,
2026-06-30 06:59:43.673+00,23,0ba3023f7d72ae64498cd359,
2026-06-30 06:57:18.717+00,23,0ba3023f7d72ae64498cd359,
2026-06-30 06:54:53.687+00,23,0ba3023f7d72ae64498cd359,
2026-06-30 06:52:28.677+00,23,0ba3023f7d72ae64498cd359,
2026-06-30 06:50:03.711+00,23.1,0ba3023f7d72ae64498cd359,
2026-06-30 06:47:38.686+00,23.1,0ba3023f7d72ae64498cd359,
2026-06-30 06:45:13.685+00,23.1,0ba3023f7d72ae64498cd359,
2026-06-30 06:42:48.73+00,23.1,0ba3023f7d72ae64498cd359,
2026-06-30 06:40:23.702+00,23.1,0ba3023f7d72ae64498cd359,
2026-06-30 06:37:58.712+00,23,0ba3023f7d72ae64498cd359,
2026-06-30 06:35:33.749+00,22.9,0ba3023f7d72ae64498cd359,
2026-06-30 06:33:08.829+00,22.9,0ba3023f7d72ae64498cd359,
2026-06-30 06:30:43.702+00,22.9,0ba3023f7d72ae64498cd359,
2026-06-30 06:28:18.707+00,22.8,0ba3023f7d72ae64498cd359,
2026-06-30 06:25:53.705+00,22.8,0ba3023f7d72ae64498cd359,
2026-06-30 06:23:28.657+00,22.8,0ba3023f7d72ae64498cd359,
2026-06-30 06:21:03.708+00,22.7,0ba3023f7d72ae64498cd359,
2026-06-30 06:18:38.687+00,22.7,0ba3023f7d72ae64498cd359,
2026-06-30 06:16:13.685+00,22.6,0ba3023f7d72ae64498cd359,
2026-06-30 06:13:48.692+00,22.6,0ba3023f7d72ae64498cd359,
2026-06-30 06:11:23.698+00,22.6,0ba3023f7d72ae64498cd359,
2026-06-30 06:08:58.744+00,22.5,0ba3023f7d72ae64498cd359,
2026-06-30 06:06:33.759+00,22.5,0ba3023f7d72ae64498cd359,
2026-06-30 06:04:08.698+00,22.4,0ba3023f7d72ae64498cd359,
2026-06-30 06:01:43.886+00,74.1,0ba3023f7d72ae64498cd359,
2026-06-30 05:59:18.754+00,22.4,0ba3023f7d72ae64498cd359,
2026-06-30 05:56:53.715+00,22.3,0ba3023f7d72ae64498cd359,
2026-06-30 05:54:28.737+00,22.3,0ba3023f7d72ae64498cd359,
2026-06-30 05:52:04.082+00,22.2,0ba3023f7d72ae64498cd359,
2026-06-30 05:49:38.707+00,22.2,0ba3023f7d72ae64498cd359,
2026-06-30 05:47:13.717+00,22.1,0ba3023f7d72ae64498cd359,
2026-06-30 05:44:48.671+00,22.1,0ba3023f7d72ae64498cd359,
2026-06-30 05:42:23.693+00,22.1,0ba3023f7d72ae64498cd359,
2026-06-30 05:39:58.733+00,22,0ba3023f7d72ae64498cd359,
2026-06-30 05:37:33.747+00,21.9,0ba3023f7d72ae64498cd359,
2026-06-30 05:35:08.712+00,21.9,0ba3023f7d72ae64498cd359,
2026-06-30 05:32:43.715+00,21.8,0ba3023f7d72ae64498cd359,
2026-06-30 05:30:18.735+00,21.8,0ba3023f7d72ae64498cd359,
2026-06-30 05:27:53.713+00,21.8,0ba3023f7d72ae64498cd359,
2026-06-30 05:25:28.7+00,21.8,0ba3023f7d72ae64498cd359,
2026-06-30 05:23:03.753+00,21.7,0ba3023f7d72ae64498cd359,
2026-06-30 05:20:38.724+00,21.7,0ba3023f7d72ae64498cd359,
2026-06-30 05:18:13.736+00,21.7,0ba3023f7d72ae64498cd359,
2026-06-30 05:15:48.691+00,21.6,0ba3023f7d72ae64498cd359,
2026-06-30 05:13:23.722+00,21.6,0ba3023f7d72ae64498cd359,
2026-06-30 05:10:58.706+00,21.6,0ba3023f7d72ae64498cd359,
2026-06-30 05:08:33.771+00,21.5,0ba3023f7d72ae64498cd359,
2026-06-30 05:06:08.705+00,21.5,0ba3023f7d72ae64498cd359,
2026-06-30 05:03:43.628+00,21.4,0ba3023f7d72ae64498cd359,
2026-06-30 05:01:18.761+00,21.4,0ba3023f7d72ae64498cd359,
2026-06-30 04:58:53.728+00,21.3,0ba3023f7d72ae64498cd359,
2026-06-30 04:56:28.717+00,21.3,0ba3023f7d72ae64498cd359,
2026-06-30 04:54:03.686+00,21.3,0ba3023f7d72ae64498cd359,
2026-06-30 04:51:38.719+00,21.2,0ba3023f7d72ae64498cd359,
2026-06-30 04:49:13.708+00,21.2,0ba3023f7d72ae64498cd359,
2026-06-30 04:46:48.651+00,21.1,0ba3023f7d72ae64498cd359,
2026-06-30 04:44:23.722+00,21.1,0ba3023f7d72ae64498cd359,
2026-06-30 04:41:58.744+00,21,0ba3023f7d72ae64498cd359,
2026-06-30 04:39:33.758+00,21,0ba3023f7d72ae64498cd359,
2026-06-30 04:34:53.284+00,21,0ba3023f7d72ae64498cd359,
2026-06-30 04:32:18.618+00,21,0ba3023f7d72ae64498cd359,
2026-06-30 04:29:53.659+00,20.9,0ba3023f7d72ae64498cd359,
2026-06-30 04:27:28.629+00,20.9,0ba3023f7d72ae64498cd359,
2026-06-30 04:25:03.63+00,20.9,0ba3023f7d72ae64498cd359,
2026-06-30 04:22:38.661+00,20.8,0ba3023f7d72ae64498cd359,
2026-06-30 04:20:13.614+00,20.8,0ba3023f7d72ae64498cd359,
2026-06-30 04:17:48.651+00,20.7,0ba3023f7d72ae64498cd359,
2026-06-30 04:15:23.671+00,20.7,0ba3023f7d72ae64498cd359,
2026-06-30 04:12:58.631+00,20.6,0ba3023f7d72ae64498cd359,
2026-06-30 04:10:33.621+00,20.5,0ba3023f7d72ae64498cd359,
2026-06-30 04:08:08.656+00,20.5,0ba3023f7d72ae64498cd359,
2026-06-30 04:05:43.593+00,20.5,0ba3023f7d72ae64498cd359,
2026-06-30 04:03:18.602+00,20.4,0ba3023f7d72ae64498cd359,
2026-06-30 04:00:53.644+00,76.3,0ba3023f7d72ae64498cd359,
2026-06-30 03:58:28.623+00,20.4,0ba3023f7d72ae64498cd359,
2026-06-30 03:56:03.639+00,20.4,0ba3023f7d72ae64498cd359,
2026-06-30 03:53:38.68+00,20.4,0ba3023f7d72ae64498cd359,
2026-06-30 03:51:13.622+00,20.4,0ba3023f7d72ae64498cd359,
2026-06-30 03:48:48.594+00,20.4,0ba3023f7d72ae64498cd359,
2026-06-30 03:46:23.663+00,20.4,0ba3023f7d72ae64498cd359,
2026-06-30 03:43:58.645+00,20.4,0ba3023f7d72ae64498cd359,
2026-06-30 03:41:33.645+00,20.4,0ba3023f7d72ae64498cd359,
2026-06-30 03:39:08.668+00,20.4,0ba3023f7d72ae64498cd359,
2026-06-30 03:36:43.643+00,20.4,0ba3023f7d72ae64498cd359,
2026-06-30 03:34:18.616+00,20.5,0ba3023f7d72ae64498cd359,
2026-06-30 03:31:53.663+00,20.6,0ba3023f7d72ae64498cd359,
2026-06-30 03:29:28.6+00,20.6,0ba3023f7d72ae64498cd359,
2026-06-30 03:24:50.94+00,20.6,0ba3023f7d72ae64498cd359,
2026-06-30 03:22:13.658+00,20.6,0ba3023f7d72ae64498cd359,
2026-06-30 03:19:48.662+00,20.7,0ba3023f7d72ae64498cd359,
2026-06-30 03:17:23.661+00,20.7,0ba3023f7d72ae64498cd359,
2026-06-30 03:14:58.634+00,20.7,0ba3023f7d72ae64498cd359,
2026-06-30 03:12:33.642+00,20.6,0ba3023f7d72ae64498cd359,
2026-06-30 03:10:08.686+00,20.7,0ba3023f7d72ae64498cd359,
2026-06-30 03:07:43.671+00,20.6,0ba3023f7d72ae64498cd359,
2026-06-30 03:05:18.585+00,20.7,0ba3023f7d72ae64498cd359,
2026-06-30 03:02:53.673+00,20.7,0ba3023f7d72ae64498cd359,
2026-06-30 03:00:28.649+00,20.7,0ba3023f7d72ae64498cd359,
2026-06-30 02:58:03.662+00,20.7,0ba3023f7d72ae64498cd359,
2026-06-30 02:55:38.684+00,20.7,0ba3023f7d72ae64498cd359,
2026-06-30 02:53:13.679+00,20.8,0ba3023f7d72ae64498cd359,
2026-06-30 02:50:48.663+00,20.8,0ba3023f7d72ae64498cd359,
2026-06-30 02:48:23.665+00,20.8,0ba3023f7d72ae64498cd359,
2026-06-30 02:45:58.64+00,20.8,0ba3023f7d72ae64498cd359,
2026-06-30 02:43:33.638+00,20.8,0ba3023f7d72ae64498cd359,
2026-06-30 02:41:08.667+00,20.8,0ba3023f7d72ae64498cd359,
2026-06-30 02:38:43.647+00,20.8,0ba3023f7d72ae64498cd359,
2026-06-30 02:36:18.654+00,20.9,0ba3023f7d72ae64498cd359,
2026-06-30 02:33:53.668+00,20.9,0ba3023f7d72ae64498cd359,
2026-06-30 02:31:28.659+00,20.9,0ba3023f7d72ae64498cd359,
2026-06-30 02:29:03.644+00,20.9,0ba3023f7d72ae64498cd359,
2026-06-30 02:26:38.672+00,20.9,0ba3023f7d72ae64498cd359,
2026-06-30 02:24:13.574+00,20.9,0ba3023f7d72ae64498cd359,
2026-06-30 02:21:48.536+00,20.9,0ba3023f7d72ae64498cd359,
2026-06-30 02:19:23.574+00,21,0ba3023f7d72ae64498cd359,
2026-06-30 02:16:58.677+00,21,0ba3023f7d72ae64498cd359,
2026-06-30 02:14:33.667+00,21,0ba3023f7d72ae64498cd359,
2026-06-30 02:12:08.76+00,21,0ba3023f7d72ae64498cd359,
2026-06-30 02:09:43.811+00,21,0ba3023f7d72ae64498cd359,
2026-06-30 02:07:18.701+00,21,0ba3023f7d72ae64498cd359,
2026-06-30 02:04:57.901+00,21,0ba3023f7d72ae64498cd359,
2026-06-30 02:02:28.546+00,21,0ba3023f7d72ae64498cd359,
2026-06-30 02:00:03.552+00,21,0ba3023f7d72ae64498cd359,
2026-06-30 01:57:38.572+00,21,0ba3023f7d72ae64498cd359,
2026-06-30 01:55:13.544+00,21,0ba3023f7d72ae64498cd359,
2026-06-30 01:52:48.532+00,21,0ba3023f7d72ae64498cd359,
2026-06-30 01:50:23.571+00,21,0ba3023f7d72ae64498cd359,
2026-06-30 01:47:58.557+00,20.9,0ba3023f7d72ae64498cd359,
2026-06-30 01:45:33.553+00,20.9,0ba3023f7d72ae64498cd359,
2026-06-30 01:43:08.584+00,21,0ba3023f7d72ae64498cd359,
2026-06-30 01:40:43.542+00,21,0ba3023f7d72ae64498cd359,
2026-06-30 01:38:18.551+00,21,0ba3023f7d72ae64498cd359,
2026-06-30 01:35:53.603+00,21,0ba3023f7d72ae64498cd359,
2026-06-30 01:33:28.561+00,21,0ba3023f7d72ae64498cd359,
2026-06-30 01:31:03.569+00,21,0ba3023f7d72ae64498cd359,
2026-06-30 01:28:38.589+00,21,0ba3023f7d72ae64498cd359,
2026-06-30 01:26:13.552+00,21,0ba3023f7d72ae64498cd359,
2026-06-30 01:23:48.535+00,21,0ba3023f7d72ae64498cd359,
2026-06-30 01:21:23.612+00,21,0ba3023f7d72ae64498cd359,
2026-06-30 01:18:58.542+00,21,0ba3023f7d72ae64498cd359,
2026-06-30 01:16:33.586+00,21,0ba3023f7d72ae64498cd359,
2026-06-30 01:14:08.608+00,21.1,0ba3023f7d72ae64498cd359,
2026-06-30 01:11:43.572+00,21.1,0ba3023f7d72ae64498cd359,
2026-06-30 01:09:18.685+00,21.1,0ba3023f7d72ae64498cd359,
2026-06-30 01:06:53.595+00,21.1,0ba3023f7d72ae64498cd359,
2026-06-30 01:04:28.593+00,21.1,0ba3023f7d72ae64498cd359,
2026-06-30 01:02:03.564+00,21.2,0ba3023f7d72ae64498cd359,
2026-06-30 00:59:38.556+00,21.2,0ba3023f7d72ae64498cd359,
2026-06-30 00:54:55.304+00,21.2,0ba3023f7d72ae64498cd359,
2026-06-30 00:52:23.574+00,21.3,0ba3023f7d72ae64498cd359,
2026-06-30 00:49:58.585+00,21.3,0ba3023f7d72ae64498cd359,
2026-06-30 00:47:33.593+00,21.3,0ba3023f7d72ae64498cd359,
2026-06-30 00:45:08.675+00,21.3,0ba3023f7d72ae64498cd359,
2026-06-30 00:42:43.573+00,21.4,0ba3023f7d72ae64498cd359,
2026-06-30 00:40:18.578+00,21.4,0ba3023f7d72ae64498cd359,
2026-06-30 00:37:53.645+00,21.3,0ba3023f7d72ae64498cd359,
2026-06-30 00:35:28.521+00,21.3,0ba3023f7d72ae64498cd359,
2026-06-30 00:33:03.535+00,21.3,0ba3023f7d72ae64498cd359,
2026-06-30 00:30:38.548+00,21.4,0ba3023f7d72ae64498cd359,
2026-06-30 00:28:13.52+00,21.4,0ba3023f7d72ae64498cd359,
2026-06-30 00:25:48.525+00,21.4,0ba3023f7d72ae64498cd359,
2026-06-30 00:23:23.55+00,21.4,0ba3023f7d72ae64498cd359,
2026-06-30 00:20:58.59+00,21.4,0ba3023f7d72ae64498cd359,
2026-06-30 00:18:33.59+00,21.4,0ba3023f7d72ae64498cd359,
2026-06-30 00:16:08.608+00,21.4,0ba3023f7d72ae64498cd359,
2026-06-30 00:13:43.582+00,21.4,0ba3023f7d72ae64498cd359,
2026-06-30 00:11:18.601+00,21.4,0ba3023f7d72ae64498cd359,
2026-06-30 00:08:53.623+00,21.4,0ba3023f7d72ae64498cd359,
2026-06-30 00:06:28.616+00,21.4,0ba3023f7d72ae64498cd359,
2026-06-30 00:04:03.735+00,21.5,0ba3023f7d72ae64498cd359,
2026-06-30 00:01:38.627+00,21.5,0ba3023f7d72ae64498cd359,
2026-06-29 23:59:13.605+00,21.5,0ba3023f7d72ae64498cd359,
2026-06-29 23:56:48.513+00,21.5,0ba3023f7d72ae64498cd359,
2026-06-29 23:54:23.624+00,21.5,0ba3023f7d72ae64498cd359,
2026-06-29 23:51:58.593+00,21.6,0ba3023f7d72ae64498cd359,
2026-06-29 23:49:33.606+00,21.6,0ba3023f7d72ae64498cd359,
2026-06-29 23:47:08.632+00,21.6,0ba3023f7d72ae64498cd359,
2026-06-29 23:44:43.507+00,21.6,0ba3023f7d72ae64498cd359,
2026-06-29 23:40:02.858+00,21.6,0ba3023f7d72ae64498cd359,
2026-06-29 23:37:28.594+00,21.6,0ba3023f7d72ae64498cd359,
2026-06-29 23:35:03.614+00,21.6,0ba3023f7d72ae64498cd359,
2026-06-29 23:32:38.535+00,21.6,0ba3023f7d72ae64498cd359,
2026-06-29 23:30:13.528+00,21.6,0ba3023f7d72ae64498cd359,
2026-06-29 23:27:48.506+00,21.6,0ba3023f7d72ae64498cd359,
2026-06-29 23:25:23.541+00,21.6,0ba3023f7d72ae64498cd359,
2026-06-29 23:22:58.496+00,21.7,0ba3023f7d72ae64498cd359,
2026-06-29 23:20:33.571+00,21.7,0ba3023f7d72ae64498cd359,
2026-06-29 23:18:08.532+00,21.7,0ba3023f7d72ae64498cd359,
2026-06-29 23:15:43.509+00,21.8,0ba3023f7d72ae64498cd359,
2026-06-29 23:13:18.629+00,21.8,0ba3023f7d72ae64498cd359,
2026-06-29 23:10:53.538+00,21.8,0ba3023f7d72ae64498cd359,
2026-06-29 23:08:28.487+00,21.9,0ba3023f7d72ae64498cd359,
2026-06-29 23:06:03.536+00,21.9,0ba3023f7d72ae64498cd359,
2026-06-29 23:03:38.536+00,21.9,0ba3023f7d72ae64498cd359,
2026-06-29 23:01:13.508+00,22,0ba3023f7d72ae64498cd359,
2026-06-29 22:58:48.543+00,22,0ba3023f7d72ae64498cd359,
2026-06-29 22:56:23.562+00,22,0ba3023f7d72ae64498cd359,
2026-06-29 22:53:58.503+00,22,0ba3023f7d72ae64498cd359,
2026-06-29 22:51:33.519+00,22.1,0ba3023f7d72ae64498cd359,
2026-06-29 22:49:08.543+00,22.1,0ba3023f7d72ae64498cd359,
2026-06-29 22:46:43.504+00,22.1,0ba3023f7d72ae64498cd359,
2026-06-29 22:44:18.535+00,22.2,0ba3023f7d72ae64498cd359,
2026-06-29 22:41:53.545+00,22.2,0ba3023f7d72ae64498cd359,
2026-06-29 22:39:28.523+00,22.3,0ba3023f7d72ae64498cd359,
2026-06-29 22:34:45.301+00,22.3,0ba3023f7d72ae64498cd359,
2026-06-29 22:32:13.511+00,22.3,0ba3023f7d72ae64498cd359,
2026-06-29 22:29:48.491+00,22.3,0ba3023f7d72ae64498cd359,
2026-06-29 22:27:23.521+00,22.3,0ba3023f7d72ae64498cd359,
2026-06-29 22:24:58.488+00,22.3,0ba3023f7d72ae64498cd359,
2026-06-29 22:22:33.526+00,22.3,0ba3023f7d72ae64498cd359,
2026-06-29 22:20:08.518+00,22.3,0ba3023f7d72ae64498cd359,
2026-06-29 22:17:43.544+00,22.3,0ba3023f7d72ae64498cd359,
2026-06-29 22:15:18.473+00,22.3,0ba3023f7d72ae64498cd359,
2026-06-29 22:12:53.526+00,22.3,0ba3023f7d72ae64498cd359,
2026-06-29 22:10:28.51+00,22.3,0ba3023f7d72ae64498cd359,
2026-06-29 22:08:03.622+00,22.4,0ba3023f7d72ae64498cd359,
2026-06-29 22:05:38.562+00,22.4,0ba3023f7d72ae64498cd359,
2026-06-29 22:03:13.519+00,22.3,0ba3023f7d72ae64498cd359,
2026-06-29 22:00:48.457+00,22.3,0ba3023f7d72ae64498cd359,
2026-06-29 21:58:23.556+00,22.3,0ba3023f7d72ae64498cd359,
2026-06-29 21:55:58.558+00,22.3,0ba3023f7d72ae64498cd359,
2026-06-29 21:53:33.532+00,22.3,0ba3023f7d72ae64498cd359,
2026-06-29 21:51:08.563+00,22.3,0ba3023f7d72ae64498cd359,
2026-06-29 21:48:43.507+00,22.3,0ba3023f7d72ae64498cd359,
2026-06-29 21:46:18.521+00,22.3,0ba3023f7d72ae64498cd359,
2026-06-29 21:43:53.694+00,22.3,0ba3023f7d72ae64498cd359,
2026-06-29 21:41:28.716+00,22.3,0ba3023f7d72ae64498cd359,
2026-06-29 21:39:03.525+00,22.3,0ba3023f7d72ae64498cd359,
2026-06-29 21:36:38.563+00,22.3,0ba3023f7d72ae64498cd359,
2026-06-29 21:34:13.547+00,22.2,0ba3023f7d72ae64498cd359,
2026-06-29 21:31:48.509+00,22.2,0ba3023f7d72ae64498cd359,
2026-06-29 21:29:23.549+00,22.2,0ba3023f7d72ae64498cd359,
2026-06-29 21:26:58.517+00,22.2,0ba3023f7d72ae64498cd359,
2026-06-29 21:24:33.527+00,22.2,0ba3023f7d72ae64498cd359,
2026-06-29 21:22:08.571+00,22.2,0ba3023f7d72ae64498cd359,
2026-06-29 21:19:44.258+00,22.2,0ba3023f7d72ae64498cd359,
2026-06-29 21:17:18.449+00,22.2,0ba3023f7d72ae64498cd359,
2026-06-29 21:14:53.563+00,22.2,0ba3023f7d72ae64498cd359,
2026-06-29 21:12:28.524+00,22.3,0ba3023f7d72ae64498cd359,
2026-06-29 21:10:03.535+00,22.3,0ba3023f7d72ae64498cd359,
2026-06-29 21:07:38.553+00,22.3,0ba3023f7d72ae64498cd359,
2026-06-29 21:05:13.502+00,22.4,0ba3023f7d72ae64498cd359,
2026-06-29 21:02:48.474+00,22.4,0ba3023f7d72ae64498cd359,
2026-06-29 21:00:23.492+00,22.4,0ba3023f7d72ae64498cd359,
2026-06-29 20:57:58.536+00,22.4,0ba3023f7d72ae64498cd359,
2026-06-29 20:55:33.631+00,22.5,0ba3023f7d72ae64498cd359,
2026-06-29 20:53:08.512+00,22.5,0ba3023f7d72ae64498cd359,
2026-06-29 20:50:43.538+00,22.6,0ba3023f7d72ae64498cd359,
2026-06-29 20:48:18.556+00,22.6,0ba3023f7d72ae64498cd359,
2026-06-29 20:45:53.598+00,22.6,0ba3023f7d72ae64498cd359,
2026-06-29 20:43:28.532+00,22.7,0ba3023f7d72ae64498cd359,
2026-06-29 20:41:03.477+00,22.7,0ba3023f7d72ae64498cd359,
2026-06-29 20:38:38.627+00,22.8,0ba3023f7d72ae64498cd359,
2026-06-29 20:36:13.473+00,22.8,0ba3023f7d72ae64498cd359,
2026-06-29 20:33:48.445+00,22.9,0ba3023f7d72ae64498cd359,
2026-06-29 20:31:23.478+00,23,0ba3023f7d72ae64498cd359,
2026-06-29 20:28:58.438+00,23.1,0ba3023f7d72ae64498cd359,
2026-06-29 20:26:33.471+00,23.1,0ba3023f7d72ae64498cd359,
2026-06-29 20:24:08.593+00,23.2,0ba3023f7d72ae64498cd359,
2026-06-29 20:21:43.467+00,23.2,0ba3023f7d72ae64498cd359,
2026-06-29 20:19:18.445+00,23.2,0ba3023f7d72ae64498cd359,
2026-06-29 20:16:53.555+00,23.2,0ba3023f7d72ae64498cd359,
2026-06-29 20:14:28.474+00,23.2,0ba3023f7d72ae64498cd359,
2026-06-29 20:12:03.462+00,23.2,0ba3023f7d72ae64498cd359,
2026-06-29 20:09:38.514+00,23.2,0ba3023f7d72ae64498cd359,
2026-06-29 20:07:13.622+00,23.2,0ba3023f7d72ae64498cd359,
2026-06-29 20:04:48.492+00,23.2,0ba3023f7d72ae64498cd359,
2026-06-29 20:02:23.491+00,23.2,0ba3023f7d72ae64498cd359,
2026-06-29 19:59:58.449+00,23.2,0ba3023f7d72ae64498cd359,
2026-06-29 19:57:33.489+00,23.3,0ba3023f7d72ae64498cd359,
2026-06-29 19:55:08.474+00,23.3,0ba3023f7d72ae64498cd359,
2026-06-29 19:50:19.075+00,23.3,0ba3023f7d72ae64498cd359,
2026-06-29 19:47:53.492+00,23.4,0ba3023f7d72ae64498cd359,
2026-06-29 19:45:28.456+00,23.4,0ba3023f7d72ae64498cd359,
2026-06-29 19:43:03.481+00,23.4,0ba3023f7d72ae64498cd359,
2026-06-29 19:40:38.492+00,23.5,0ba3023f7d72ae64498cd359,
2026-06-29 19:38:13.47+00,23.6,0ba3023f7d72ae64498cd359,
2026-06-29 19:35:48.416+00,23.7,0ba3023f7d72ae64498cd359,
2026-06-29 19:33:23.513+00,23.8,0ba3023f7d72ae64498cd359,
2026-06-29 19:30:58.464+00,24,0ba3023f7d72ae64498cd359,
2026-06-29 19:28:33.47+00,24.1,0ba3023f7d72ae64498cd359,
2026-06-29 19:26:08.53+00,24.3,0ba3023f7d72ae64498cd359,
2026-06-29 19:23:43.588+00,24.4,0ba3023f7d72ae64498cd359,
2026-06-29 19:21:18.468+00,24.6,0ba3023f7d72ae64498cd359,
2026-06-29 19:18:53.511+00,24.8,0ba3023f7d72ae64498cd359,
2026-06-29 19:16:28.481+00,25,0ba3023f7d72ae64498cd359,
2026-06-29 19:14:03.485+00,25.3,0ba3023f7d72ae64498cd359,
2026-06-29 19:11:38.493+00,25.5,0ba3023f7d72ae64498cd359,
2026-06-29 19:09:13.386+00,25.8,0ba3023f7d72ae64498cd359,
2026-06-29 19:06:48.406+00,26.1,0ba3023f7d72ae64498cd359,
2026-06-29 19:04:23.5+00,26.3,0ba3023f7d72ae64498cd359,
2026-06-29 18:59:46.706+00,26.4,0ba3023f7d72ae64498cd359,
2026-06-29 18:57:08.542+00,26.6,0ba3023f7d72ae64498cd359,
2026-06-29 18:54:43.507+00,26.7,0ba3023f7d72ae64498cd359,
2026-06-29 18:52:18.488+00,26.8,0ba3023f7d72ae64498cd359,
2026-06-29 18:49:53.52+00,26.9,0ba3023f7d72ae64498cd359,
2026-06-29 18:47:28.493+00,27,0ba3023f7d72ae64498cd359,
2026-06-29 18:45:03.49+00,27,0ba3023f7d72ae64498cd359,
2026-06-29 18:42:38.529+00,27.1,0ba3023f7d72ae64498cd359,
2026-06-29 18:40:13.49+00,27.1,0ba3023f7d72ae64498cd359,
2026-06-29 18:37:48.42+00,27.2,0ba3023f7d72ae64498cd359,
2026-06-29 18:35:23.511+00,27.2,0ba3023f7d72ae64498cd359,
2026-06-29 18:32:58.487+00,27.3,0ba3023f7d72ae64498cd359,
2026-06-29 18:30:33.499+00,27.4,0ba3023f7d72ae64498cd359,
2026-06-29 18:28:08.42+00,27.4,0ba3023f7d72ae64498cd359,
2026-06-29 18:25:43.491+00,27.5,0ba3023f7d72ae64498cd359,
2026-06-29 18:23:18.516+00,27.5,0ba3023f7d72ae64498cd359,
2026-06-29 18:20:53.773+00,27.6,0ba3023f7d72ae64498cd359,
2026-06-29 18:18:28.478+00,27.6,0ba3023f7d72ae64498cd359,
2026-06-29 18:16:03.385+00,27.7,0ba3023f7d72ae64498cd359,
2026-06-29 18:13:38.489+00,27.7,0ba3023f7d72ae64498cd359,
2026-06-29 18:11:13.486+00,27.7,0ba3023f7d72ae64498cd359,
2026-06-29 18:08:48.381+00,27.8,0ba3023f7d72ae64498cd359,
2026-06-29 18:06:23.418+00,27.7,0ba3023f7d72ae64498cd359,
2026-06-29 18:03:58.416+00,27.7,0ba3023f7d72ae64498cd359,
2026-06-29 18:01:33.384+00,27.8,0ba3023f7d72ae64498cd359,
2026-06-29 17:59:08.44+00,27.8,0ba3023f7d72ae64498cd359,
2026-06-29 17:56:43.398+00,27.8,0ba3023f7d72ae64498cd359,
2026-06-29 17:54:18.375+00,27.8,0ba3023f7d72ae64498cd359,
2026-06-29 17:51:53.396+00,27.9,0ba3023f7d72ae64498cd359,
2026-06-29 17:49:28.388+00,27.9,0ba3023f7d72ae64498cd359,
2026-06-29 17:47:03.385+00,27.9,0ba3023f7d72ae64498cd359,
2026-06-29 17:44:38.423+00,28,0ba3023f7d72ae64498cd359,
2026-06-29 17:42:13.393+00,28.1,0ba3023f7d72ae64498cd359,
2026-06-29 17:39:48.411+00,28.1,0ba3023f7d72ae64498cd359,
2026-06-29 17:37:25.885+00,28.1,0ba3023f7d72ae64498cd359,
2026-06-29 17:34:58.409+00,28.1,0ba3023f7d72ae64498cd359,
2026-06-29 17:32:33.517+00,28.2,0ba3023f7d72ae64498cd359,
2026-06-29 17:30:08.447+00,28.3,0ba3023f7d72ae64498cd359,
2026-06-29 17:27:43.392+00,28.4,0ba3023f7d72ae64498cd359,
2026-06-29 17:25:18.397+00,28.4,0ba3023f7d72ae64498cd359,
2026-06-29 17:22:53.43+00,28.5,0ba3023f7d72ae64498cd359,
2026-06-29 17:20:28.402+00,28.6,0ba3023f7d72ae64498cd359,
2026-06-29 17:18:03.411+00,28.7,0ba3023f7d72ae64498cd359,
2026-06-29 17:15:38.418+00,28.8,0ba3023f7d72ae64498cd359,
2026-06-29 17:13:13.409+00,28.8,0ba3023f7d72ae64498cd359,
2026-06-29 17:10:48.383+00,28.8,0ba3023f7d72ae64498cd359,
2026-06-29 17:08:23.409+00,28.9,0ba3023f7d72ae64498cd359,
2026-06-29 17:05:58.416+00,28.9,0ba3023f7d72ae64498cd359,
2026-06-29 17:03:33.424+00,29,0ba3023f7d72ae64498cd359,
2026-06-29 17:01:08.443+00,29,0ba3023f7d72ae64498cd359,
2026-06-29 16:58:43.406+00,29.1,0ba3023f7d72ae64498cd359,
2026-06-29 16:56:18.386+00,29.1,0ba3023f7d72ae64498cd359,
2026-06-29 16:53:53.425+00,29.1,0ba3023f7d72ae64498cd359,
2026-06-29 16:51:28.355+00,29.2,0ba3023f7d72ae64498cd359,
2026-06-29 16:49:03.431+00,29.3,0ba3023f7d72ae64498cd359,
2026-06-29 16:46:38.454+00,29.4,0ba3023f7d72ae64498cd359,
2026-06-29 16:44:13.428+00,29.4,0ba3023f7d72ae64498cd359,
2026-06-29 16:41:48.486+00,29.5,0ba3023f7d72ae64498cd359,
2026-06-29 16:39:23.45+00,29.5,0ba3023f7d72ae64498cd359,
2026-06-29 16:36:58.415+00,29.6,0ba3023f7d72ae64498cd359,
2026-06-29 16:34:33.357+00,29.6,0ba3023f7d72ae64498cd359,
2026-06-29 16:32:08.381+00,29.7,0ba3023f7d72ae64498cd359,
2026-06-29 16:29:43.339+00,29.8,0ba3023f7d72ae64498cd359,
2026-06-29 16:27:18.342+00,29.8,0ba3023f7d72ae64498cd359,
2026-06-29 16:24:53.455+00,29.9,0ba3023f7d72ae64498cd359,
2026-06-29 16:22:28.413+00,29.9,0ba3023f7d72ae64498cd359,
2026-06-29 16:20:07.516+00,29.9,0ba3023f7d72ae64498cd359,
2026-06-29 16:17:38.408+00,30,0ba3023f7d72ae64498cd359,
2026-06-29 16:15:13.44+00,30,0ba3023f7d72ae64498cd359,
2026-06-29 16:12:48.365+00,30.1,0ba3023f7d72ae64498cd359,
2026-06-29 16:10:23.442+00,30.1,0ba3023f7d72ae64498cd359,
2026-06-29 16:07:58.351+00,30,0ba3023f7d72ae64498cd359,
2026-06-29 16:05:33.349+00,30,0ba3023f7d72ae64498cd359,
2026-06-29 16:03:08.365+00,30,0ba3023f7d72ae64498cd359,
2026-06-29 16:00:43.324+00,30,0ba3023f7d72ae64498cd359,
2026-06-29 15:58:18.327+00,29.9,0ba3023f7d72ae64498cd359,
2026-06-29 15:55:53.356+00,29.9,0ba3023f7d72ae64498cd359,
2026-06-29 15:53:28.346+00,29.9,0ba3023f7d72ae64498cd359,
2026-06-29 15:51:03.433+00,29.9,0ba3023f7d72ae64498cd359,
2026-06-29 15:48:38.44+00,29.9,0ba3023f7d72ae64498cd359,
2026-06-29 15:46:13.446+00,29.8,0ba3023f7d72ae64498cd359,
2026-06-29 15:43:48.334+00,29.8,0ba3023f7d72ae64498cd359,
2026-06-29 15:41:23.459+00,29.8,0ba3023f7d72ae64498cd359,
2026-06-29 15:38:58.416+00,29.8,0ba3023f7d72ae64498cd359,
2026-06-29 15:36:33.33+00,29.8,0ba3023f7d72ae64498cd359,
2026-06-29 15:34:08.366+00,29.8,0ba3023f7d72ae64498cd359,
2026-06-29 15:31:43.376+00,29.7,0ba3023f7d72ae64498cd359,
2026-06-29 15:29:18.341+00,29.7,0ba3023f7d72ae64498cd359,
2026-06-29 15:26:53.348+00,29.6,0ba3023f7d72ae64498cd359,
2026-06-29 15:24:28.302+00,29.6,0ba3023f7d72ae64498cd359,
2026-06-29 15:22:03.329+00,29.6,0ba3023f7d72ae64498cd359,
2026-06-29 15:19:38.366+00,29.6,0ba3023f7d72ae64498cd359,
2026-06-29 15:14:55.271+00,29.6,0ba3023f7d72ae64498cd359,
2026-06-29 15:12:23.325+00,29.6,0ba3023f7d72ae64498cd359,
2026-06-29 15:09:58.363+00,29.5,0ba3023f7d72ae64498cd359,
2026-06-29 15:07:33.334+00,29.4,0ba3023f7d72ae64498cd359,
2026-06-29 15:05:08.351+00,29.3,0ba3023f7d72ae64498cd359,
2026-06-29 15:02:43.514+00,29.3,0ba3023f7d72ae64498cd359,
2026-06-29 15:00:18.331+00,29.2,0ba3023f7d72ae64498cd359,
2026-06-29 14:57:53.335+00,29.1,0ba3023f7d72ae64498cd359,
2026-06-29 14:55:28.355+00,28.9,0ba3023f7d72ae64498cd359,
2026-06-29 14:53:03.306+00,28.8,0ba3023f7d72ae64498cd359,
2026-06-29 14:50:38.291+00,28.7,0ba3023f7d72ae64498cd359,
2026-06-29 14:48:13.351+00,28.6,0ba3023f7d72ae64498cd359,
2026-06-29 14:45:48.295+00,28.6,0ba3023f7d72ae64498cd359,
2026-06-29 14:43:23.349+00,28.5,0ba3023f7d72ae64498cd359,
2026-06-29 14:40:58.398+00,28.4,0ba3023f7d72ae64498cd359,
2026-06-29 14:38:33.345+00,28.4,0ba3023f7d72ae64498cd359,
2026-06-29 14:36:08.347+00,28.4,0ba3023f7d72ae64498cd359,
2026-06-29 14:33:43.364+00,28.3,0ba3023f7d72ae64498cd359,
2026-06-29 14:31:18.328+00,28.3,0ba3023f7d72ae64498cd359,
2026-06-29 14:28:53.331+00,28.2,0ba3023f7d72ae64498cd359,
2026-06-29 14:26:28.35+00,28.2,0ba3023f7d72ae64498cd359,
2026-06-29 14:24:03.369+00,28.1,0ba3023f7d72ae64498cd359,
2026-06-29 14:21:38.338+00,28.1,0ba3023f7d72ae64498cd359,
2026-06-29 14:19:13.384+00,28.1,0ba3023f7d72ae64498cd359,
2026-06-29 14:16:48.301+00,28,0ba3023f7d72ae64498cd359,
2026-06-29 14:14:23.348+00,28.1,0ba3023f7d72ae64498cd359,
2026-06-29 14:11:58.336+00,28.1,0ba3023f7d72ae64498cd359,
2026-06-29 14:09:33.334+00,28.1,0ba3023f7d72ae64498cd359,
2026-06-29 14:04:57.62+00,28,0ba3023f7d72ae64498cd359,
2026-06-29 14:02:18.35+00,27.9,0ba3023f7d72ae64498cd359,
2026-06-29 13:59:53.343+00,27.9,0ba3023f7d72ae64498cd359,
2026-06-29 13:57:28.367+00,27.9,0ba3023f7d72ae64498cd359,
2026-06-29 13:55:03.358+00,27.8,0ba3023f7d72ae64498cd359,
2026-06-29 13:52:38.344+00,27.8,0ba3023f7d72ae64498cd359,
2026-06-29 13:50:13.425+00,27.7,0ba3023f7d72ae64498cd359,
2026-06-29 13:47:48.296+00,27.7,0ba3023f7d72ae64498cd359,
2026-06-29 13:45:23.347+00,27.6,0ba3023f7d72ae64498cd359,
2026-06-29 13:42:58.401+00,27.6,0ba3023f7d72ae64498cd359,
2026-06-29 13:40:33.374+00,27.5,0ba3023f7d72ae64498cd359,
2026-06-29 13:38:08.377+00,27.5,0ba3023f7d72ae64498cd359,
2026-06-29 13:35:43.392+00,27.5,0ba3023f7d72ae64498cd359,
2026-06-29 13:33:18.388+00,27.5,0ba3023f7d72ae64498cd359,
2026-06-29 13:30:53.356+00,27.4,0ba3023f7d72ae64498cd359,
2026-06-29 13:28:28.351+00,27.4,0ba3023f7d72ae64498cd359,
2026-06-29 13:26:03.387+00,27.4,0ba3023f7d72ae64498cd359,
2026-06-29 13:23:38.344+00,27.4,0ba3023f7d72ae64498cd359,
2026-06-29 13:21:13.359+00,27.4,0ba3023f7d72ae64498cd359,
2026-06-29 13:18:48.361+00,27.4,0ba3023f7d72ae64498cd359,
2026-06-29 13:16:23.364+00,27.5,0ba3023f7d72ae64498cd359,
2026-06-29 13:13:58.399+00,27.5,0ba3023f7d72ae64498cd359,
2026-06-29 13:11:33.359+00,27.5,0ba3023f7d72ae64498cd359,
2026-06-29 13:09:08.359+00,27.5,0ba3023f7d72ae64498cd359,
2026-06-29 13:06:43.386+00,27.4,0ba3023f7d72ae64498cd359,
2026-06-29 13:04:18.291+00,27.4,0ba3023f7d72ae64498cd359,
2026-06-29 13:01:53.276+00,27.3,0ba3023f7d72ae64498cd359,
2026-06-29 12:59:28.289+00,27.2,0ba3023f7d72ae64498cd359,
2026-06-29 12:57:03.293+00,27.2,0ba3023f7d72ae64498cd359,
2026-06-29 12:54:38.249+00,27.2,0ba3023f7d72ae64498cd359,
2026-06-29 12:52:13.278+00,27.2,0ba3023f7d72ae64498cd359,
2026-06-29 12:49:53.377+00,27.2,0ba3023f7d72ae64498cd359,
2026-06-29 12:47:23.264+00,27.2,0ba3023f7d72ae64498cd359,
2026-06-29 12:44:58.303+00,27.1,0ba3023f7d72ae64498cd359,
2026-06-29 12:42:33.27+00,27,0ba3023f7d72ae64498cd359,
2026-06-29 12:40:08.385+00,26.9,0ba3023f7d72ae64498cd359,
2026-06-29 12:37:43.304+00,26.8,0ba3023f7d72ae64498cd359,
2026-06-29 12:35:18.256+00,26.8,0ba3023f7d72ae64498cd359,
2026-06-29 12:32:53.278+00,26.7,0ba3023f7d72ae64498cd359,
2026-06-29 12:30:28.286+00,26.7,0ba3023f7d72ae64498cd359,
2026-06-29 12:28:03.269+00,26.7,0ba3023f7d72ae64498cd359,
2026-06-29 12:25:38.301+00,26.6,0ba3023f7d72ae64498cd359,
2026-06-29 12:23:13.306+00,26.5,0ba3023f7d72ae64498cd359,
2026-06-29 12:20:48.269+00,26.5,0ba3023f7d72ae64498cd359,
2026-06-29 12:18:23.267+00,26.4,0ba3023f7d72ae64498cd359,
2026-06-29 12:15:58.262+00,26.4,0ba3023f7d72ae64498cd359,
2026-06-29 12:13:33.277+00,26.4,0ba3023f7d72ae64498cd359,
2026-06-29 12:11:08.923+00,26.4,0ba3023f7d72ae64498cd359,
2026-06-29 12:08:43.335+00,26.4,0ba3023f7d72ae64498cd359,
2026-06-29 12:06:18.259+00,26.4,0ba3023f7d72ae64498cd359,
2026-06-29 12:03:53.295+00,26.3,0ba3023f7d72ae64498cd359,
2026-06-29 12:01:28.281+00,26.1,0ba3023f7d72ae64498cd359,
2026-06-29 11:59:03.287+00,25.9,0ba3023f7d72ae64498cd359,
2026-06-29 11:56:38.227+00,25.7,0ba3023f7d72ae64498cd359,
2026-06-29 11:54:13.311+00,25.6,0ba3023f7d72ae64498cd359,
2026-06-29 11:51:48.831+00,25.6,0ba3023f7d72ae64498cd359,
2026-06-29 11:46:58.279+00,25.2,0ba3023f7d72ae64498cd359,
2026-06-29 11:44:33.301+00,25.1,0ba3023f7d72ae64498cd359,
2026-06-29 11:42:08.255+00,24.9,0ba3023f7d72ae64498cd359,
2026-06-29 11:39:43.339+00,24.6,0ba3023f7d72ae64498cd359,
2026-06-29 11:37:18.214+00,24.3,0ba3023f7d72ae64498cd359,
2026-06-29 11:34:53.432+00,23.9,0ba3023f7d72ae64498cd359,
2026-06-29 11:32:28.286+00,23.3,0ba3023f7d72ae64498cd359,
2026-06-29 11:30:03.275+00,22.7,0ba3023f7d72ae64498cd359,
2026-06-29 11:27:38.214+00,22.2,0ba3023f7d72ae64498cd359,
2026-06-29 11:25:13.312+00,22,0ba3023f7d72ae64498cd359,
2026-06-29 11:22:48.199+00,22,0ba3023f7d72ae64498cd359,
2026-06-29 11:20:23.421+00,22,0ba3023f7d72ae64498cd359,
2026-06-29 11:17:58.274+00,22.1,0ba3023f7d72ae64498cd359,
2026-06-29 11:15:33.297+00,22.1,0ba3023f7d72ae64498cd359,
2026-06-29 11:13:08.221+00,22.1,0ba3023f7d72ae64498cd359,
2026-06-29 11:10:43.323+00,22.2,0ba3023f7d72ae64498cd359,
2026-06-29 11:08:18.231+00,22.2,0ba3023f7d72ae64498cd359,
2026-06-29 11:05:53.293+00,22.3,0ba3023f7d72ae64498cd359,
2026-06-29 11:03:28.259+00,22.3,0ba3023f7d72ae64498cd359,
2026-06-29 11:01:03.244+00,22.3,0ba3023f7d72ae64498cd359,
2026-06-29 10:58:38.261+00,22.3,0ba3023f7d72ae64498cd359,
2026-06-29 10:56:13.34+00,22.3,0ba3023f7d72ae64498cd359,
2026-06-29 10:53:48.219+00,22.3,0ba3023f7d72ae64498cd359,
2026-06-29 10:51:23.299+00,22.3,0ba3023f7d72ae64498cd359,
2026-06-29 10:48:58.249+00,22.4,0ba3023f7d72ae64498cd359,
2026-06-29 10:46:33.297+00,22.3,0ba3023f7d72ae64498cd359,
2026-06-29 10:44:08.213+00,22.4,0ba3023f7d72ae64498cd359,
2026-06-29 10:41:43.407+00,22.4,0ba3023f7d72ae64498cd359,
2026-06-29 10:39:18.207+00,22.6,0ba3023f7d72ae64498cd359,
2026-06-29 10:36:53.312+00,22.6,0ba3023f7d72ae64498cd359,
2026-06-29 10:34:28.237+00,22.7,0ba3023f7d72ae64498cd359,
2026-06-29 10:29:47.237+00,22.7,0ba3023f7d72ae64498cd359,
2026-06-29 10:27:13.241+00,22.8,0ba3023f7d72ae64498cd359,
2026-06-29 10:24:48.209+00,22.9,0ba3023f7d72ae64498cd359,
2026-06-29 10:22:23.202+00,23,0ba3023f7d72ae64498cd359,
2026-06-29 10:19:58.23+00,23.1,0ba3023f7d72ae64498cd359,
2026-06-29 10:17:33.224+00,23.2,0ba3023f7d72ae64498cd359,
2026-06-29 10:15:08.237+00,23.4,0ba3023f7d72ae64498cd359,
2026-06-29 10:12:43.236+00,23.6,0ba3023f7d72ae64498cd359,
2026-06-29 10:10:18.187+00,23.7,0ba3023f7d72ae64498cd359,
2026-06-29 10:07:53.181+00,23.9,0ba3023f7d72ae64498cd359,
2026-06-29 10:05:28.215+00,24.1,0ba3023f7d72ae64498cd359,
2026-06-29 10:03:03.177+00,24.2,0ba3023f7d72ae64498cd359,
2026-06-29 10:00:38.23+00,24.3,0ba3023f7d72ae64498cd359,
2026-06-29 09:58:13.24+00,24.4,0ba3023f7d72ae64498cd359,
2026-06-29 09:55:48.19+00,24.5,0ba3023f7d72ae64498cd359,
2026-06-29 09:53:23.207+00,24.7,0ba3023f7d72ae64498cd359,
2026-06-29 09:50:58.243+00,24.8,0ba3023f7d72ae64498cd359,
2026-06-29 09:48:33.224+00,24.9,0ba3023f7d72ae64498cd359,
2026-06-29 09:46:08.208+00,24.9,0ba3023f7d72ae64498cd359,
2026-06-29 09:43:43.277+00,24.9,0ba3023f7d72ae64498cd359,
2026-06-29 09:41:18.216+00,24.9,0ba3023f7d72ae64498cd359,
2026-06-29 09:38:53.257+00,25,0ba3023f7d72ae64498cd359,
2026-06-29 09:36:28.247+00,25.1,0ba3023f7d72ae64498cd359,
2026-06-29 09:34:03.209+00,25.2,0ba3023f7d72ae64498cd359,
2026-06-29 09:31:38.162+00,25.4,0ba3023f7d72ae64498cd359,
2026-06-29 09:29:13.258+00,25.6,0ba3023f7d72ae64498cd359,
2026-06-29 09:26:48.169+00,25.9,0ba3023f7d72ae64498cd359,
2026-06-29 09:24:23.234+00,25.9,0ba3023f7d72ae64498cd359,
2026-06-29 09:21:59.109+00,26.1,0ba3023f7d72ae64498cd359,
2026-06-29 09:19:33.23+00,26.2,0ba3023f7d72ae64498cd359,
2026-06-29 09:17:08.223+00,26.3,0ba3023f7d72ae64498cd359,
2026-06-29 09:14:43.243+00,26.4,0ba3023f7d72ae64498cd359,
2026-06-29 09:12:18.231+00,26.4,0ba3023f7d72ae64498cd359,
2026-06-29 09:09:53.206+00,26.5,0ba3023f7d72ae64498cd359,
2026-06-29 09:07:28.284+00,26.6,0ba3023f7d72ae64498cd359,
2026-06-29 09:05:03.235+00,26.6,0ba3023f7d72ae64498cd359,
2026-06-29 09:02:38.221+00,26.7,0ba3023f7d72ae64498cd359,
2026-06-29 09:00:13.253+00,26.8,0ba3023f7d72ae64498cd359,
2026-06-29 08:57:48.17+00,26.9,0ba3023f7d72ae64498cd359,
2026-06-29 08:55:23.237+00,26.9,0ba3023f7d72ae64498cd359,
2026-06-29 08:52:58.297+00,27,0ba3023f7d72ae64498cd359,
2026-06-29 08:50:33.22+00,27.2,0ba3023f7d72ae64498cd359,
2026-06-29 08:48:08.159+00,27.4,0ba3023f7d72ae64498cd359,
2026-06-29 08:45:43.256+00,27.6,0ba3023f7d72ae64498cd359,
2026-06-29 08:43:18.164+00,27.8,0ba3023f7d72ae64498cd359,
2026-06-29 08:40:53.218+00,28,0ba3023f7d72ae64498cd359,
2026-06-29 08:38:28.252+00,28.2,0ba3023f7d72ae64498cd359,
2026-06-29 08:36:03.232+00,51.4,0ba3023f7d72ae64498cd359,
2026-06-29 08:33:38.33+00,28.5,0ba3023f7d72ae64498cd359,
2026-06-29 08:31:13.279+00,28.8,0ba3023f7d72ae64498cd359,
2026-06-29 08:28:48.234+00,29,0ba3023f7d72ae64498cd359,
2026-06-29 08:26:23.251+00,29.2,0ba3023f7d72ae64498cd359,
2026-06-29 08:23:58.375+00,29.5,0ba3023f7d72ae64498cd359,
2026-06-29 08:21:33.249+00,29.6,0ba3023f7d72ae64498cd359,
2026-06-29 08:19:08.238+00,29.8,0ba3023f7d72ae64498cd359,
2026-06-29 08:16:43.202+00,29.9,0ba3023f7d72ae64498cd359,
2026-06-29 08:14:18.258+00,30.1,0ba3023f7d72ae64498cd359,
2026-06-29 08:09:37.788+00,30.3,0ba3023f7d72ae64498cd359,
2026-06-29 08:07:03.262+00,30.5,0ba3023f7d72ae64498cd359,
2026-06-29 08:04:38.244+00,30.5,0ba3023f7d72ae64498cd359,
2026-06-29 08:02:13.28+00,30.7,0ba3023f7d72ae64498cd359,
2026-06-29 07:59:48.264+00,31.1,0ba3023f7d72ae64498cd359,
2026-06-29 07:57:23.237+00,31.6,0ba3023f7d72ae64498cd359,
2026-06-29 07:54:58.291+00,31.9,0ba3023f7d72ae64498cd359,
2026-06-29 07:52:33.238+00,32.2,0ba3023f7d72ae64498cd359,
2026-06-29 07:50:08.128+00,32.5,0ba3023f7d72ae64498cd359,
2026-06-29 07:47:43.186+00,32.8,0ba3023f7d72ae64498cd359,
2026-06-29 07:45:18.16+00,33,0ba3023f7d72ae64498cd359,
2026-06-29 07:42:53.171+00,32.6,0ba3023f7d72ae64498cd359,
2026-06-29 07:40:28.184+00,32.4,0ba3023f7d72ae64498cd359,
2026-06-29 07:38:03.149+00,32.3,0ba3023f7d72ae64498cd359,
2026-06-29 07:35:38.161+00,32.2,0ba3023f7d72ae64498cd359,
2026-06-29 07:33:13.172+00,31.4,0ba3023f7d72ae64498cd359,
2026-06-29 07:30:48.156+00,30.7,0ba3023f7d72ae64498cd359,
2026-06-29 07:28:23.159+00,29.9,0ba3023f7d72ae64498cd359,
2026-06-29 07:25:58.166+00,29,0ba3023f7d72ae64498cd359,
2026-06-29 07:23:33.147+00,28.2,0ba3023f7d72ae64498cd359,
2026-06-29 07:21:08.2+00,27.3,0ba3023f7d72ae64498cd359,
2026-06-29 07:18:43.169+00,26.8,0ba3023f7d72ae64498cd359,
2026-06-29 07:16:18.156+00,26.7,0ba3023f7d72ae64498cd359,
2026-06-29 07:13:53.17+00,26.6,0ba3023f7d72ae64498cd359,
2026-06-29 07:11:28.173+00,26.5,0ba3023f7d72ae64498cd359,
2026-06-29 07:09:03.173+00,26.4,0ba3023f7d72ae64498cd359,
2026-06-29 07:06:38.12+00,26.4,0ba3023f7d72ae64498cd359,
2026-06-29 07:04:13.192+00,26.3,0ba3023f7d72ae64498cd359,
2026-06-29 07:01:48.125+00,26.2,0ba3023f7d72ae64498cd359,
2026-06-29 06:59:23.17+00,26.2,0ba3023f7d72ae64498cd359,
2026-06-29 06:56:58.174+00,26.2,0ba3023f7d72ae64498cd359,
2026-06-29 06:54:33.143+00,26.2,0ba3023f7d72ae64498cd359,
2026-06-29 06:52:08.139+00,26.1,0ba3023f7d72ae64498cd359,
2026-06-29 06:49:43.196+00,26.1,0ba3023f7d72ae64498cd359,
2026-06-29 06:47:18.141+00,26,0ba3023f7d72ae64498cd359,
2026-06-29 06:44:53.17+00,25.9,0ba3023f7d72ae64498cd359,
2026-06-29 06:42:28.221+00,25.9,0ba3023f7d72ae64498cd359,
2026-06-29 06:40:06.571+00,25.8,0ba3023f7d72ae64498cd359,
2026-06-29 06:37:38.155+00,25.8,0ba3023f7d72ae64498cd359,
2026-06-29 06:35:13.203+00,25.8,0ba3023f7d72ae64498cd359,
2026-06-29 06:32:48.099+00,25.7,0ba3023f7d72ae64498cd359,
2026-06-29 06:30:23.16+00,25.7,0ba3023f7d72ae64498cd359,
2026-06-29 06:27:58.208+00,25.7,0ba3023f7d72ae64498cd359,
2026-06-29 06:25:33.145+00,25.6,0ba3023f7d72ae64498cd359,
2026-06-29 06:23:08.169+00,25.5,0ba3023f7d72ae64498cd359,
2026-06-29 06:20:43.19+00,25.4,0ba3023f7d72ae64498cd359,
2026-06-29 06:18:18.163+00,25.3,0ba3023f7d72ae64498cd359,
2026-06-29 06:15:53.166+00,25.2,0ba3023f7d72ae64498cd359,
2026-06-29 06:13:28.2+00,25.1,0ba3023f7d72ae64498cd359,
2026-06-29 06:11:03.165+00,25,0ba3023f7d72ae64498cd359,
2026-06-29 06:08:38.158+00,25,0ba3023f7d72ae64498cd359,
2026-06-29 06:06:13.2+00,24.9,0ba3023f7d72ae64498cd359,
2026-06-29 06:03:48.128+00,24.8,0ba3023f7d72ae64498cd359,
2026-06-29 06:01:23.274+00,24.8,0ba3023f7d72ae64498cd359,
2026-06-29 05:58:58.142+00,67.8,0ba3023f7d72ae64498cd359,
2026-06-29 05:56:33.153+00,24.7,0ba3023f7d72ae64498cd359,
2026-06-29 05:54:08.158+00,24.6,0ba3023f7d72ae64498cd359,
2026-06-29 05:51:43.21+00,24.5,0ba3023f7d72ae64498cd359,
2026-06-29 05:49:18.284+00,24.4,0ba3023f7d72ae64498cd359,
2026-06-29 05:46:53.184+00,24.3,0ba3023f7d72ae64498cd359,
2026-06-29 05:44:28.193+00,24.2,0ba3023f7d72ae64498cd359,
2026-06-29 05:42:03.177+00,24.2,0ba3023f7d72ae64498cd359,
2026-06-29 05:37:20.574+00,24.1,0ba3023f7d72ae64498cd359,
2026-06-29 05:34:48.165+00,24.1,0ba3023f7d72ae64498cd359,
2026-06-29 05:32:23.134+00,24,0ba3023f7d72ae64498cd359,
2026-06-29 05:29:58.386+00,23.9,0ba3023f7d72ae64498cd359,
2026-06-29 05:27:33.112+00,23.9,0ba3023f7d72ae64498cd359,
2026-06-29 05:25:08.188+00,23.9,0ba3023f7d72ae64498cd359,
2026-06-29 05:22:43.231+00,23.9,0ba3023f7d72ae64498cd359,
2026-06-29 05:20:18.202+00,23.9,0ba3023f7d72ae64498cd359,
2026-06-29 05:17:53.195+00,23.9,0ba3023f7d72ae64498cd359,
2026-06-29 05:15:28.194+00,23.8,0ba3023f7d72ae64498cd359,
2026-06-29 05:13:03.094+00,23.7,0ba3023f7d72ae64498cd359,
2026-06-29 05:10:38.072+00,23.7,0ba3023f7d72ae64498cd359,
2026-06-29 05:08:13.253+00,23.6,0ba3023f7d72ae64498cd359,
2026-06-29 05:05:48.182+00,23.6,0ba3023f7d72ae64498cd359,
2026-06-29 05:03:23.241+00,23.6,0ba3023f7d72ae64498cd359,
2026-06-29 05:00:58.207+00,23.6,0ba3023f7d72ae64498cd359,
2026-06-29 04:58:33.124+00,23.6,0ba3023f7d72ae64498cd359,
2026-06-29 04:56:08.198+00,23.6,0ba3023f7d72ae64498cd359,
2026-06-29 04:53:43.215+00,23.5,0ba3023f7d72ae64498cd359,
2026-06-29 04:51:18.195+00,23.5,0ba3023f7d72ae64498cd359,
2026-06-29 04:48:53.192+00,23.5,0ba3023f7d72ae64498cd359,
2026-06-29 04:46:28.213+00,23.5,0ba3023f7d72ae64498cd359,
2026-06-29 04:44:03.1+00,23.4,0ba3023f7d72ae64498cd359,
2026-06-29 04:41:38.098+00,23.4,0ba3023f7d72ae64498cd359,
2026-06-29 04:39:13.113+00,23.3,0ba3023f7d72ae64498cd359,
2026-06-29 04:36:48.099+00,23.3,0ba3023f7d72ae64498cd359,
2026-06-29 04:34:23.079+00,23.2,0ba3023f7d72ae64498cd359,
2026-06-29 04:31:58.126+00,23.2,0ba3023f7d72ae64498cd359,
2026-06-29 04:29:33.094+00,23.1,0ba3023f7d72ae64498cd359,
2026-06-29 04:27:08.088+00,23.1,0ba3023f7d72ae64498cd359,
2026-06-29 04:24:47.614+00,23.1,0ba3023f7d72ae64498cd359,
2026-06-29 04:22:18.221+00,23.1,0ba3023f7d72ae64498cd359,
2026-06-29 04:19:53.097+00,23,0ba3023f7d72ae64498cd359,
2026-06-29 04:17:28.128+00,23,0ba3023f7d72ae64498cd359,
2026-06-29 04:15:03.11+00,22.9,0ba3023f7d72ae64498cd359,
2026-06-29 04:12:38.115+00,22.9,0ba3023f7d72ae64498cd359,
2026-06-29 04:10:13.172+00,22.9,0ba3023f7d72ae64498cd359,
2026-06-29 04:07:48.078+00,22.9,0ba3023f7d72ae64498cd359,
2026-06-29 04:05:23.13+00,22.8,0ba3023f7d72ae64498cd359,
2026-06-29 04:02:58.16+00,22.8,0ba3023f7d72ae64498cd359,
2026-06-29 04:00:33.133+00,22.8,0ba3023f7d72ae64498cd359,
2026-06-29 03:58:08.11+00,22.8,0ba3023f7d72ae64498cd359,
2026-06-29 03:55:43.187+00,22.8,0ba3023f7d72ae64498cd359,
2026-06-29 03:53:18.139+00,22.8,0ba3023f7d72ae64498cd359,
2026-06-29 03:50:53.105+00,22.7,0ba3023f7d72ae64498cd359,
2026-06-29 03:48:28.137+00,22.7,0ba3023f7d72ae64498cd359,
2026-06-29 03:46:03.108+00,22.6,0ba3023f7d72ae64498cd359,
2026-06-29 03:43:38.107+00,22.6,0ba3023f7d72ae64498cd359,
2026-06-29 03:41:13.165+00,22.6,0ba3023f7d72ae64498cd359,
2026-06-29 03:38:48.113+00,22.6,0ba3023f7d72ae64498cd359,
2026-06-29 03:36:23.116+00,22.6,0ba3023f7d72ae64498cd359,
2026-06-29 03:33:58.141+00,22.6,0ba3023f7d72ae64498cd359,
2026-06-29 03:31:33.107+00,22.7,0ba3023f7d72ae64498cd359,
2026-06-29 03:29:08.114+00,22.7,0ba3023f7d72ae64498cd359,
2026-06-29 03:26:43.163+00,22.8,0ba3023f7d72ae64498cd359,
2026-06-29 03:24:18.108+00,22.8,0ba3023f7d72ae64498cd359,
2026-06-29 03:21:53.105+00,22.9,0ba3023f7d72ae64498cd359,
2026-06-29 03:19:28.06+00,23,0ba3023f7d72ae64498cd359,
2026-06-29 03:14:47.286+00,23,0ba3023f7d72ae64498cd359,
2026-06-29 03:12:13.11+00,23.1,0ba3023f7d72ae64498cd359,
2026-06-29 03:09:48.137+00,23.2,0ba3023f7d72ae64498cd359,
2026-06-29 03:07:23.151+00,23.2,0ba3023f7d72ae64498cd359,
2026-06-29 03:04:58.114+00,23.3,0ba3023f7d72ae64498cd359,
2026-06-29 03:02:33.081+00,23.3,0ba3023f7d72ae64498cd359,
2026-06-29 03:00:08.109+00,23.4,0ba3023f7d72ae64498cd359,
2026-06-29 02:57:43.163+00,23.4,0ba3023f7d72ae64498cd359,
2026-06-29 02:55:18.123+00,23.4,0ba3023f7d72ae64498cd359,
2026-06-29 02:52:53.129+00,23.5,0ba3023f7d72ae64498cd359,
2026-06-29 02:50:28.125+00,23.5,0ba3023f7d72ae64498cd359,
2026-06-29 02:48:03.153+00,23.6,0ba3023f7d72ae64498cd359,
2026-06-29 02:45:38.154+00,23.6,0ba3023f7d72ae64498cd359,
2026-06-29 02:43:13.145+00,23.7,0ba3023f7d72ae64498cd359,
2026-06-29 02:40:48.161+00,23.7,0ba3023f7d72ae64498cd359,
2026-06-29 02:38:23.031+00,23.8,0ba3023f7d72ae64498cd359,
2026-06-29 02:35:58.045+00,23.9,0ba3023f7d72ae64498cd359,
2026-06-29 02:33:33.07+00,24,0ba3023f7d72ae64498cd359,
2026-06-29 02:31:08.332+00,24,0ba3023f7d72ae64498cd359,
2026-06-29 02:28:43.047+00,24.2,0ba3023f7d72ae64498cd359,
2026-06-29 02:26:18.051+00,24.4,0ba3023f7d72ae64498cd359,
2026-06-29 02:23:53.027+00,24.5,0ba3023f7d72ae64498cd359,
2026-06-29 02:21:28.025+00,24.7,0ba3023f7d72ae64498cd359,
2026-06-29 02:19:03.058+00,24.9,0ba3023f7d72ae64498cd359,
2026-06-29 02:16:38.052+00,25,0ba3023f7d72ae64498cd359,
2026-06-29 02:14:13.035+00,25.2,0ba3023f7d72ae64498cd359,
2026-06-29 02:11:48.056+00,25.3,0ba3023f7d72ae64498cd359,
2026-06-29 02:09:23.033+00,25.4,0ba3023f7d72ae64498cd359,
2026-06-29 02:06:58.029+00,25.6,0ba3023f7d72ae64498cd359,
2026-06-29 02:04:33.075+00,25.8,0ba3023f7d72ae64498cd359,
2026-06-29 02:02:08.034+00,26.1,0ba3023f7d72ae64498cd359,
2026-06-29 01:59:43.053+00,26.4,0ba3023f7d72ae64498cd359,
2026-06-29 01:57:18.643+00,26.4,0ba3023f7d72ae64498cd359,
2026-06-29 01:52:28.05+00,26.8,0ba3023f7d72ae64498cd359,
2026-06-29 01:50:03.033+00,27,0ba3023f7d72ae64498cd359,
2026-06-29 01:47:38.06+00,27.2,0ba3023f7d72ae64498cd359,
2026-06-29 01:45:13.031+00,27.3,0ba3023f7d72ae64498cd359,
2026-06-29 01:42:47.995+00,27.4,0ba3023f7d72ae64498cd359,
2026-06-29 01:40:23.032+00,27.6,0ba3023f7d72ae64498cd359,
2026-06-29 01:37:58.011+00,27.6,0ba3023f7d72ae64498cd359,
2026-06-29 01:35:33.054+00,27.6,0ba3023f7d72ae64498cd359,
2026-06-29 01:33:08.088+00,27.6,0ba3023f7d72ae64498cd359,
2026-06-29 01:30:43.022+00,27.6,0ba3023f7d72ae64498cd359,
2026-06-29 01:28:18.03+00,27.6,0ba3023f7d72ae64498cd359,
2026-06-29 01:25:53.09+00,27.6,0ba3023f7d72ae64498cd359,
2026-06-29 01:23:28.051+00,27.5,0ba3023f7d72ae64498cd359,
2026-06-29 01:21:03.104+00,27.5,0ba3023f7d72ae64498cd359,
2026-06-29 01:18:38.094+00,27.4,0ba3023f7d72ae64498cd359,
2026-06-29 01:16:13.045+00,27.3,0ba3023f7d72ae64498cd359,
2026-06-29 01:13:48.028+00,27.2,0ba3023f7d72ae64498cd359,
2026-06-29 01:11:23.058+00,27.2,0ba3023f7d72ae64498cd359,
2026-06-29 01:08:58.053+00,27.2,0ba3023f7d72ae64498cd359,
2026-06-29 01:06:33.064+00,27.1,0ba3023f7d72ae64498cd359,
2026-06-29 01:04:08.079+00,27.1,0ba3023f7d72ae64498cd359,
2026-06-29 01:01:43.061+00,27.1,0ba3023f7d72ae64498cd359,
2026-06-29 00:59:18.041+00,27,0ba3023f7d72ae64498cd359,
2026-06-29 00:56:53.077+00,26.9,0ba3023f7d72ae64498cd359,
2026-06-29 00:54:28.041+00,26.9,0ba3023f7d72ae64498cd359,
2026-06-29 00:52:03.18+00,26.8,0ba3023f7d72ae64498cd359,
2026-06-29 00:49:38.08+00,26.8,0ba3023f7d72ae64498cd359,
2026-06-29 00:47:13.052+00,26.8,0ba3023f7d72ae64498cd359,
2026-06-29 00:44:48.049+00,26.8,0ba3023f7d72ae64498cd359,
2026-06-29 00:42:23.036+00,26.8,0ba3023f7d72ae64498cd359,
2026-06-29 00:39:58.055+00,26.8,0ba3023f7d72ae64498cd359,
2026-06-29 00:37:33.025+00,26.8,0ba3023f7d72ae64498cd359,
2026-06-29 00:35:08.086+00,26.8,0ba3023f7d72ae64498cd359,
2026-06-29 00:32:43.044+00,26.8,0ba3023f7d72ae64498cd359,
2026-06-29 00:30:17.997+00,26.8,0ba3023f7d72ae64498cd359,
2026-06-29 00:27:53.308+00,26.8,0ba3023f7d72ae64498cd359,
2026-06-29 00:25:28.056+00,26.9,0ba3023f7d72ae64498cd359,
2026-06-29 00:23:03.068+00,26.9,0ba3023f7d72ae64498cd359,
2026-06-29 00:20:38.106+00,26.9,0ba3023f7d72ae64498cd359,
2026-06-29 00:18:13.04+00,27,0ba3023f7d72ae64498cd359,
2026-06-29 00:15:48.066+00,27,0ba3023f7d72ae64498cd359,
2026-06-29 00:13:23.101+00,27,0ba3023f7d72ae64498cd359,
2026-06-29 00:10:58.055+00,27.1,0ba3023f7d72ae64498cd359,
2026-06-29 00:08:33.052+00,27.1,0ba3023f7d72ae64498cd359,
2026-06-29 00:06:08.103+00,27.1,0ba3023f7d72ae64498cd359,
2026-06-29 00:03:43.27+00,27.2,0ba3023f7d72ae64498cd359,
2026-06-29 00:01:18.086+00,27.2,0ba3023f7d72ae64498cd359,
2026-06-28 23:58:53.078+00,27.2,0ba3023f7d72ae64498cd359,
2026-06-28 23:56:27.977+00,27.2,0ba3023f7d72ae64498cd359,
2026-06-28 23:54:02.956+00,27.3,0ba3023f7d72ae64498cd359,
2026-06-28 23:51:37.973+00,27.3,0ba3023f7d72ae64498cd359,
2026-06-28 23:49:12.961+00,27.3,0ba3023f7d72ae64498cd359,
2026-06-28 23:46:47.957+00,27.4,0ba3023f7d72ae64498cd359,
2026-06-28 23:44:23.005+00,27.4,0ba3023f7d72ae64498cd359,
2026-06-28 23:41:58.531+00,27.4,0ba3023f7d72ae64498cd359,
2026-06-28 23:37:08.001+00,27.6,0ba3023f7d72ae64498cd359,
2026-06-28 23:34:42.962+00,27.6,0ba3023f7d72ae64498cd359,
2026-06-28 23:32:17.952+00,27.6,0ba3023f7d72ae64498cd359,
2026-06-28 23:29:53.007+00,27.6,0ba3023f7d72ae64498cd359,
2026-06-28 23:27:27.968+00,27.7,0ba3023f7d72ae64498cd359,
2026-06-28 23:25:02.981+00,27.7,0ba3023f7d72ae64498cd359,
2026-06-28 23:22:38.003+00,27.8,0ba3023f7d72ae64498cd359,
2026-06-28 23:20:12.978+00,27.9,0ba3023f7d72ae64498cd359,
2026-06-28 23:17:47.999+00,27.9,0ba3023f7d72ae64498cd359,
2026-06-28 23:15:23.026+00,28,0ba3023f7d72ae64498cd359,
2026-06-28 23:12:57.987+00,28.1,0ba3023f7d72ae64498cd359,
2026-06-28 23:10:32.982+00,28.1,0ba3023f7d72ae64498cd359,
2026-06-28 23:08:08.011+00,28.2,0ba3023f7d72ae64498cd359,
2026-06-28 23:05:42.949+00,28.3,0ba3023f7d72ae64498cd359,
2026-06-28 23:03:17.991+00,28.4,0ba3023f7d72ae64498cd359,
2026-06-28 23:00:52.988+00,28.4,0ba3023f7d72ae64498cd359,
2026-06-28 22:58:27.986+00,28.5,0ba3023f7d72ae64498cd359,
2026-06-28 22:56:03.011+00,28.5,0ba3023f7d72ae64498cd359,
2026-06-28 22:53:38.004+00,28.6,0ba3023f7d72ae64498cd359,
2026-06-28 22:51:12.969+00,28.7,0ba3023f7d72ae64498cd359,
2026-06-28 22:48:47.937+00,28.8,0ba3023f7d72ae64498cd359,
2026-06-28 22:46:22.968+00,28.9,0ba3023f7d72ae64498cd359,
2026-06-28 22:43:57.942+00,28.9,0ba3023f7d72ae64498cd359,
2026-06-28 22:41:32.988+00,29,0ba3023f7d72ae64498cd359,
2026-06-28 22:39:08.23+00,29.1,0ba3023f7d72ae64498cd359,
2026-06-28 22:36:42.993+00,29.2,0ba3023f7d72ae64498cd359,
2026-06-28 22:34:17.992+00,29.4,0ba3023f7d72ae64498cd359,
2026-06-28 22:31:53.024+00,29.4,0ba3023f7d72ae64498cd359,
2026-06-28 22:29:27.988+00,29.5,0ba3023f7d72ae64498cd359,
2026-06-28 22:27:02.988+00,29.6,0ba3023f7d72ae64498cd359,
2026-06-28 22:24:37.97+00,29.7,0ba3023f7d72ae64498cd359,
2026-06-28 22:19:55.244+00,29.8,0ba3023f7d72ae64498cd359,
2026-06-28 22:17:23.024+00,29.9,0ba3023f7d72ae64498cd359,
2026-06-28 22:14:58.016+00,30,0ba3023f7d72ae64498cd359,
2026-06-28 22:12:32.976+00,30.1,0ba3023f7d72ae64498cd359,
2026-06-28 22:10:08.014+00,30.2,0ba3023f7d72ae64498cd359,
2026-06-28 22:07:43.005+00,40.4,0ba3023f7d72ae64498cd359,
2026-06-28 22:05:17.988+00,30.4,0ba3023f7d72ae64498cd359,
2026-06-28 22:02:53.023+00,30.4,0ba3023f7d72ae64498cd359,
2026-06-28 22:00:27.973+00,30.5,0ba3023f7d72ae64498cd359,
2026-06-28 21:58:02.994+00,30.5,0ba3023f7d72ae64498cd359,
2026-06-28 21:55:37.939+00,30.6,0ba3023f7d72ae64498cd359,
2026-06-28 21:53:13.012+00,30.6,0ba3023f7d72ae64498cd359,
2026-06-28 21:50:47.934+00,30.7,0ba3023f7d72ae64498cd359,
2026-06-28 21:48:22.985+00,30.7,0ba3023f7d72ae64498cd359,
2026-06-28 21:45:57.918+00,30.8,0ba3023f7d72ae64498cd359,
2026-06-28 21:43:32.945+00,30.9,0ba3023f7d72ae64498cd359,
2026-06-28 21:41:07.968+00,30.9,0ba3023f7d72ae64498cd359,
2026-06-28 21:38:42.925+00,31,0ba3023f7d72ae64498cd359,
2026-06-28 21:36:18.001+00,37.9,0ba3023f7d72ae64498cd359,
2026-06-28 21:33:53.037+00,31.1,0ba3023f7d72ae64498cd359,
2026-06-28 21:31:28.01+00,31.1,0ba3023f7d72ae64498cd359,
2026-06-28 21:29:03.017+00,31.1,0ba3023f7d72ae64498cd359,
2026-06-28 21:26:37.95+00,31.2,0ba3023f7d72ae64498cd359,
2026-06-28 21:24:12.933+00,31.2,0ba3023f7d72ae64498cd359,
2026-06-28 21:21:47.895+00,31.3,0ba3023f7d72ae64498cd359,
2026-06-28 21:19:22.925+00,31.3,0ba3023f7d72ae64498cd359,
2026-06-28 21:16:57.901+00,31.3,0ba3023f7d72ae64498cd359,
2026-06-28 21:14:32.944+00,31.4,0ba3023f7d72ae64498cd359,
2026-06-28 21:12:07.95+00,31.4,0ba3023f7d72ae64498cd359,
2026-06-28 21:09:44.68+00,31.4,0ba3023f7d72ae64498cd359,
2026-06-28 21:07:18.023+00,31.5,0ba3023f7d72ae64498cd359,
2026-06-28 21:04:53.171+00,31.5,0ba3023f7d72ae64498cd359,
2026-06-28 21:02:27.937+00,31.6,0ba3023f7d72ae64498cd359,
2026-06-28 21:00:02.927+00,31.6,0ba3023f7d72ae64498cd359,
2026-06-28 20:57:37.948+00,31.7,0ba3023f7d72ae64498cd359,
2026-06-28 20:55:12.951+00,31.7,0ba3023f7d72ae64498cd359,
2026-06-28 20:52:47.915+00,31.7,0ba3023f7d72ae64498cd359,
2026-06-28 20:50:22.955+00,31.8,0ba3023f7d72ae64498cd359,
2026-06-28 20:47:57.908+00,31.8,0ba3023f7d72ae64498cd359,
2026-06-28 20:45:33.032+00,31.9,0ba3023f7d72ae64498cd359,
2026-06-28 20:43:07.969+00,31.9,0ba3023f7d72ae64498cd359,
2026-06-28 20:40:42.951+00,31.9,0ba3023f7d72ae64498cd359,
2026-06-28 20:38:17.934+00,32,0ba3023f7d72ae64498cd359,
2026-06-28 20:35:52.966+00,32,0ba3023f7d72ae64498cd359,
2026-06-28 20:33:27.937+00,32,0ba3023f7d72ae64498cd359,
2026-06-28 20:31:02.9+00,32.1,0ba3023f7d72ae64498cd359,
2026-06-28 20:28:37.941+00,32.1,0ba3023f7d72ae64498cd359,
2026-06-28 20:26:12.974+00,32.1,0ba3023f7d72ae64498cd359,
2026-06-28 20:23:47.916+00,32.1,0ba3023f7d72ae64498cd359,
2026-06-28 20:21:22.954+00,32.1,0ba3023f7d72ae64498cd359,
2026-06-28 20:18:57.938+00,32.1,0ba3023f7d72ae64498cd359,
2026-06-28 20:16:32.943+00,32.1,0ba3023f7d72ae64498cd359,
2026-06-28 20:14:07.957+00,32.2,0ba3023f7d72ae64498cd359,
2026-06-28 20:11:42.939+00,32.2,0ba3023f7d72ae64498cd359,
2026-06-28 20:09:17.908+00,32.2,0ba3023f7d72ae64498cd359,
2026-06-28 20:06:52.96+00,32.2,0ba3023f7d72ae64498cd359,
2026-06-28 20:04:27.936+00,32.3,0ba3023f7d72ae64498cd359,
2026-06-28 19:59:52.358+00,32.3,0ba3023f7d72ae64498cd359,
2026-06-28 19:57:12.91+00,32.4,0ba3023f7d72ae64498cd359,
2026-06-28 19:54:47.954+00,32.4,0ba3023f7d72ae64498cd359,
2026-06-28 19:52:22.947+00,32.5,0ba3023f7d72ae64498cd359,
2026-06-28 19:49:57.931+00,32.5,0ba3023f7d72ae64498cd359,
2026-06-28 19:47:32.979+00,32.5,0ba3023f7d72ae64498cd359,
2026-06-28 19:45:07.987+00,32.6,0ba3023f7d72ae64498cd359,
2026-06-28 19:42:42.927+00,32.6,0ba3023f7d72ae64498cd359,
2026-06-28 19:40:17.924+00,32.7,0ba3023f7d72ae64498cd359,
2026-06-28 19:37:52.974+00,32.8,0ba3023f7d72ae64498cd359,
2026-06-28 19:35:27.956+00,32.8,0ba3023f7d72ae64498cd359,
2026-06-28 19:33:02.922+00,32.9,0ba3023f7d72ae64498cd359,
2026-06-28 19:30:37.962+00,33,0ba3023f7d72ae64498cd359,
2026-06-28 19:28:12.967+00,33.1,0ba3023f7d72ae64498cd359,
2026-06-28 19:25:47.946+00,33.2,0ba3023f7d72ae64498cd359,
2026-06-28 19:23:22.976+00,33.2,0ba3023f7d72ae64498cd359,
2026-06-28 19:20:57.947+00,33.3,0ba3023f7d72ae64498cd359,
2026-06-28 19:18:32.951+00,33.4,0ba3023f7d72ae64498cd359,
2026-06-28 19:16:07.885+00,33.5,0ba3023f7d72ae64498cd359,
2026-06-28 19:13:42.955+00,33.5,0ba3023f7d72ae64498cd359,
2026-06-28 19:11:17.852+00,33.6,0ba3023f7d72ae64498cd359,
2026-06-28 19:08:53.017+00,33.6,0ba3023f7d72ae64498cd359,
2026-06-28 19:06:27.95+00,36.1,0ba3023f7d72ae64498cd359,
2026-06-28 19:04:02.932+00,33.8,0ba3023f7d72ae64498cd359,
2026-06-28 19:01:37.891+00,33.9,0ba3023f7d72ae64498cd359,
2026-06-28 18:59:13.187+00,34,0ba3023f7d72ae64498cd359,
2026-06-28 18:56:47.989+00,34,0ba3023f7d72ae64498cd359,
2026-06-28 18:54:22.996+00,34.1,0ba3023f7d72ae64498cd359,
2026-06-28 18:49:42.573+00,34.1,0ba3023f7d72ae64498cd359,
2026-06-28 18:47:07.961+00,34.2,0ba3023f7d72ae64498cd359,
2026-06-28 18:44:42.875+00,34.3,0ba3023f7d72ae64498cd359,
2026-06-28 18:42:17.991+00,34.4,0ba3023f7d72ae64498cd359,
2026-06-28 18:39:52.872+00,34.5,0ba3023f7d72ae64498cd359,
2026-06-28 18:37:27.879+00,34.5,0ba3023f7d72ae64498cd359,
2026-06-28 18:35:02.849+00,34.6,0ba3023f7d72ae64498cd359,
2026-06-28 18:32:37.854+00,34.7,0ba3023f7d72ae64498cd359,
2026-06-28 18:30:12.962+00,34.8,0ba3023f7d72ae64498cd359,
2026-06-28 18:27:47.869+00,34.8,0ba3023f7d72ae64498cd359,
2026-06-28 18:25:22.878+00,34.9,0ba3023f7d72ae64498cd359,
2026-06-28 18:22:57.897+00,34.9,0ba3023f7d72ae64498cd359,
2026-06-28 18:20:32.848+00,35,0ba3023f7d72ae64498cd359,
2026-06-28 18:18:07.955+00,35.1,0ba3023f7d72ae64498cd359,
2026-06-28 18:15:42.891+00,35.1,0ba3023f7d72ae64498cd359,
2026-06-28 18:13:17.882+00,35.3,0ba3023f7d72ae64498cd359,
2026-06-28 18:10:52.847+00,35.4,0ba3023f7d72ae64498cd359,
2026-06-28 18:08:27.881+00,35.5,0ba3023f7d72ae64498cd359,
2026-06-28 18:06:02.876+00,35.6,0ba3023f7d72ae64498cd359,
2026-06-28 18:03:37.851+00,35.6,0ba3023f7d72ae64498cd359,
2026-06-28 18:01:12.898+00,35.7,0ba3023f7d72ae64498cd359,
2026-06-28 17:58:47.861+00,35.8,0ba3023f7d72ae64498cd359,
2026-06-28 17:56:22.869+00,35.8,0ba3023f7d72ae64498cd359,
2026-06-28 17:53:57.913+00,35.9,0ba3023f7d72ae64498cd359,
2026-06-28 17:51:32.87+00,36,0ba3023f7d72ae64498cd359,
2026-06-28 17:49:07.856+00,36.1,0ba3023f7d72ae64498cd359,
2026-06-28 17:46:42.88+00,36.2,0ba3023f7d72ae64498cd359,
2026-06-28 17:44:17.865+00,36.4,0ba3023f7d72ae64498cd359,
2026-06-28 17:41:52.885+00,36.5,0ba3023f7d72ae64498cd359,
2026-06-28 17:39:27.903+00,36.5,0ba3023f7d72ae64498cd359,
2026-06-28 17:37:02.907+00,36.6,0ba3023f7d72ae64498cd359,
2026-06-28 17:34:37.866+00,36.7,0ba3023f7d72ae64498cd359,
2026-06-28 17:32:12.919+00,36.7,0ba3023f7d72ae64498cd359,
2026-06-28 17:27:30.501+00,36.7,0ba3023f7d72ae64498cd359,
2026-06-28 17:24:57.915+00,36.9,0ba3023f7d72ae64498cd359,
2026-06-28 17:22:32.92+00,37,0ba3023f7d72ae64498cd359,
2026-06-28 17:20:07.88+00,37,0ba3023f7d72ae64498cd359,
2026-06-28 17:17:42.872+00,37,0ba3023f7d72ae64498cd359,
2026-06-28 17:15:17.939+00,37.1,0ba3023f7d72ae64498cd359,
2026-06-28 17:12:52.904+00,37.2,0ba3023f7d72ae64498cd359,
2026-06-28 17:10:27.874+00,37.2,0ba3023f7d72ae64498cd359,
2026-06-28 17:08:02.944+00,37.3,0ba3023f7d72ae64498cd359,
2026-06-28 17:05:37.877+00,37.4,0ba3023f7d72ae64498cd359,
2026-06-28 17:03:12.821+00,37.5,0ba3023f7d72ae64498cd359,
2026-06-28 17:00:47.931+00,37.6,0ba3023f7d72ae64498cd359,
2026-06-28 16:58:22.873+00,37.6,0ba3023f7d72ae64498cd359,
2026-06-28 16:55:57.879+00,37.7,0ba3023f7d72ae64498cd359,
2026-06-28 16:53:32.92+00,37.8,0ba3023f7d72ae64498cd359,
2026-06-28 16:51:07.9+00,37.9,0ba3023f7d72ae64498cd359,
2026-06-28 16:48:42.914+00,37.9,0ba3023f7d72ae64498cd359,
2026-06-28 16:46:17.907+00,38,0ba3023f7d72ae64498cd359,
2026-06-28 16:43:52.973+00,38.1,0ba3023f7d72ae64498cd359,
2026-06-28 16:41:27.921+00,38.2,0ba3023f7d72ae64498cd359,
2026-06-28 16:39:02.913+00,38.3,0ba3023f7d72ae64498cd359,
2026-06-28 16:36:37.88+00,38.4,0ba3023f7d72ae64498cd359,
2026-06-28 16:34:12.892+00,38.5,0ba3023f7d72ae64498cd359,
2026-06-28 16:31:47.842+00,38.6,0ba3023f7d72ae64498cd359,
2026-06-28 16:29:22.892+00,38.7,0ba3023f7d72ae64498cd359,
2026-06-28 16:26:57.807+00,38.8,0ba3023f7d72ae64498cd359,
2026-06-28 16:24:32.936+00,38.9,0ba3023f7d72ae64498cd359,
2026-06-28 16:22:07.913+00,39,0ba3023f7d72ae64498cd359,
2026-06-28 16:17:24.971+00,39.1,0ba3023f7d72ae64498cd359,
2026-06-28 16:14:52.785+00,39.2,0ba3023f7d72ae64498cd359,
2026-06-28 16:12:27.765+00,39.3,0ba3023f7d72ae64498cd359,
2026-06-28 16:10:02.845+00,39.4,0ba3023f7d72ae64498cd359,
2026-06-28 16:07:37.797+00,39.6,0ba3023f7d72ae64498cd359,
2026-06-28 16:05:12.769+00,39.7,0ba3023f7d72ae64498cd359,
2026-06-28 16:02:47.826+00,39.8,0ba3023f7d72ae64498cd359,
2026-06-28 16:00:22.809+00,39.9,0ba3023f7d72ae64498cd359,
2026-06-28 15:57:57.778+00,40,0ba3023f7d72ae64498cd359,
2026-06-28 15:55:32.814+00,40,0ba3023f7d72ae64498cd359,
2026-06-28 15:53:07.783+00,40.1,0ba3023f7d72ae64498cd359,
2026-06-28 15:50:42.791+00,40.1,0ba3023f7d72ae64498cd359,
2026-06-28 15:48:17.829+00,40.2,0ba3023f7d72ae64498cd359,
2026-06-28 15:45:52.809+00,40.3,0ba3023f7d72ae64498cd359,
2026-06-28 15:43:27.844+00,40.4,0ba3023f7d72ae64498cd359,
2026-06-28 15:41:02.841+00,40.4,0ba3023f7d72ae64498cd359,
2026-06-28 15:38:37.825+00,40.4,0ba3023f7d72ae64498cd359,
2026-06-28 15:36:12.814+00,40.4,0ba3023f7d72ae64498cd359,
2026-06-28 15:33:47.852+00,40.4,0ba3023f7d72ae64498cd359,
2026-06-28 15:31:22.838+00,40.4,0ba3023f7d72ae64498cd359,
2026-06-28 15:28:57.851+00,40.4,0ba3023f7d72ae64498cd359,
2026-06-28 15:26:32.827+00,40.4,0ba3023f7d72ae64498cd359,
2026-06-28 15:24:07.883+00,40.4,0ba3023f7d72ae64498cd359,
2026-06-28 15:21:42.822+00,40.5,0ba3023f7d72ae64498cd359,
2026-06-28 15:19:17.854+00,40.5,0ba3023f7d72ae64498cd359,
2026-06-28 15:16:52.823+00,40.5,0ba3023f7d72ae64498cd359,
2026-06-28 15:14:27.812+00,40.5,0ba3023f7d72ae64498cd359,
2026-06-28 15:12:02.838+00,40.6,0ba3023f7d72ae64498cd359,
2026-06-28 15:09:37.757+00,40.7,0ba3023f7d72ae64498cd359,
2026-06-28 15:05:00.958+00,40.7,0ba3023f7d72ae64498cd359,
2026-06-28 15:02:22.783+00,40.6,0ba3023f7d72ae64498cd359,
2026-06-28 14:59:57.793+00,40.6,0ba3023f7d72ae64498cd359,
2026-06-28 14:57:32.89+00,40.6,0ba3023f7d72ae64498cd359,
2026-06-28 14:55:07.854+00,40.6,0ba3023f7d72ae64498cd359,
2026-06-28 14:52:42.839+00,40.6,0ba3023f7d72ae64498cd359,
2026-06-28 14:50:17.89+00,40.6,0ba3023f7d72ae64498cd359,
2026-06-28 14:47:52.848+00,40.7,0ba3023f7d72ae64498cd359,
2026-06-28 14:45:27.848+00,40.7,0ba3023f7d72ae64498cd359,
2026-06-28 14:43:02.876+00,40.7,0ba3023f7d72ae64498cd359,
2026-06-28 14:40:37.834+00,40.7,0ba3023f7d72ae64498cd359,
2026-06-28 14:38:12.824+00,40.7,0ba3023f7d72ae64498cd359,
2026-06-28 14:35:47.777+00,40.7,0ba3023f7d72ae64498cd359,
2026-06-28 14:33:22.846+00,40.7,0ba3023f7d72ae64498cd359,
2026-06-28 14:30:57.843+00,40.7,0ba3023f7d72ae64498cd359,
2026-06-28 14:28:32.849+00,40.8,0ba3023f7d72ae64498cd359,
2026-06-28 14:26:07.829+00,40.8,0ba3023f7d72ae64498cd359,
2026-06-28 14:23:42.828+00,40.9,0ba3023f7d72ae64498cd359,
2026-06-28 14:21:17.854+00,40.9,0ba3023f7d72ae64498cd359,
2026-06-28 14:18:52.948+00,40.9,0ba3023f7d72ae64498cd359,
2026-06-28 14:16:27.836+00,40.9,0ba3023f7d72ae64498cd359,
2026-06-28 14:14:02.949+00,40.9,0ba3023f7d72ae64498cd359,
2026-06-28 14:11:37.849+00,41,0ba3023f7d72ae64498cd359,
2026-06-28 14:09:12.867+00,41,0ba3023f7d72ae64498cd359,
2026-06-28 14:06:47.871+00,41.1,0ba3023f7d72ae64498cd359,
2026-06-28 14:04:22.823+00,41.1,0ba3023f7d72ae64498cd359,
2026-06-28 14:01:57.837+00,41.2,0ba3023f7d72ae64498cd359,
2026-06-28 13:59:32.876+00,41.3,0ba3023f7d72ae64498cd359,
2026-06-28 13:54:51.835+00,41.4,0ba3023f7d72ae64498cd359,
2026-06-28 13:52:17.895+00,41.4,0ba3023f7d72ae64498cd359,
2026-06-28 13:49:52.769+00,41.4,0ba3023f7d72ae64498cd359,
2026-06-28 13:47:27.765+00,41.4,0ba3023f7d72ae64498cd359,
2026-06-28 13:45:02.878+00,41.4,0ba3023f7d72ae64498cd359,
2026-06-28 13:42:37.834+00,41.4,0ba3023f7d72ae64498cd359,
2026-06-28 13:40:12.842+00,41.4,0ba3023f7d72ae64498cd359,
2026-06-28 13:37:47.765+00,41.5,0ba3023f7d72ae64498cd359,
2026-06-28 13:35:22.84+00,41.5,0ba3023f7d72ae64498cd359,
2026-06-28 13:32:57.785+00,41.5,0ba3023f7d72ae64498cd359,
2026-06-28 13:30:32.762+00,41.6,0ba3023f7d72ae64498cd359,
2026-06-28 13:28:07.735+00,41.7,0ba3023f7d72ae64498cd359,
2026-06-28 13:25:42.718+00,41.8,0ba3023f7d72ae64498cd359,
2026-06-28 13:23:17.783+00,41.8,0ba3023f7d72ae64498cd359,
2026-06-28 13:20:52.742+00,41.9,0ba3023f7d72ae64498cd359,
2026-06-28 13:18:27.737+00,41.9,0ba3023f7d72ae64498cd359,
2026-06-28 13:16:02.786+00,41.9,0ba3023f7d72ae64498cd359,
2026-06-28 13:13:37.757+00,41.9,0ba3023f7d72ae64498cd359,
2026-06-28 13:11:12.766+00,41.9,0ba3023f7d72ae64498cd359,
2026-06-28 13:08:47.768+00,41.9,0ba3023f7d72ae64498cd359,
2026-06-28 13:06:22.746+00,24.1,0ba3023f7d72ae64498cd359,
2026-06-28 13:03:57.729+00,42,0ba3023f7d72ae64498cd359,
2026-06-28 13:01:32.771+00,42.1,0ba3023f7d72ae64498cd359,
2026-06-28 12:59:07.763+00,42.2,0ba3023f7d72ae64498cd359,
2026-06-28 12:56:42.855+00,42.4,0ba3023f7d72ae64498cd359,
2026-06-28 12:54:17.803+00,42.5,0ba3023f7d72ae64498cd359,
2026-06-28 12:49:32.986+00,42.5,0ba3023f7d72ae64498cd359,
2026-06-28 12:47:02.797+00,42.6,0ba3023f7d72ae64498cd359,
2026-06-28 12:44:37.758+00,42.6,0ba3023f7d72ae64498cd359,
2026-06-28 12:42:12.852+00,42.6,0ba3023f7d72ae64498cd359,
2026-06-28 12:39:47.811+00,42.6,0ba3023f7d72ae64498cd359,
2026-06-28 12:37:22.757+00,42.7,0ba3023f7d72ae64498cd359,
2026-06-28 12:34:57.749+00,42.8,0ba3023f7d72ae64498cd359,
2026-06-28 12:32:32.773+00,43,0ba3023f7d72ae64498cd359,
2026-06-28 12:30:07.761+00,43.1,0ba3023f7d72ae64498cd359,
2026-06-28 12:27:42.756+00,43.2,0ba3023f7d72ae64498cd359,
2026-06-28 12:25:17.77+00,43.3,0ba3023f7d72ae64498cd359,
2026-06-28 12:22:52.73+00,43.4,0ba3023f7d72ae64498cd359,
2026-06-28 12:20:27.762+00,43.5,0ba3023f7d72ae64498cd359,
2026-06-28 12:18:03.361+00,43.5,0ba3023f7d72ae64498cd359,
2026-06-28 12:13:12.765+00,43.5,0ba3023f7d72ae64498cd359,
2026-06-28 12:10:47.799+00,43.5,0ba3023f7d72ae64498cd359,
2026-06-28 12:08:22.753+00,43.5,0ba3023f7d72ae64498cd359,
2026-06-28 12:05:57.766+00,43.5,0ba3023f7d72ae64498cd359,
2026-06-28 12:03:32.803+00,43.5,0ba3023f7d72ae64498cd359,
2026-06-28 12:01:07.752+00,43.4,0ba3023f7d72ae64498cd359,
2026-06-28 11:58:42.764+00,43.4,0ba3023f7d72ae64498cd359,
2026-06-28 11:56:17.903+00,43.4,0ba3023f7d72ae64498cd359,
2026-06-28 11:53:52.788+00,43.2,0ba3023f7d72ae64498cd359,
2026-06-28 11:51:27.774+00,43.1,0ba3023f7d72ae64498cd359,
2026-06-28 11:49:02.792+00,43,0ba3023f7d72ae64498cd359,
2026-06-28 11:46:37.795+00,42.7,0ba3023f7d72ae64498cd359,
2026-06-28 11:44:12.761+00,42.6,0ba3023f7d72ae64498cd359,
2026-06-28 11:41:47.813+00,42.5,0ba3023f7d72ae64498cd359,
2026-06-28 11:39:22.786+00,42.5,0ba3023f7d72ae64498cd359,
2026-06-28 11:36:57.759+00,42.6,0ba3023f7d72ae64498cd359,
2026-06-28 11:34:32.793+00,42.8,0ba3023f7d72ae64498cd359,
2026-06-28 11:29:52.09+00,43,0ba3023f7d72ae64498cd359,
2026-06-28 11:27:17.802+00,43.1,0ba3023f7d72ae64498cd359,
2026-06-28 11:24:52.779+00,43.4,0ba3023f7d72ae64498cd359,
2026-06-28 11:22:27.782+00,43.7,0ba3023f7d72ae64498cd359,
2026-06-28 11:20:02.813+00,43.9,0ba3023f7d72ae64498cd359,
2026-06-28 11:17:37.765+00,44,0ba3023f7d72ae64498cd359,
2026-06-28 11:15:12.766+00,44.1,0ba3023f7d72ae64498cd359,
2026-06-28 11:12:47.837+00,43.9,0ba3023f7d72ae64498cd359,
2026-06-28 11:10:22.88+00,43.9,0ba3023f7d72ae64498cd359,
2026-06-28 11:07:57.674+00,44.1,0ba3023f7d72ae64498cd359,
2026-06-28 11:05:32.807+00,44.3,0ba3023f7d72ae64498cd359,
2026-06-28 11:03:07.679+00,44.5,0ba3023f7d72ae64498cd359,